JSON,Tipo,Status,Original,Referencia,Margem_solicitada,Margem_efetiva,BBox_original,BBox_ampliada,SHA256_original,Sem_margem,Com_margem,Erro
Apto_2023-04-22_05-00-33_2023-04-28_05-42-24\dados_vistoria_Chassi-Motor-LABELED.json,Chassi,OK,Apto_2023-04-22_05-00-33_2023-04-28_05-42-24\imgs\422_da4f8a80-24ca-49ef-ba52-05abf028e911.jpg,9BD2651JHK9125421,0.1,0.1,"[[231, 681], [223, 286], [405, 286], [428, 636]]","[[211.95000000000002, 725.45], [204.15, 246.04999999999998], [420.75, 251.44999999999996], [450.1500000000001, 666.0500000000001]]",89b8c3c2617d89d07c5b83550af860c40bb6362f8a653e3f3ba16f03e641d8c9,sem_margem\Apto_2023-04-22_05-00-33_2023-04-28_05-42-24\000_Chassi_422_da4f8a80-24ca-49ef-ba52-05abf028e911.png,com_margem\Apto_2023-04-22_05-00-33_2023-04-28_05-42-24\000_Chassi_422_da4f8a80-24ca-49ef-ba52-05abf028e911.png,
Apto_2023-04-22_05-00-33_2023-04-28_05-42-24\dados_vistoria_Chassi-Motor-LABELED.json,Motor,OK,Apto_2023-04-22_05-00-33_2023-04-28_05-42-24\imgs\422_e3e3c320-cddc-41c9-9c67-896ca534072f.jpg,327A0113421213,0.1,0.1,"[[113, 45], [113, 135], [53, 135], [52, 45]]","[[119.11000000000001, 36.00000000000001], [118.99000000000001, 144.0], [47.10999999999999, 144.0], [45.78999999999999, 36.00000000000001]]",94cc0687e376c53b3afaa43f104e99c53e8bfd1ff12c5196099eb57848663d86,sem_margem\Apto_2023-04-22_05-00-33_2023-04-28_05-42-24\000_Motor_422_e3e3c320-cddc-41c9-9c67-896ca534072f.png,com_margem\Apto_2023-04-22_05-00-33_2023-04-28_05-42-24\000_Motor_422_e3e3c320-cddc-41c9-9c67-896ca534072f.png,
Apto_2023-04-24_06-45-32_2023-04-24_10-22-03\dados_vistoria_Chassi-Motor-LABELED.json,Chassi,OK,Apto_2023-04-24_06-45-32_2023-04-24_10-22-03\imgs\481_e20e927f-b7cb-4917-a0ec-0bc62c5b1cec.jpg,9C2ND1110DR018878,0.1,0.1,"[[251, 608], [221, 296], [282, 288], [304, 596]]","[[248.78000000000003, 640.44], [211.82, 265.56], [285.97999999999996, 256.44], [311.42, 625.5600000000001]]",2e9c60e323ed821cbfe96759333523f51cc051111302390a06112867e8fb60d6,sem_margem\Apto_2023-04-24_06-45-32_2023-04-24_10-22-03\000_Chassi_481_e20e927f-b7cb-4917-a0ec-0bc62c5b1cec.png,com_margem\Apto_2023-04-24_06-45-32_2023-04-24_10-22-03\000_Chassi_481_e20e927f-b7cb-4917-a0ec-0bc62c5b1cec.png,
Apto_2023-04-24_06-45-32_2023-04-24_10-22-03\dados_vistoria_Chassi-Motor-LABELED.json,Motor,OK,Apto_2023-04-24_06-45-32_2023-04-24_10-22-03\imgs\481_2bd84f76-b0dd-43f2-8ac7-f7e5a19228ec.jpg,ND11E1D018878,0.1,0.1,"[[63, 87], [154, 90], [150, 140], [60, 136]]","[[54.19000000000002, 81.81], [163.51000000000002, 85.29], [158.59000000000003, 145.41000000000003], [50.71, 140.49]]",a0ca5f826d23f757ccfee6228acd87729a1b8ed7a412b547a3889fd28cf26af5,sem_margem\Apto_2023-04-24_06-45-32_2023-04-24_10-22-03\000_Motor_481_2bd84f76-b0dd-43f2-8ac7-f7e5a19228ec.png,com_margem\Apto_2023-04-24_06-45-32_2023-04-24_10-22-03\000_Motor_481_2bd84f76-b0dd-43f2-8ac7-f7e5a19228ec.png,
Apto_2023-04-24_12-33-33_2023-04-24_13-08-09\dados_vistoria_Chassi-Motor-LABELED.json,Chassi,OK,Apto_2023-04-24_12-33-33_2023-04-24_13-08-09\imgs\553_c9ed6d98-716d-44e9-ae2f-96629e3c08d6.jpg,9C2PC42108R500145,0.1,0.1,"[[229, 740], [184, 263], [249, 259], [294, 732]]","[[227.00000000000003, 788.5400000000002], [173.0, 215.65999999999997], [251.0, 211.33999999999992], [305.00000000000006, 778.46]]",5aed63a817858123bfca53953a3eeed3c7e623ea4843613043874ee2105c6315,sem_margem\Apto_2023-04-24_12-33-33_2023-04-24_13-08-09\000_Chassi_553_c9ed6d98-716d-44e9-ae2f-96629e3c08d6.png,com_margem\Apto_2023-04-24_12-33-33_2023-04-24_13-08-09\000_Chassi_553_c9ed6d98-716d-44e9-ae2f-96629e3c08d6.png,
Apto_2023-04-24_12-33-33_2023-04-24_13-08-09\dados_vistoria_Chassi-Motor-LABELED.json,Motor,OK,Apto_2023-04-24_12-33-33_2023-04-24_13-08-09\imgs\553_57f26675-5568-43f0-a9ad-0fa02ec6d79b.jpg,PC42E-8500145,0.1,0.08381445021889469,"[[176, 54], [175, 205], [32, 206], [47, 55]]","[[186.79753045953936, 41.26020356672801], [187.0, 217.5721675328342], [18.658968796497707, 218.73979643327198], [37.543500743962944, 42.4278324671658]]",8dfad9c932a38976cfbc9a01dcc998fc6424c878d9b345005666b5864216fd51,sem_margem\Apto_2023-04-24_12-33-33_2023-04-24_13-08-09\000_Motor_553_57f26675-5568-43f0-a9ad-0fa02ec6d79b.png,com_margem\Apto_2023-04-24_12-33-33_2023-04-24_13-08-09\000_Motor_553_57f26675-5568-43f0-a9ad-0fa02ec6d79b.png,
Apto_2023-04-24_13-33-12_2023-04-24_13-54-02\dados_vistoria_Chassi-Motor-LABELED.json,Chassi,OK,Apto_2023-04-24_13-33-12_2023-04-24_13-54-02\imgs\564_b04d8253-8611-4fd3-8e57-402bf79e639d.jpg,98ZCLAS01PG003587,0.1,0.1,"[[407, 77], [405, 762], [334, 762], [322, 79]]","[[415.84000000000003, 8.280000000000008], [411.76000000000005, 830.52], [328.24, 830.28], [312.16, 10.920000000000002]]",0fb9235456c716b3d6152f376a3c53c021250dbf1654b3e65afc4ef1931bf64b,sem_margem\Apto_2023-04-24_13-33-12_2023-04-24_13-54-02\000_Chassi_564_b04d8253-8611-4fd3-8e57-402bf79e639d.png,com_margem\Apto_2023-04-24_13-33-12_2023-04-24_13-54-02\000_Chassi_564_b04d8253-8611-4fd3-8e57-402bf79e639d.png,
Apto_2023-04-24_13-33-12_2023-04-24_13-54-02\dados_vistoria_Chassi-Motor-LABELED.json,Motor,AUSENCIA_DECLARADA,,000000000000,0.1,,,,,,,
Apto_2023-04-25_03-56-20_2023-04-25_04-56-33\dados_vistoria_Chassi-Motor-LABELED.json,Chassi,OK,Apto_2023-04-25_03-56-20_2023-04-25_04-56-33\imgs\567_ed5ccb92-5199-49e2-976d-3d211ddabc22.jpg,9BFEXXL38JD69086,0.1,0.1,"[[103, 786], [146, 130], [221, 136], [166, 784]]","[[92.52000000000001, 851.8800000000002], [142.68, 63.71999999999993], [234.11999999999998, 71.87999999999994], [166.68000000000004, 848.52]]",8475d1b77e3a6787e3d3c70416b88f76c876c1cfe108907416f34e3fe28d1f54,sem_margem\Apto_2023-04-25_03-56-20_2023-04-25_04-56-33\000_Chassi_567_ed5ccb92-5199-49e2-976d-3d211ddabc22.png,com_margem\Apto_2023-04-25_03-56-20_2023-04-25_04-56-33\000_Chassi_567_ed5ccb92-5199-49e2-976d-3d211ddabc22.png,
Apto_2023-04-25_03-56-20_2023-04-25_04-56-33\dados_vistoria_Chassi-Motor-LABELED.json,Motor,OK,Apto_2023-04-25_03-56-20_2023-04-25_04-56-33\imgs\567_935ea9a9-a2af-469e-b27c-c8adfc5efad2.jpg,22904158393,0.1,0.09985754956848843,"[[97, 76], [236, 68], [235, 95], [98, 104]]","[[82.99999999999997, 73.99287747842442], [250.0, 64.51495729530873], [248.5606836809028, 96.78746436202697], [84.43931631909723, 107.7047008642399]]",f727d2cc92653af24fa5fd41663e7cc9ef1a281f67b39b87196df386145ee722,sem_margem\Apto_2023-04-25_03-56-20_2023-04-25_04-56-33\000_Motor_567_935ea9a9-a2af-469e-b27c-c8adfc5efad2.png,com_margem\Apto_2023-04-25_03-56-20_2023-04-25_04-56-33\000_Motor_567_935ea9a9-a2af-469e-b27c-c8adfc5efad2.png,
Apto_2023-04-25_06-08-07_2023-04-25_06-53-54\dados_vistoria_Chassi-Motor-LABELED.json,Chassi,OK,Apto_2023-04-25_06-08-07_2023-04-25_06-53-54\imgs\608_6b55104c-0e1a-475f-a52d-d3dcf576eabd.jpg,8AJFY22G6D8007663,0.1,0.1,"[[564, 350], [591, 1614], [421, 1618], [406, 361]]","[[576.9800000000001, 222.43000000000004], [610.82, 1740.0700000000002], [405.38, 1744.03], [388.82, 236.47000000000003]]",deddf2d7fd7a6b9148c76a8d5a2c205d48b6d4ea6f340f81949b7ddd0b952123,sem_margem\Apto_2023-04-25_06-08-07_2023-04-25_06-53-54\000_Chassi_608_6b55104c-0e1a-475f-a52d-d3dcf576eabd.png,com_margem\Apto_2023-04-25_06-08-07_2023-04-25_06-53-54\000_Chassi_608_6b55104c-0e1a-475f-a52d-d3dcf576eabd.png,
Apto_2023-04-25_06-08-07_2023-04-25_06-53-54\dados_vistoria_Chassi-Motor-LABELED.json,Motor,OK,Apto_2023-04-25_06-08-07_2023-04-25_06-53-54\imgs\608_cb0a6738-0061-4053-ba98-1710ce62067c.jpg,1KDA140567,0.1,0.1,"[[316, 978], [305, 707], [666, 722], [655, 1031]]","[[283.4200000000001, 999.4200000000002], [267.58000000000004, 678.7800000000001], [703.4200000000001, 692.22], [687.58, 1067.5800000000002]]",8657140d444b202a8f500b136e4a9a426a350b30b9c83d239ef2929341047926,sem_margem\Apto_2023-04-25_06-08-07_2023-04-25_06-53-54\000_Motor_608_cb0a6738-0061-4053-ba98-1710ce62067c.png,com_margem\Apto_2023-04-25_06-08-07_2023-04-25_06-53-54\000_Motor_608_cb0a6738-0061-4053-ba98-1710ce62067c.png,
Apto_2023-04-25_06-58-39_2023-04-25_07-30-10\dados_vistoria_Chassi-Motor-LABELED.json,Chassi,OK,Apto_2023-04-25_06-58-39_2023-04-25_07-30-10\imgs\623_87e32cf0-9a24-4f76-8fc4-79f36f9f91a1.jpg,9BWAB41J9D4006591,0.1,0.1,"[[257, 265], [263, 774], [195, 784], [182, 266]]","[[263.97, 214.09000000000003], [270.33000000000004, 823.8100000000002], [189.57000000000002, 836.89], [173.13, 214.21000000000004]]",4f42ea2bd985f83459a9bc9f511208f63ba723f11d3706916070aa1bf4ad2acf,sem_margem\Apto_2023-04-25_06-58-39_2023-04-25_07-30-10\000_Chassi_623_87e32cf0-9a24-4f76-8fc4-79f36f9f91a1.png,com_margem\Apto_2023-04-25_06-58-39_2023-04-25_07-30-10\000_Chassi_623_87e32cf0-9a24-4f76-8fc4-79f36f9f91a1.png,
Apto_2023-04-25_06-58-39_2023-04-25_07-30-10\dados_vistoria_Chassi-Motor-LABELED.json,Motor,OK,Apto_2023-04-25_06-58-39_2023-04-25_07-30-10\imgs\623_f1715f2f-22d5-4476-b9dc-3f4f5596862a.jpg,CCRN95621,0.1,0.07499284487165694,"[[13, 172], [167, 62], [167, 113], [31, 218]]","[[5.773159728050814e-15, 176.82766170569582], [178.65012879231023, 49.8980323417535], [177.09779622047037, 108.97850601084025], [22.25207498721948, 229.2957999417105]]",e9cad731931e43aee2ffd160889a148961cbf0ecad7e44315e8d2262fc2dbdf9,sem_margem\Apto_2023-04-25_06-58-39_2023-04-25_07-30-10\000_Motor_623_f1715f2f-22d5-4476-b9dc-3f4f5596862a.png,com_margem\Apto_2023-04-25_06-58-39_2023-04-25_07-30-10\000_Motor_623_f1715f2f-22d5-4476-b9dc-3f4f5596862a.png,
Apto_2023-04-25_09-47-08_2023-04-26_13-25-55\dados_vistoria_Chassi-Motor-LABELED.json,Chassi,OK,Apto_2023-04-25_09-47-08_2023-04-26_13-25-55\imgs\648_c76d7c5f-ea2f-4ad8-9096-d499810d19a4.jpg,9BM345005JB811458,0.1,0.1,"[[367, 162], [373, 863], [302, 863], [294, 166]]","[[373.72, 91.46000000000002], [380.68, 933.1400000000002], [295.72, 932.6600000000002], [285.88, 96.74000000000002]]",ac766a22ccbf0b6ec61fb9ca6573eddec63f1fb0cfe9d521e6c798bc0208ce20,sem_margem\Apto_2023-04-25_09-47-08_2023-04-26_13-25-55\000_Chassi_648_c76d7c5f-ea2f-4ad8-9096-d499810d19a4.png,com_margem\Apto_2023-04-25_09-47-08_2023-04-26_13-25-55\000_Chassi_648_c76d7c5f-ea2f-4ad8-9096-d499810d19a4.png,
Apto_2023-04-25_09-47-08_2023-04-26_13-25-55\dados_vistoria_Chassi-Motor-LABELED.json,Motor,OK,Apto_2023-04-25_09-47-08_2023-04-26_13-25-55\imgs\648_ae2a5df2-1364-43b3-a669-df71a6e656d0.jpg,344919008520487,0.1,0.1,"[[57, 71], [206, 62], [210, 96], [58, 106]]","[[42.03000000000001, 68.39], [220.47000000000006, 57.71000000000001], [225.63000000000002, 98.39000000000001], [42.870000000000005, 110.51000000000002]]",1fb6fa7379752e97b70326134637f79523ae3bc33a5a6cb7bb5e482d26a6b921,sem_margem\Apto_2023-04-25_09-47-08_2023-04-26_13-25-55\000_Motor_648_ae2a5df2-1364-43b3-a669-df71a6e656d0.png,com_margem\Apto_2023-04-25_09-47-08_2023-04-26_13-25-55\000_Motor_648_ae2a5df2-1364-43b3-a669-df71a6e656d0.png,
Apto_2023-04-25_11-08-19_2023-04-25_12-08-01\dados_vistoria_Chassi-Motor-LABELED.json,Chassi,OK,Apto_2023-04-25_11-08-19_2023-04-25_12-08-01\imgs\667_f6953654-9324-4c72-98d0-5e004b8623fd.jpg,9BD17122LF7508382,0.1,0.1,"[[142, 612], [152, 207], [361, 209], [379, 568]]","[[117.02000000000004, 657.3600000000001], [132.38, 165.83999999999997], [379.82, 173.76], [404.7800000000001, 599.04]]",e7823512ae1425cfcb122ea0b4d9d74c9f468a142e3950ed4002806c34c1cc1b,sem_margem\Apto_2023-04-25_11-08-19_2023-04-25_12-08-01\000_Chassi_667_f6953654-9324-4c72-98d0-5e004b8623fd.png,com_margem\Apto_2023-04-25_11-08-19_2023-04-25_12-08-01\000_Chassi_667_f6953654-9324-4c72-98d0-5e004b8623fd.png,
Apto_2023-04-25_11-08-19_2023-04-25_12-08-01\dados_vistoria_Chassi-Motor-LABELED.json,Motor,OK,Apto_2023-04-25_11-08-19_2023-04-25_12-08-01\imgs\667_c131b0f1-1d5f-45e3-b14c-62b29a38dc02.jpg,310A10112344971,0.1,0.1,"[[130, 19], [138, 158], [69, 159], [52, 25]]","[[137.09, 4.449999999999999], [145.61, 171.85000000000002], [63.88999999999999, 172.45000000000002], [42.41, 12.25]]",0719ed9a570ef4f63c55509bacbf8c44959797be5d77f6cf4696e2e52a49d76c,sem_margem\Apto_2023-04-25_11-08-19_2023-04-25_12-08-01\000_Motor_667_c131b0f1-1d5f-45e3-b14c-62b29a38dc02.png,com_margem\Apto_2023-04-25_11-08-19_2023-04-25_12-08-01\000_Motor_667_c131b0f1-1d5f-45e3-b14c-62b29a38dc02.png,
Apto_2023-04-25_11-37-37_2023-04-26_04-14-02\dados_vistoria_Chassi-Motor-LABELED.json,Chassi,OK,Apto_2023-04-25_11-37-37_2023-04-26_04-14-02\imgs\676_f8cffc5a-5619-4e57-950d-3c26a39917ef.jpg,9BG138HU08C436392,0.1,0.1,"[[259, 191], [221, 807], [154, 805], [186, 191]]","[[270.1600000000001, 129.38000000000005], [223.84, 868.82], [144.15999999999997, 866.1800000000001], [181.84, 129.62]]",00c4100a79a66d72685f885abe8d3068add1111ec24bc2dc86e6e6157d35e596,sem_margem\Apto_2023-04-25_11-37-37_2023-04-26_04-14-02\000_Chassi_676_f8cffc5a-5619-4e57-950d-3c26a39917ef.png,com_margem\Apto_2023-04-25_11-37-37_2023-04-26_04-14-02\000_Chassi_676_f8cffc5a-5619-4e57-950d-3c26a39917ef.png,
Apto_2023-04-25_11-37-37_2023-04-26_04-14-02\dados_vistoria_Chassi-Motor-LABELED.json,Motor,OK,Apto_2023-04-25_11-37-37_2023-04-26_04-14-02\imgs\676_cf4dc6d7-d7a6-4c08-b40b-330a15db4069.jpg,N80021738,0.1,0.1,"[[72, 185], [55, 99], [95, 99], [117, 163]]","[[69.15000000000002, 196.02000000000004], [49.35, 90.17999999999999], [96.75, 92.82], [123.75000000000001, 166.98]]",e4ef3e8b5ef77592f2c23b0b5b34f4bf9f8786106665acc50ee8690775de8391,sem_margem\Apto_2023-04-25_11-37-37_2023-04-26_04-14-02\000_Motor_676_cf4dc6d7-d7a6-4c08-b40b-330a15db4069.png,com_margem\Apto_2023-04-25_11-37-37_2023-04-26_04-14-02\000_Motor_676_cf4dc6d7-d7a6-4c08-b40b-330a15db4069.png,
Apto_2023-04-25_12-26-17_2023-04-26_05-08-34\dados_vistoria_Chassi-Motor-LABELED.json,Chassi,OK,Apto_2023-04-25_12-26-17_2023-04-26_05-08-34\imgs\690_39dc011c-dc00-497f-9708-eb5a1a488ef0.jpg,9BWZZZ373WP564123,0.1,0.1,"[[322, 215], [310, 851], [227, 845], [241, 219]]","[[331.28000000000003, 150.9], [317.12000000000006, 915.3000000000003], [217.27999999999997, 906.9], [234.32000000000005, 156.90000000000003]]",6fa9ee2ec3551b5052f0376d9a9d7dd9c18d301ad8ec6b2dcae746f147159826,sem_margem\Apto_2023-04-25_12-26-17_2023-04-26_05-08-34\000_Chassi_690_39dc011c-dc00-497f-9708-eb5a1a488ef0.png,com_margem\Apto_2023-04-25_12-26-17_2023-04-26_05-08-34\000_Chassi_690_39dc011c-dc00-497f-9708-eb5a1a488ef0.png,
Apto_2023-04-25_12-26-17_2023-04-26_05-08-34\dados_vistoria_Chassi-Motor-LABELED.json,Motor,OK,Apto_2023-04-25_12-26-17_2023-04-26_05-08-34\imgs\690_6bde30bd-e56b-4500-8d99-57745d03106e.jpg,AFZ317430,0.1,0.1,"[[45, 68], [168, 68], [169, 90], [45, 91]]","[[32.71, 65.69000000000001], [180.19, 65.81], [181.51, 92.09], [32.59, 93.41]]",5848dfa3c7d888db15ae563eef675b4ba5b259914585d3277599da8acf5e41c3,sem_margem\Apto_2023-04-25_12-26-17_2023-04-26_05-08-34\000_Motor_690_6bde30bd-e56b-4500-8d99-57745d03106e.png,com_margem\Apto_2023-04-25_12-26-17_2023-04-26_05-08-34\000_Motor_690_6bde30bd-e56b-4500-8d99-57745d03106e.png,
Apto_2023-04-26_06-12-39_2023-04-26_07-00-00\dados_vistoria_Chassi-Motor-LABELED.json,Chassi,OK,Apto_2023-04-26_06-12-39_2023-04-26_07-00-00\imgs\745_d4ff87ba-0230-46ef-9aed-7fdac769512c.jpg,9C2KC2500KR022922,0.1,0.1,"[[225, 908], [217, 286], [300, 288], [300, 908]]","[[218.38000000000005, 970.2200000000001], [207.82000000000002, 223.57999999999996], [308.38, 226.21999999999997], [307.42, 969.98]]",13df6d390d2836d9a698886b09ee5e201bf7d2239a7758e29cc7c6f86491a7d6,sem_margem\Apto_2023-04-26_06-12-39_2023-04-26_07-00-00\000_Chassi_745_d4ff87ba-0230-46ef-9aed-7fdac769512c.png,com_margem\Apto_2023-04-26_06-12-39_2023-04-26_07-00-00\000_Chassi_745_d4ff87ba-0230-46ef-9aed-7fdac769512c.png,
Apto_2023-04-26_06-12-39_2023-04-26_07-00-00\dados_vistoria_Chassi-Motor-LABELED.json,Motor,OK,Apto_2023-04-26_06-12-39_2023-04-26_07-00-00\imgs\745_08611ad2-04ce-453d-adce-e34c399416b6.jpg,KC25E0K022935,0.1,0.1,"[[109, 48], [183, 84], [182, 127], [98, 110]]","[[102.80000000000001, 38.01000000000001], [190.4, 83.49000000000001], [190.4, 132.80999999999997], [88.4, 114.69000000000001]]",10cdce6ba8ef6384ae5fcd9afbfda6fc3d0dee077d47a055efcecec8ccdf2b7c,sem_margem\Apto_2023-04-26_06-12-39_2023-04-26_07-00-00\000_Motor_745_08611ad2-04ce-453d-adce-e34c399416b6.png,com_margem\Apto_2023-04-26_06-12-39_2023-04-26_07-00-00\000_Motor_745_08611ad2-04ce-453d-adce-e34c399416b6.png,
Apto_2023-04-26_08-40-17_2023-04-26_09-58-28\dados_vistoria_Chassi-Motor-LABELED.json,Chassi,OK,Apto_2023-04-26_08-40-17_2023-04-26_09-58-28\imgs\774_b40decb7-d98d-466e-a231-d53c78838b14.jpg,93XJRKB88TACA20894,0.1,0.1,"[[290, 219], [296, 766], [211, 772], [209, 213]]","[[297.46000000000004, 165.02000000000007], [305.14000000000004, 819.9800000000001], [202.65999999999997, 828.62], [200.74, 156.38]]",fc5ec5d4d732e69766ce14048d9c1d8e6520f1d7296d2c2e1a4dadc8cbee64a8,sem_margem\Apto_2023-04-26_08-40-17_2023-04-26_09-58-28\000_Chassi_774_b40decb7-d98d-466e-a231-d53c78838b14.png,com_margem\Apto_2023-04-26_08-40-17_2023-04-26_09-58-28\000_Chassi_774_b40decb7-d98d-466e-a231-d53c78838b14.png,
Apto_2023-04-26_08-40-17_2023-04-26_09-58-28\dados_vistoria_Chassi-Motor-LABELED.json,Motor,OK,Apto_2023-04-26_08-40-17_2023-04-26_09-58-28\imgs\774_e0ddb02a-2eb7-4547-9b55-e2d4fad2ec53.jpg,4M41UCAT2776,0.1,0.0,"[[49, 39], [153, 0], [161, 91], [62, 132]]","[[49.0, 39.0], [153.0, 0.0], [161.0, 91.0], [62.0, 132.0]]",edba5ec98e01b1a7537185ab04da4e4fc786cb0d1c5e32de5058dba2436539b0,sem_margem\Apto_2023-04-26_08-40-17_2023-04-26_09-58-28\000_Motor_774_e0ddb02a-2eb7-4547-9b55-e2d4fad2ec53.png,com_margem\Apto_2023-04-26_08-40-17_2023-04-26_09-58-28\000_Motor_774_e0ddb02a-2eb7-4547-9b55-e2d4fad2ec53.png,
Apto_2023-04-26_10-35-22_2023-04-26_11-50-57\dados_vistoria_Chassi-Motor-LABELED.json,Chassi,OK,Apto_2023-04-26_10-35-22_2023-04-26_11-50-57\imgs\802_80d52ace-b6e3-4a5e-85b2-c919bf733ee1.jpg,9BM979078DS018253,0.1,0.1,"[[478, 451], [497, 1392], [263, 1388], [271, 463]]","[[496.53000000000014, 355.54], [522.5700000000002, 1486.66], [238.53, 1479.94], [251.36999999999998, 371.86000000000007]]",4f27a17f1142e1f9ef8500c5906909437f1cd9a08d33c4b1f87bdc8d8452f128,sem_margem\Apto_2023-04-26_10-35-22_2023-04-26_11-50-57\000_Chassi_802_80d52ace-b6e3-4a5e-85b2-c919bf733ee1.png,com_margem\Apto_2023-04-26_10-35-22_2023-04-26_11-50-57\000_Chassi_802_80d52ace-b6e3-4a5e-85b2-c919bf733ee1.png,
Apto_2023-04-26_10-35-22_2023-04-26_11-50-57\dados_vistoria_Chassi-Motor-LABELED.json,Motor,OK,Apto_2023-04-26_10-35-22_2023-04-26_11-50-57\imgs\802_b92132e1-4eff-419d-9d98-de72f7bcbb23.jpg,924990U1078448,0.1,8.881784197001253e-17,"[[1019, 1302], [113, 711], [181, 444], [1080, 952]]","[[1018.9999999999999, 1302.0], [112.99999999999999, 711.0], [181.0, 444.0], [1080.0, 952.0]]",c88ee7faee6545f895cf3d638e5d1868c76e00d094cb9e406b23f7e1c2b93b3a,sem_margem\Apto_2023-04-26_10-35-22_2023-04-26_11-50-57\000_Motor_802_b92132e1-4eff-419d-9d98-de72f7bcbb23.png,com_margem\Apto_2023-04-26_10-35-22_2023-04-26_11-50-57\000_Motor_802_b92132e1-4eff-419d-9d98-de72f7bcbb23.png,
Apto_2023-04-26_11-23-48_2023-04-26_12-23-24\dados_vistoria_Chassi-Motor-LABELED.json,Chassi,OK,Apto_2023-04-26_11-23-48_2023-04-26_12-23-24\imgs\816_22f78ab7-53cb-49a0-a90b-8694604d2034.jpg,9BD27844PD7647949,0.1,0.1,"[[440, 1463], [440, 820], [741, 831], [749, 1433]]","[[409.0200000000001, 1530.71], [409.9800000000001, 754.19], [770.22, 772.31], [780.7800000000002, 1489.7900000000002]]",70ff6f21312deca9583052872f5cfbd9c965290bc6d1614fd8f1e59da1f4fb98,sem_margem\Apto_2023-04-26_11-23-48_2023-04-26_12-23-24\000_Chassi_816_22f78ab7-53cb-49a0-a90b-8694604d2034.png,com_margem\Apto_2023-04-26_11-23-48_2023-04-26_12-23-24\000_Chassi_816_22f78ab7-53cb-49a0-a90b-8694604d2034.png,
Apto_2023-04-26_11-23-48_2023-04-26_12-23-24\dados_vistoria_Chassi-Motor-LABELED.json,Motor,OK,Apto_2023-04-26_11-23-48_2023-04-26_12-23-24\imgs\816_5f5a5f3a-1673-4008-89d8-63c63185c544.jpg,370A00112404250,0.1,0.1,"[[425, 707], [782, 730], [715, 929], [470, 925]]","[[383.6800000000001, 682.71], [825.5200000000002, 712.59], [731.68, 949.11], [451.12, 946.5900000000001]]",5cd245f79564680e66c81dccb0d08133a55f65f3718c43970be13b711f18989b,sem_margem\Apto_2023-04-26_11-23-48_2023-04-26_12-23-24\000_Motor_816_5f5a5f3a-1673-4008-89d8-63c63185c544.png,com_margem\Apto_2023-04-26_11-23-48_2023-04-26_12-23-24\000_Motor_816_5f5a5f3a-1673-4008-89d8-63c63185c544.png,
Apto_2023-04-26_12-46-21_2023-04-26_14-12-08\dados_vistoria_Chassi-Motor-LABELED.json,Chassi,OK,Apto_2023-04-26_12-46-21_2023-04-26_14-12-08\imgs\840_31217a47-a771-41b6-a4d6-fe87f5d1a879.jpg,9BD15822774912892,0.1,0.1,"[[696, 327], [692, 1467], [207, 1467], [222, 357]]","[[743.6900000000002, 209.70000000000005], [740.2100000000002, 1581.3], [156.88999999999993, 1577.7], [176.20999999999998, 249.30000000000004]]",0d929966f8e7ecb53254e9834175d82727577a89efde38bf34e064a1949a37d9,sem_margem\Apto_2023-04-26_12-46-21_2023-04-26_14-12-08\000_Chassi_840_31217a47-a771-41b6-a4d6-fe87f5d1a879.png,com_margem\Apto_2023-04-26_12-46-21_2023-04-26_14-12-08\000_Chassi_840_31217a47-a771-41b6-a4d6-fe87f5d1a879.png,
Apto_2023-04-26_12-46-21_2023-04-26_14-12-08\dados_vistoria_Chassi-Motor-LABELED.json,Motor,OK,Apto_2023-04-26_12-46-21_2023-04-26_14-12-08\imgs\840_bc13f89c-aea5-4be3-8647-36028ef43874.jpg,146E1011*7304983*,0.1,0.1,"[[169, 527], [752, 485], [884, 726], [248, 805]]","[[103.33000000000001, 503.03000000000003], [796.5700000000002, 457.0700000000001], [961.33, 741.83], [191.77000000000004, 841.0700000000002]]",5ddb815dd912ea1b5d2d779b782c6a594793f97b131e422ae0e7a37c2e673951,sem_margem\Apto_2023-04-26_12-46-21_2023-04-26_14-12-08\000_Motor_840_bc13f89c-aea5-4be3-8647-36028ef43874.png,com_margem\Apto_2023-04-26_12-46-21_2023-04-26_14-12-08\000_Motor_840_bc13f89c-aea5-4be3-8647-36028ef43874.png,
Apto_2023-04-26_14-24-34_2023-04-27_03-57-22\dados_vistoria_Chassi-Motor-LABELED.json,Chassi,OK,Apto_2023-04-26_14-24-34_2023-04-27_03-57-22\imgs\846_af07ed7c-beaa-43cd-aaff-20abe1ae689d.jpg,8AP17206LB2202640,0.1,0.08275465753510292,"[[391, 918], [425, 1689], [34, 1730], [30, 971]]","[[417.85532301366595, 849.72798219095], [460.3761794527312, 1749.4930800007498], [1.768497533602646, 1796.121546027957], [4.973799150320701e-14, 912.6573917803423]]",185775a8bd7ff8dc7d59771e772ed8a9b8e56ced6954d21b9d90003e9d9e2f8f,sem_margem\Apto_2023-04-26_14-24-34_2023-04-27_03-57-22\000_Chassi_846_af07ed7c-beaa-43cd-aaff-20abe1ae689d.png,com_margem\Apto_2023-04-26_14-24-34_2023-04-27_03-57-22\000_Chassi_846_af07ed7c-beaa-43cd-aaff-20abe1ae689d.png,
Apto_2023-04-26_14-24-34_2023-04-27_03-57-22\dados_vistoria_Chassi-Motor-LABELED.json,Motor,OK,Apto_2023-04-26_14-24-34_2023-04-27_03-57-22\imgs\846_42f9f17b-7fce-4b7c-a062-4d5faf3a37c1.jpg,310A10110128988,0.1,0.1,"[[730, 621], [354, 918], [207, 666], [527, 421]]","[[788.4600000000002, 610.78], [330.54, 973.4200000000001], [160.85999999999993, 664.78], [538.14, 377.02]]",9d67d9dacd6bf657adac06fcaa5f6c493f2081ab4a6890d5b5624481ad4f9d76,sem_margem\Apto_2023-04-26_14-24-34_2023-04-27_03-57-22\000_Motor_846_42f9f17b-7fce-4b7c-a062-4d5faf3a37c1.png,com_margem\Apto_2023-04-26_14-24-34_2023-04-27_03-57-22\000_Motor_846_42f9f17b-7fce-4b7c-a062-4d5faf3a37c1.png,
Apto_2023-04-26_14-48-55_2023-04-27_03-55-22\dados_vistoria_Chassi-Motor-LABELED.json,Chassi,OK,Apto_2023-04-26_14-48-55_2023-04-27_03-55-22\imgs\847_417775d8-9aef-4b29-b1a8-ec9e14a8199e.jpg,9A91JBJEVDXDF9276,0.1,0.1,"[[371, 176], [314, 827], [237, 825], [286, 178]]","[[385.2800000000001, 110.66000000000004], [315.92, 892.3400000000001], [224.47999999999996, 889.4599999999999], [282.32, 113.53999999999999]]",814b0f6c18d9f77bfa3102dd1c938735749cc893773f24a852183757c58fb0d7,sem_margem\Apto_2023-04-26_14-48-55_2023-04-27_03-55-22\000_Chassi_847_417775d8-9aef-4b29-b1a8-ec9e14a8199e.png,com_margem\Apto_2023-04-26_14-48-55_2023-04-27_03-55-22\000_Chassi_847_417775d8-9aef-4b29-b1a8-ec9e14a8199e.png,
Apto_2023-04-26_14-48-55_2023-04-27_03-55-22\dados_vistoria_Chassi-Motor-LABELED.json,Motor,AUSENCIA_DECLARADA,,00,0.1,,,,,,,
Apto_2023-04-27_04-57-22_2023-04-27_05-43-06\dados_vistoria_Chassi-Motor-LABELED.json,Chassi,OK,Apto_2023-04-27_04-57-22_2023-04-27_05-43-06\imgs\866_ebde44bc-ab84-4c2f-98ae-9210ba570518.jpg,9C2KC1680DR313714,0.1,0.08253295234238217,"[[221, 955], [207, 73], [320, 75], [330, 951]]","[[213.18661628036307, 1028.1650659046848], [196.49106829962807, 1.2079226507921703e-13], [328.52814084415473, 2.9070697820921367], [339.7941745758541, 1022.9278643132232]]",cfab7fd7a3a8412574263eb315c7245df98e6d5086d1544892a67bb4143dac5a,sem_margem\Apto_2023-04-27_04-57-22_2023-04-27_05-43-06\000_Chassi_866_ebde44bc-ab84-4c2f-98ae-9210ba570518.png,com_margem\Apto_2023-04-27_04-57-22_2023-04-27_05-43-06\000_Chassi_866_ebde44bc-ab84-4c2f-98ae-9210ba570518.png,
Apto_2023-04-27_04-57-22_2023-04-27_05-43-06\dados_vistoria_Chassi-Motor-LABELED.json,Motor,OK,Apto_2023-04-27_04-57-22_2023-04-27_05-43-06\imgs\866_aa038588-f254-41fb-981b-4151c98758c7.jpg,KC16E8D313714,0.1,0.030071454029355665,"[[88, 35], [244, 39], [245, 138], [80, 118]]","[[83.5575634347823, 32.39825217700509], [248.65293674342314, 36.12874318965217], [250.0, 141.59297170705233], [74.78949982179451, 119.88003292629037]]",749f58d43afd84cad565f1f2524f0d96805293722c254a49e2a0b7a516730f66,sem_margem\Apto_2023-04-27_04-57-22_2023-04-27_05-43-06\000_Motor_866_aa038588-f254-41fb-981b-4151c98758c7.png,com_margem\Apto_2023-04-27_04-57-22_2023-04-27_05-43-06\000_Motor_866_aa038588-f254-41fb-981b-4151c98758c7.png,
Apto_2023-04-27_05-44-12_2023-04-27_06-40-32\dados_vistoria_Chassi-Motor-LABELED.json,Chassi,OK,Apto_2023-04-27_05-44-12_2023-04-27_06-40-32\imgs\886_624a3c8c-d490-48f6-b564-73d73aab731f.jpg,8AJBA3CD4H1583103,0.1,0.1,"[[579, 237], [647, 1591], [481, 1595], [406, 260]]","[[589.57, 99.11000000000001], [670.3300000000002, 1726.1900000000003], [471.96999999999997, 1728.71], [381.13, 128.99]]",92a9e71032aaa3c298ef5e334e6cdf259b767877c417e34e0bb899053ac4acf3,sem_margem\Apto_2023-04-27_05-44-12_2023-04-27_06-40-32\000_Chassi_886_624a3c8c-d490-48f6-b564-73d73aab731f.png,com_margem\Apto_2023-04-27_05-44-12_2023-04-27_06-40-32\000_Chassi_886_624a3c8c-d490-48f6-b564-73d73aab731f.png,
Apto_2023-04-27_05-44-12_2023-04-27_06-40-32\dados_vistoria_Chassi-Motor-LABELED.json,Motor,OK,Apto_2023-04-27_05-44-12_2023-04-27_06-40-32\imgs\886_7f9e15bb-c5da-4e0d-bce1-7978f626818b.jpg,1GD4180572,0.1,0.1,"[[391, 876], [384, 666], [677, 685], [685, 892]]","[[362.29, 895.4300000000003], [354.01000000000005, 643.0699999999999], [705.49, 666.23], [715.21, 914.2700000000001]]",22e67a5005f8ea8a7ee244aae3f7daf2a63b76f3b19e67b4b1b52ec49f95f266,sem_margem\Apto_2023-04-27_05-44-12_2023-04-27_06-40-32\000_Motor_886_7f9e15bb-c5da-4e0d-bce1-7978f626818b.png,com_margem\Apto_2023-04-27_05-44-12_2023-04-27_06-40-32\000_Motor_886_7f9e15bb-c5da-4e0d-bce1-7978f626818b.png,
Apto_2023-04-27_09-54-47_2023-04-27_12-09-47\dados_vistoria_Chassi-Motor-LABELED.json,Chassi,OK,Apto_2023-04-27_09-54-47_2023-04-27_12-09-47\imgs\951_8aec5495-238c-478a-836d-e4fce46af040.jpg,9BWN172S17R715536,0.1,0.1,"[[430, 223], [424, 742], [347, 740], [357, 227]]","[[437.8600000000001, 170.64000000000004], [431.14, 794.1600000000002], [338.26, 791.04], [350.74, 176.16]]",10c8b9057bea907b935feb0f71c304d491b07756938f73a7b606faac1f198adf,sem_margem\Apto_2023-04-27_09-54-47_2023-04-27_12-09-47\000_Chassi_951_8aec5495-238c-478a-836d-e4fce46af040.png,com_margem\Apto_2023-04-27_09-54-47_2023-04-27_12-09-47\000_Chassi_951_8aec5495-238c-478a-836d-e4fce46af040.png,
Apto_2023-04-27_09-54-47_2023-04-27_12-09-47\dados_vistoria_Chassi-Motor-LABELED.json,Motor,OK,Apto_2023-04-27_09-54-47_2023-04-27_12-09-47\imgs\951_0c202833-a3d0-4967-8fca-954a91ce5df5.jpg,G1T099340,0.1,0.01769634371167443,"[[22, 70], [245, 73], [246, 153], [21, 152]]","[[18.072038017169803, 68.49518446334615], [248.9279619828302, 71.6380078553626], [249.99999999999997, 154.43277751948415], [17.000000000000057, 153.43403016180716]]",5406e271910ae68faf2143b313094e4d2d40ac99726d622fd23cbf235eb8ee22,sem_margem\Apto_2023-04-27_09-54-47_2023-04-27_12-09-47\000_Motor_951_0c202833-a3d0-4967-8fca-954a91ce5df5.png,com_margem\Apto_2023-04-27_09-54-47_2023-04-27_12-09-47\000_Motor_951_0c202833-a3d0-4967-8fca-954a91ce5df5.png,
Apto_2023-04-27_11-18-07_2023-04-27_12-10-47\dados_vistoria_Chassi-Motor-LABELED.json,Chassi,OK,Apto_2023-04-27_11-18-07_2023-04-27_12-10-47\imgs\979_7ab67e57-ac2d-4ddd-b19f-926b46a33a4e.jpg,93KP0E0CXBE127828,0.1,0.1,"[[359, 118], [359, 809], [272, 805], [268, 122]]","[[368.14000000000004, 48.420000000000016], [367.65999999999997, 878.5800000000002], [263.74, 872.8200000000002], [258.46, 54.18000000000002]]",9d96b8b3755754a9c4bd7882265444a3dd1899d9d017c0c0ae523c82a1afb03d,sem_margem\Apto_2023-04-27_11-18-07_2023-04-27_12-10-47\000_Chassi_979_7ab67e57-ac2d-4ddd-b19f-926b46a33a4e.png,com_margem\Apto_2023-04-27_11-18-07_2023-04-27_12-10-47\000_Chassi_979_7ab67e57-ac2d-4ddd-b19f-926b46a33a4e.png,
Apto_2023-04-27_11-18-07_2023-04-27_12-10-47\dados_vistoria_Chassi-Motor-LABELED.json,Motor,OK,Apto_2023-04-27_11-18-07_2023-04-27_12-10-47\imgs\979_2ac4a30e-0d4a-4d59-8922-0046e7feeec8.jpg,F1A057931,0.1,0.1,"[[89, 73], [215, 72], [215, 101], [89, 101]]","[[76.4, 70.31000000000002], [227.60000000000002, 68.99000000000001], [227.6, 103.91], [76.4, 103.79000000000002]]",a99926f5cd17b01e1cadbe7aedbb48ad4d8c465418736dd0e8616b29316bfbf8,sem_margem\Apto_2023-04-27_11-18-07_2023-04-27_12-10-47\000_Motor_979_2ac4a30e-0d4a-4d59-8922-0046e7feeec8.png,com_margem\Apto_2023-04-27_11-18-07_2023-04-27_12-10-47\000_Motor_979_2ac4a30e-0d4a-4d59-8922-0046e7feeec8.png,
Apto_2023-04-27_11-55-56_2023-04-27_12-44-06\dados_vistoria_Chassi-Motor-LABELED.json,Chassi,OK,Apto_2023-04-27_11-55-56_2023-04-27_12-44-06\imgs\986_2dbdff17-ce65-4e56-a243-f1f245ee63aa.jpg,9BG148MK0PC421454,0.1,0.1,"[[201, 801], [213, 116], [280, 111], [296, 794]]","[[190.02000000000004, 870.2200000000001], [207.78, 47.97999999999993], [284.82000000000005, 42.21999999999994], [307.38000000000005, 861.58]]",ed935e5f0839c5d36bc4171baf67b6b34af0dd4e983ca0b4487617d4bbc7df11,sem_margem\Apto_2023-04-27_11-55-56_2023-04-27_12-44-06\000_Chassi_986_2dbdff17-ce65-4e56-a243-f1f245ee63aa.png,com_margem\Apto_2023-04-27_11-55-56_2023-04-27_12-44-06\000_Chassi_986_2dbdff17-ce65-4e56-a243-f1f245ee63aa.png,
Apto_2023-04-27_11-55-56_2023-04-27_12-44-06\dados_vistoria_Chassi-Motor-LABELED.json,Motor,OK,Apto_2023-04-27_11-55-56_2023-04-27_12-44-06\imgs\986_4e62c985-c40e-4658-abce-5c968a82d780.jpg,LWNF222431101,0.1,0.013218168105304785,"[[66, 233], [28, 8], [82, 3], [109, 225]]","[[65.93583107912212, 236.0803573284402], [26.782006614663302, 5.091478856928777], [82.35881245849188, 4.884981308350689e-15], [109.92334984772268, 227.82816381463104]]",0a89936640f9e5141c17f89fc85008cb5561d0e7a060978da7a738d39b9964f6,sem_margem\Apto_2023-04-27_11-55-56_2023-04-27_12-44-06\000_Motor_986_4e62c985-c40e-4658-abce-5c968a82d780.png,com_margem\Apto_2023-04-27_11-55-56_2023-04-27_12-44-06\000_Motor_986_4e62c985-c40e-4658-abce-5c968a82d780.png,
Apto_2023-04-27_12-58-03_2023-04-27_13-23-37\dados_vistoria_Chassi-Motor-LABELED.json,Chassi,OK,Apto_2023-04-27_12-58-03_2023-04-27_13-23-37\imgs\996_9610c11a-d6fc-4795-8912-fd6e44a3eadb.jpg,9BD341A8CJY487532,0.1,0.1,"[[162, 539], [160, 148], [351, 170], [361, 495]]","[[142.22000000000003, 583.1600000000001], [140.78, 106.03999999999998], [369.02000000000004, 140.35999999999999], [381.98, 522.4399999999999]]",56be609e80f2fec0615cee8ab92328582204cf69aee42d2be86631a2708e682b,sem_margem\Apto_2023-04-27_12-58-03_2023-04-27_13-23-37\000_Chassi_996_9610c11a-d6fc-4795-8912-fd6e44a3eadb.png,com_margem\Apto_2023-04-27_12-58-03_2023-04-27_13-23-37\000_Chassi_996_9610c11a-d6fc-4795-8912-fd6e44a3eadb.png,
Apto_2023-04-27_12-58-03_2023-04-27_13-23-37\dados_vistoria_Chassi-Motor-LABELED.json,Motor,OK,Apto_2023-04-27_12-58-03_2023-04-27_13-23-37\imgs\996_5b169268-d7fa-40b4-a75e-1d5c806373c3.jpg,552680237090514,0.1,0.1,"[[134, 39], [136, 163], [79, 145], [80, 52]]","[[139.17, 24.990000000000002], [141.93000000000004, 177.51000000000002], [73.16999999999999, 152.19], [74.72999999999999, 44.31]]",f6205c0fa086966765941f3342678a635b8235804d00e8b3fc2ab7c42ffc5f96,sem_margem\Apto_2023-04-27_12-58-03_2023-04-27_13-23-37\000_Motor_996_5b169268-d7fa-40b4-a75e-1d5c806373c3.png,com_margem\Apto_2023-04-27_12-58-03_2023-04-27_13-23-37\000_Motor_996_5b169268-d7fa-40b4-a75e-1d5c806373c3.png,
Apto_2023-04-28_04-45-51_2023-04-28_06-16-28\dados_vistoria_Chassi-Motor-LABELED.json,Chassi,OK,Apto_2023-04-28_04-45-51_2023-04-28_06-16-28\imgs\1021_a6c51fce-4846-46f1-b436-e3b8f7346b66.jpg,9BM386043LB881079,0.1,0.1,"[[579, 440], [609, 1539], [497, 1550], [463, 459]]","[[587.6400000000001, 328.12000000000006], [623.1600000000001, 1647.88], [489.24, 1660.1200000000001], [447.96000000000004, 351.88000000000005]]",ca1765d6f3ca6fb9fd4388d8410641bf359d4e683dcd55920bc1724b88b6126c,sem_margem\Apto_2023-04-28_04-45-51_2023-04-28_06-16-28\000_Chassi_1021_a6c51fce-4846-46f1-b436-e3b8f7346b66.png,com_margem\Apto_2023-04-28_04-45-51_2023-04-28_06-16-28\000_Chassi_1021_a6c51fce-4846-46f1-b436-e3b8f7346b66.png,
Apto_2023-04-28_04-45-51_2023-04-28_06-16-28\dados_vistoria_Chassi-Motor-LABELED.json,Motor,OK,Apto_2023-04-28_04-45-51_2023-04-28_06-16-28\imgs\1021_c9c59f94-f286-44ed-89cc-fe6a89da4a59.jpg,37695510050012,0.1,0.1,"[[515, 406], [436, 1403], [177, 1396], [275, 384]]","[[546.71, 308.65000000000003], [454.19, 1503.2500000000002], [141.10999999999999, 1496.65], [260.99, 280.45000000000005]]",b6f3040d4aced0cd40ca4e843bd7fb0755244a575641258d9c03bd246f86cc90,sem_margem\Apto_2023-04-28_04-45-51_2023-04-28_06-16-28\000_Motor_1021_c9c59f94-f286-44ed-89cc-fe6a89da4a59.png,com_margem\Apto_2023-04-28_04-45-51_2023-04-28_06-16-28\000_Motor_1021_c9c59f94-f286-44ed-89cc-fe6a89da4a59.png,
Apto_2023-04-28_06-29-13_2023-05-04_11-16-56\dados_vistoria_Chassi-Motor-LABELED.json,Chassi,OK,Apto_2023-04-28_06-29-13_2023-05-04_11-16-56\imgs\1057_0b8b1a28-c076-44f9-91cb-f87dc60ccfd8.jpg,9BD195162C0335136,0.1,0.1,"[[579, 504], [1123, 504], [1098, 765], [622, 779]]","[[519.6200000000001, 476.36000000000007], [1180.5800000000002, 478.04000000000013], [1142.42, 789.56], [579.3800000000001, 808.0400000000001]]",6f6f60af4c3795cd748891482993a05f6ee3346f8fb9e1b3c67d8b4f63c49d63,sem_margem\Apto_2023-04-28_06-29-13_2023-05-04_11-16-56\000_Chassi_1057_0b8b1a28-c076-44f9-91cb-f87dc60ccfd8.png,com_margem\Apto_2023-04-28_06-29-13_2023-05-04_11-16-56\000_Chassi_1057_0b8b1a28-c076-44f9-91cb-f87dc60ccfd8.png,
Apto_2023-04-28_06-29-13_2023-05-04_11-16-56\dados_vistoria_Chassi-Motor-LABELED.json,Motor,OK,Apto_2023-04-28_06-29-13_2023-05-04_11-16-56\imgs\1057_e2031d19-8e5e-48c8-8f38-5c65b7780d55.jpg,310A10110835484,0.1,0.1,"[[383, 34], [655, 223], [394, 358], [201, 162]]","[[373.21000000000004, 2.370000000000001], [709.09, 228.33000000000004], [386.40999999999997, 391.17], [164.29, 155.13000000000005]]",f11c3f5da4b0328d982082a67cb9d7de84960599df666738e863e9c357975089,sem_margem\Apto_2023-04-28_06-29-13_2023-05-04_11-16-56\000_Motor_1057_e2031d19-8e5e-48c8-8f38-5c65b7780d55.png,com_margem\Apto_2023-04-28_06-29-13_2023-05-04_11-16-56\000_Motor_1057_e2031d19-8e5e-48c8-8f38-5c65b7780d55.png,
Apto_2023-04-28_09-52-53_2023-04-28_10-34-06\dados_vistoria_Chassi-Motor-LABELED.json,Chassi,OK,Apto_2023-04-28_09-52-53_2023-04-28_10-34-06\imgs\1099_06ffe2f2-44b3-4251-96d5-2ac69a2cab0d.jpg,9BD341A5XKY581221,0.1,0.1,"[[718, 884], [741, 1490], [406, 1475], [444, 925]]","[[742.49, 818.74], [777.4100000000002, 1552.6600000000003], [368.0899999999999, 1527.94], [421.01000000000005, 874.6600000000001]]",236b65c7bafec3a3e470710a518612062720322521ad0acc677d2a75c0d097ab,sem_margem\Apto_2023-04-28_09-52-53_2023-04-28_10-34-06\000_Chassi_1099_06ffe2f2-44b3-4251-96d5-2ac69a2cab0d.png,com_margem\Apto_2023-04-28_09-52-53_2023-04-28_10-34-06\000_Chassi_1099_06ffe2f2-44b3-4251-96d5-2ac69a2cab0d.png,
Apto_2023-04-28_09-52-53_2023-04-28_10-34-06\dados_vistoria_Chassi-Motor-LABELED.json,Motor,OK,Apto_2023-04-28_09-52-53_2023-04-28_10-34-06\imgs\1099_bb957116-766f-4edf-8cd9-7e66e2845c4a.jpg,552720663358420,0.1,0.1,"[[181, 553], [662, 609], [538, 903], [226, 858]]","[[126.71000000000005, 516.7900000000001], [724.19, 585.3100000000001], [555.11, 936.79], [200.99, 884.11]]",a01e82fef11fece8561fc202d702dcaae3396c90b2eb5364150e16fa4ad023f5,sem_margem\Apto_2023-04-28_09-52-53_2023-04-28_10-34-06\000_Motor_1099_bb957116-766f-4edf-8cd9-7e66e2845c4a.png,com_margem\Apto_2023-04-28_09-52-53_2023-04-28_10-34-06\000_Motor_1099_bb957116-766f-4edf-8cd9-7e66e2845c4a.png,
Apto_2023-04-28_10-35-38_2023-04-28_10-59-37\dados_vistoria_Chassi-Motor-LABELED.json,Chassi,OK,Apto_2023-04-28_10-35-38_2023-04-28_10-59-37\imgs\1111_56edaebd-b3e0-49a6-b4ed-a76e3059e500.jpg,8AJHA3CD9K2073177,0.1,0.1,"[[326, 229], [334, 701], [259, 699], [266, 227]]","[[331.05, 182.00000000000003], [342.45000000000005, 748.4000000000001], [250.65, 746.0], [260.85, 179.59999999999997]]",c6573cc05fa5c0ffd0ea0aa7d4d5180187f486fbb62a03ea9a0a53dba284af54,sem_margem\Apto_2023-04-28_10-35-38_2023-04-28_10-59-37\000_Chassi_1111_56edaebd-b3e0-49a6-b4ed-a76e3059e500.png,com_margem\Apto_2023-04-28_10-35-38_2023-04-28_10-59-37\000_Chassi_1111_56edaebd-b3e0-49a6-b4ed-a76e3059e500.png,
Apto_2023-04-28_10-35-38_2023-04-28_10-59-37\dados_vistoria_Chassi-Motor-LABELED.json,Motor,OK,Apto_2023-04-28_10-35-38_2023-04-28_10-59-37\imgs\1111_6e1ae0b3-c715-4a66-856c-5e3a45e28cd2.jpg,1GD4529771,0.1,0.1,"[[63, 191], [67, 104], [154, 107], [151, 197]]","[[53.79000000000002, 199.07000000000005], [58.71, 95.03], [162.99, 98.27000000000001], [159.51000000000002, 206.63]]",6ffa0ad846898700ca8ba62e0fd068ab14dd2447c1caaeca2977d8de11a6b194,sem_margem\Apto_2023-04-28_10-35-38_2023-04-28_10-59-37\000_Motor_1111_6e1ae0b3-c715-4a66-856c-5e3a45e28cd2.png,com_margem\Apto_2023-04-28_10-35-38_2023-04-28_10-59-37\000_Motor_1111_6e1ae0b3-c715-4a66-856c-5e3a45e28cd2.png,
Apto_2023-04-28_11-01-34_2023-04-28_12-18-56\dados_vistoria_Chassi-Motor-LABELED.json,Chassi,OK,Apto_2023-04-28_11-01-34_2023-04-28_12-18-56\imgs\1116_5c4a4b01-bf5b-415e-8244-9be10cd71e96.jpg,93XHNK7407C628172,0.1,0.1,"[[243, 178], [288, 835], [193, 843], [158, 180]]","[[246.90000000000003, 112.16], [302.1, 899.84], [186.89999999999998, 910.1600000000001], [146.10000000000002, 113.84]]",540d772cee47b87cea2d4069fa21ede717471ad4868e7edb5ad7475fbb2157cf,sem_margem\Apto_2023-04-28_11-01-34_2023-04-28_12-18-56\000_Chassi_1116_5c4a4b01-bf5b-415e-8244-9be10cd71e96.png,com_margem\Apto_2023-04-28_11-01-34_2023-04-28_12-18-56\000_Chassi_1116_5c4a4b01-bf5b-415e-8244-9be10cd71e96.png,
Apto_2023-04-28_11-01-34_2023-04-28_12-18-56\dados_vistoria_Chassi-Motor-LABELED.json,Motor,OK,Apto_2023-04-28_11-01-34_2023-04-28_12-18-56\imgs\1116_6b8ef3de-aac8-437d-9f21-97c3fa448ffa.jpg,4D56CG5676,0.1,0.0,"[[8, 2], [220, 0], [224, 143], [8, 157]]","[[8.0, 2.0], [220.0, 0.0], [224.0, 143.0], [8.0, 157.0]]",e1a70be54ebf3fb59a9f467902faddb6d32d7ddd7d2e796a40a446b25916ce29,sem_margem\Apto_2023-04-28_11-01-34_2023-04-28_12-18-56\000_Motor_1116_6b8ef3de-aac8-437d-9f21-97c3fa448ffa.png,com_margem\Apto_2023-04-28_11-01-34_2023-04-28_12-18-56\000_Motor_1116_6b8ef3de-aac8-437d-9f21-97c3fa448ffa.png,
Apto_2023-04-28_11-13-49_2023-04-28_12-53-10\dados_vistoria_Chassi-Motor-LABELED.json,Chassi,OK,Apto_2023-04-28_11-13-49_2023-04-28_12-53-10\imgs\1122_53600423-64c9-4856-87ef-f8e450661185.jpg,9BFYTNYT5YDB62466,0.1,0.1,"[[549, 395], [481, 1478], [312, 1471], [342, 395]]","[[576.8800000000001, 286.63], [490.72, 1587.0700000000004], [292.47999999999996, 1577.8300000000002], [323.91999999999996, 287.46999999999997]]",a1a668004c14d6880e36f096c0a8110b74bdcbca8b07a5d50fa357b6f15d8dc9,sem_margem\Apto_2023-04-28_11-13-49_2023-04-28_12-53-10\000_Chassi_1122_53600423-64c9-4856-87ef-f8e450661185.png,com_margem\Apto_2023-04-28_11-13-49_2023-04-28_12-53-10\000_Chassi_1122_53600423-64c9-4856-87ef-f8e450661185.png,
Apto_2023-04-28_11-13-49_2023-04-28_12-53-10\dados_vistoria_Chassi-Motor-LABELED.json,Motor,OK,Apto_2023-04-28_11-13-49_2023-04-28_12-53-10\imgs\1122_603f4784-64d3-46d6-bdba-bd3275d69df3.jpg,30462664,0.1,0.1,"[[602, 813], [579, 1523], [410, 1527], [440, 820]]","[[620.4300000000001, 741.27], [593.6700000000001, 1593.6300000000003], [390.03, 1598.0700000000002], [426.87, 750.0300000000001]]",6e0b7b9ef33fc64bb71a4cb1da29a1bb920041af49027d94e17c6f98a531b8da,sem_margem\Apto_2023-04-28_11-13-49_2023-04-28_12-53-10\000_Motor_1122_603f4784-64d3-46d6-bdba-bd3275d69df3.png,com_margem\Apto_2023-04-28_11-13-49_2023-04-28_12-53-10\000_Motor_1122_603f4784-64d3-46d6-bdba-bd3275d69df3.png,
Apto_2023-04-28_11-38-29_2023-04-28_12-15-55\dados_vistoria_Chassi-Motor-LABELED.json,Chassi,OK,Apto_2023-04-28_11-38-29_2023-04-28_12-15-55\imgs\1127_5f4291e1-da0d-4346-a5fd-8c19dfecc63d.jpg,9C2JC4830KR402409,0.1,0.1,"[[442, 347], [468, 953], [292, 963], [326, 343]]","[[450.40000000000003, 286.94000000000005], [488.80000000000007, 1012.4599999999999], [270.4, 1026.14], [318.4, 280.46000000000004]]",f38401c4642b00b76ccd76bd09dbceb890b43d1f3e1359b8969aefc9b8a618b9,sem_margem\Apto_2023-04-28_11-38-29_2023-04-28_12-15-55\000_Chassi_1127_5f4291e1-da0d-4346-a5fd-8c19dfecc63d.png,com_margem\Apto_2023-04-28_11-38-29_2023-04-28_12-15-55\000_Chassi_1127_5f4291e1-da0d-4346-a5fd-8c19dfecc63d.png,
Apto_2023-04-28_11-38-29_2023-04-28_12-15-55\dados_vistoria_Chassi-Motor-LABELED.json,Motor,OK,Apto_2023-04-28_11-38-29_2023-04-28_12-15-55\imgs\1127_2e875024-e1f7-452b-808b-e442f5139bcf.jpg,JC48E3K402434,0.1,8.881784197001253e-17,"[[15, 19], [250, 19], [250, 146], [15, 146]]","[[14.999999999999977, 18.999999999999986], [249.99999999999997, 18.999999999999986], [250.0, 146.0], [14.999999999999979, 146.0]]",9248323326bd2cb96ce6a367fa2ca1aeec7d7a18a4cb2b99326d426d03246492,sem_margem\Apto_2023-04-28_11-38-29_2023-04-28_12-15-55\000_Motor_1127_2e875024-e1f7-452b-808b-e442f5139bcf.png,com_margem\Apto_2023-04-28_11-38-29_2023-04-28_12-15-55\000_Motor_1127_2e875024-e1f7-452b-808b-e442f5139bcf.png,
Apto_2023-04-28_12-20-17_2023-04-28_12-57-20\dados_vistoria_Chassi-Motor-LABELED.json,Chassi,OK,Apto_2023-04-28_12-20-17_2023-04-28_12-57-20\imgs\1135_ada532f4-b5f9-4600-ac69-07844e5bb87b.jpg,9BWKB05U5BP192627,0.1,0.09182519283868329,"[[257, 53], [288, 628], [186, 630], [184, 53]]","[[260.61213398406875, 0.21737784983683728], [300.4572747627009, 680.5989717644859], [176.57295660097571, 683.1836503856774], [177.35763465225475, 2.842170943040401e-14]]",69842a422d0b519c283b54b3e230a9dbf781c3eff712236dfc4e1a704d81290e,sem_margem\Apto_2023-04-28_12-20-17_2023-04-28_12-57-20\000_Chassi_1135_ada532f4-b5f9-4600-ac69-07844e5bb87b.png,com_margem\Apto_2023-04-28_12-20-17_2023-04-28_12-57-20\000_Chassi_1135_ada532f4-b5f9-4600-ac69-07844e5bb87b.png,
Apto_2023-04-28_12-20-17_2023-04-28_12-57-20\dados_vistoria_Chassi-Motor-LABELED.json,Motor,OK,Apto_2023-04-28_12-20-17_2023-04-28_12-57-20\imgs\1135_822e52be-c910-406e-90da-7c2aa4f14091.jpg,CCRL08099,0.1,0.1,"[[28, 170], [158, 86], [159, 155], [34, 258]]","[[14.35, 169.41000000000005], [170.95000000000002, 70.89], [171.55, 151.41], [22.150000000000006, 277.29]]",cd75cd4edc56168b455aaf20100dc1b922b971189b2c189edb5cf6c50c5d085f,sem_margem\Apto_2023-04-28_12-20-17_2023-04-28_12-57-20\000_Motor_1135_822e52be-c910-406e-90da-7c2aa4f14091.png,com_margem\Apto_2023-04-28_12-20-17_2023-04-28_12-57-20\000_Motor_1135_822e52be-c910-406e-90da-7c2aa4f14091.png,
Apto_2023-04-28_13-19-48_2023-04-28_13-58-17\dados_vistoria_Chassi-Motor-LABELED.json,Chassi,OK,Apto_2023-04-28_13-19-48_2023-04-28_13-58-17\imgs\1141_df01303b-0cef-4f65-a9d6-550137eedbcc.jpg,9BD15804AD6848461,0.1,0.1,"[[341, 416], [355, 740], [201, 744], [203, 434]]","[[353.24000000000007, 381.66], [371.96000000000004, 772.1400000000001], [185.23999999999998, 775.26], [189.56, 404.94000000000005]]",42fcb6d96eb3899e291378f89afec67b3f848474921ffc558b7d9e918e3d1994,sem_margem\Apto_2023-04-28_13-19-48_2023-04-28_13-58-17\000_Chassi_1141_df01303b-0cef-4f65-a9d6-550137eedbcc.png,com_margem\Apto_2023-04-28_13-19-48_2023-04-28_13-58-17\000_Chassi_1141_df01303b-0cef-4f65-a9d6-550137eedbcc.png,
Apto_2023-04-28_13-19-48_2023-04-28_13-58-17\dados_vistoria_Chassi-Motor-LABELED.json,Motor,OK,Apto_2023-04-28_13-19-48_2023-04-28_13-58-17\imgs\1141_ff764288-974f-40e9-8410-2e263559e0e7.jpg,146E10111564252,0.1,0.1,"[[79, 36], [137, 134], [61, 150], [22, 78]]","[[78.71000000000001, 21.740000000000006], [150.59000000000003, 142.46], [57.11, 158.54], [12.589999999999996, 75.26]]",ad4fec9a6dcbe2b5bdce6f161214d36af68cc666b325aa9981fad389bd3eccbe,sem_margem\Apto_2023-04-28_13-19-48_2023-04-28_13-58-17\000_Motor_1141_ff764288-974f-40e9-8410-2e263559e0e7.png,com_margem\Apto_2023-04-28_13-19-48_2023-04-28_13-58-17\000_Motor_1141_ff764288-974f-40e9-8410-2e263559e0e7.png,
Apto_2023-04-29_04-39-35_2023-05-03_03-17-02\dados_vistoria_Chassi-Motor-LABELED.json,Chassi,OK,Apto_2023-04-29_04-39-35_2023-05-03_03-17-02\imgs\1145_ebe73d63-8d37-4dcd-96d5-7f4161a82702.jpg,9BSR6X4A0Y3520961,0.1,0.1,"[[756, 357], [760, 1437], [414, 1471], [399, 440]]","[[791.4100000000001, 240.21000000000006], [794.8900000000001, 1542.0900000000004], [381.00999999999993, 1577.01], [361.69, 345.69000000000005]]",b43e8913bf928a1bc77b9ed84027d9c0ab452d96ebf4ae5a532595bfaf00825a,sem_margem\Apto_2023-04-29_04-39-35_2023-05-03_03-17-02\000_Chassi_1145_ebe73d63-8d37-4dcd-96d5-7f4161a82702.png,com_margem\Apto_2023-04-29_04-39-35_2023-05-03_03-17-02\000_Chassi_1145_ebe73d63-8d37-4dcd-96d5-7f4161a82702.png,
Apto_2023-04-29_04-39-35_2023-05-03_03-17-02\dados_vistoria_Chassi-Motor-LABELED.json,Motor,OK,Apto_2023-04-29_04-39-35_2023-05-03_03-17-02\imgs\1145_21c63886-eff9-4f14-bc0c-6ab8d195e443.jpg,8001173,0.1,0.06672862698734613,"[[519, 105], [775, 1595], [594, 1606], [361, 184]]","[[512.3581822330689, 1.0658141036401503e-14], [804.2628223156413, 1693.9944235711387], [597.3674762811706, 1701.319338216013], [335.0115191701188, 94.68623821284807]]",465c09e1043d8e534192b82266bab80d0b26f3d6d937abaf0253f129abd15aaa,sem_margem\Apto_2023-04-29_04-39-35_2023-05-03_03-17-02\000_Motor_1145_21c63886-eff9-4f14-bc0c-6ab8d195e443.png,com_margem\Apto_2023-04-29_04-39-35_2023-05-03_03-17-02\000_Motor_1145_21c63886-eff9-4f14-bc0c-6ab8d195e443.png,
Apto_2023-04-29_05-32-44_2023-04-29_06-13-23\dados_vistoria_Chassi-Motor-LABELED.json,Chassi,OK,Apto_2023-04-29_05-32-44_2023-04-29_06-13-23\imgs\1150_cdf5bf35-b5b3-4553-9056-00f5203ebe26.jpg,9BG148FH0DC416145,0.1,0.1,"[[621, 643], [598, 1651], [425, 1674], [451, 651]]","[[640.2700000000001, 541.5500000000001], [613.0300000000001, 1749.3500000000001], [405.07, 1778.75], [436.63, 549.3500000000001]]",7d6d5041ec096ae81a212d028ec04e85201a2f0d5e9fa3ec0a9cd80104f5368e,sem_margem\Apto_2023-04-29_05-32-44_2023-04-29_06-13-23\000_Chassi_1150_cdf5bf35-b5b3-4553-9056-00f5203ebe26.png,com_margem\Apto_2023-04-29_05-32-44_2023-04-29_06-13-23\000_Chassi_1150_cdf5bf35-b5b3-4553-9056-00f5203ebe26.png,
Apto_2023-04-29_05-32-44_2023-04-29_06-13-23\dados_vistoria_Chassi-Motor-LABELED.json,Motor,OK,Apto_2023-04-29_05-32-44_2023-04-29_06-13-23\imgs\1150_534fe6cd-df98-4814-8186-36bb995a9327.jpg,V1A012358,0.1,0.1,"[[602, 1061], [229, 922], [252, 828], [617, 933]]","[[637.88, 1088.04], [189.31999999999996, 917.16], [217.88, 808.4399999999999], [654.9200000000001, 930.3599999999999]]",119a95a2081e605db148ce98cf51a096d3d49658ddeaaa6572f06ebcd2c3b03e,sem_margem\Apto_2023-04-29_05-32-44_2023-04-29_06-13-23\000_Motor_1150_534fe6cd-df98-4814-8186-36bb995a9327.png,com_margem\Apto_2023-04-29_05-32-44_2023-04-29_06-13-23\000_Motor_1150_534fe6cd-df98-4814-8186-36bb995a9327.png,
Apto_2023-04-29_06-14-50_2023-05-04_04-18-14\dados_vistoria_Chassi-Motor-LABELED.json,Chassi,OK,Apto_2023-04-29_06-14-50_2023-05-04_04-18-14\imgs\1156_af95c277-6808-4c9a-a236-e8ceb91676bc.jpg,00302HI,0.1,0.1,"[[135, 1046], [922, 1076], [918, 1159], [150, 1128]]","[[54.610000000000014, 1034.8100000000002], [1001.2900000000002, 1070.69], [994.2100000000002, 1170.41], [74.89, 1133.09]]",8d723dd10b73917d794332d5a86ef22b7fc75bdb95e63d779b6c7175c96dd756,sem_margem\Apto_2023-04-29_06-14-50_2023-05-04_04-18-14\000_Chassi_1156_af95c277-6808-4c9a-a236-e8ceb91676bc.png,com_margem\Apto_2023-04-29_06-14-50_2023-05-04_04-18-14\000_Chassi_1156_af95c277-6808-4c9a-a236-e8ceb91676bc.png,
Apto_2023-04-29_06-14-50_2023-05-04_04-18-14\dados_vistoria_Chassi-Motor-LABELED.json,Motor,AUSENCIA_DECLARADA,,00,0.1,,,,,,,
Apto_2023-04-29_06-40-06_2023-05-19_03-04-56\dados_vistoria_Chassi-Motor-LABELED.json,Chassi,OK,Apto_2023-04-29_06-40-06_2023-05-19_03-04-56\imgs\1157_e9dca605-bdb6-4b2d-8b16-82e3194ab61b.jpg,9BVN2B2A0RE641378,0.1,0.05190049439287883,"[[69, 83], [1389, 95], [1389, 256], [78, 207]]","[[8.881784197001252e-15, 76.04119823134283], [1457.5328955504647, 87.16716086668674], [1457.0173051972006, 266.99876929127896], [10.449799252335794, 210.79287161069163]]",3eb42b08469d697455c471eeff740b79b9be9def3b45192e1b552b1f490d7cc2,sem_margem\Apto_2023-04-29_06-40-06_2023-05-19_03-04-56\000_Chassi_1157_e9dca605-bdb6-4b2d-8b16-82e3194ab61b.png,com_margem\Apto_2023-04-29_06-40-06_2023-05-19_03-04-56\000_Chassi_1157_e9dca605-bdb6-4b2d-8b16-82e3194ab61b.png,
Apto_2023-04-29_06-40-06_2023-05-19_03-04-56\dados_vistoria_Chassi-Motor-LABELED.json,Motor,OK,Apto_2023-04-29_06-40-06_2023-05-19_03-04-56\imgs\1157_aa816864-bc4a-4b5d-aaf7-57272e0d5374.jpg,TD102FS130835039,0.1,0.026463262287386782,"[[43, 105], [1665, 246], [1672, 364], [46, 210]]","[[4.440892098500626e-14, 98.49914143256446], [1707.7353673771263, 246.59955107734837], [1715.2173085323063, 371.20711129743086], [3.0473240905676917, 208.6941961926565]]",865782e2e949f34ebed74c22cc2fcf456b0441ae13f5e0db282577ffaf8b1c2d,sem_margem\Apto_2023-04-29_06-40-06_2023-05-19_03-04-56\000_Motor_1157_aa816864-bc4a-4b5d-aaf7-57272e0d5374.png,com_margem\Apto_2023-04-29_06-40-06_2023-05-19_03-04-56\000_Motor_1157_aa816864-bc4a-4b5d-aaf7-57272e0d5374.png,
Apto_2023-05-02_04-07-56_2023-05-02_13-16-06\dados_vistoria_Chassi-Motor-LABELED.json,Chassi,OK,Apto_2023-05-02_04-07-56_2023-05-02_13-16-06\imgs\1165_4c2e8ff8-1324-467a-8df4-2c9c6ee367c0.jpg,V021948,0.1,0.1,"[[255, 201], [255, 535], [166, 535], [166, 201]]","[[263.9000000000001, 167.6], [263.9000000000001, 568.4000000000001], [157.1, 568.4000000000001], [157.10000000000002, 167.60000000000002]]",8521ae1575ec25799d5b912f83f15603eb6257a703b5cbe9472a04c655d06526,sem_margem\Apto_2023-05-02_04-07-56_2023-05-02_13-16-06\000_Chassi_1165_4c2e8ff8-1324-467a-8df4-2c9c6ee367c0.png,com_margem\Apto_2023-05-02_04-07-56_2023-05-02_13-16-06\000_Chassi_1165_4c2e8ff8-1324-467a-8df4-2c9c6ee367c0.png,
Apto_2023-05-02_04-07-56_2023-05-02_13-16-06\dados_vistoria_Chassi-Motor-LABELED.json,Motor,OK,Apto_2023-05-02_04-07-56_2023-05-02_13-16-06\imgs\1165_f8acb1e5-671b-4ba1-b07c-c214627462cc.jpg,02290499613MT1360200,0.1,0.025520828720024646,"[[10, 92], [244, 82], [243, 111], [13, 119]]","[[3.9489583425599295, 91.56744853715666], [249.99999999999994, 81.00338505452191], [248.84166452609136, 111.53724002851763], [7.2093771313486315, 119.89192637980373]]",7cd71fc924957c27c1a6c18460c98b67af98bcf742213e6f1c1d11eefec55fc3,sem_margem\Apto_2023-05-02_04-07-56_2023-05-02_13-16-06\000_Motor_1165_f8acb1e5-671b-4ba1-b07c-c214627462cc.png,com_margem\Apto_2023-05-02_04-07-56_2023-05-02_13-16-06\000_Motor_1165_f8acb1e5-671b-4ba1-b07c-c214627462cc.png,
Apto_2023-05-02_09-16-14_2023-05-03_05-23-28\dados_vistoria_Chassi-Motor-LABELED.json,Chassi,OK,Apto_2023-05-02_09-16-14_2023-05-03_05-23-28\imgs\1244_30ef8155-609e-48dd-a11c-9599860bbdcd.jpg,9BWCA05X22P018807,0.1,0.1,"[[572, 440], [579, 1572], [455, 1576], [448, 463]]","[[583.7, 324.31000000000006], [592.1000000000001, 1684.9900000000002], [443.3, 1687.51], [434.9, 354.19000000000005]]",8b18b7f4e07ce3a6701264c22170b088023ea80b52c2e6e610a9bc69f5126406,sem_margem\Apto_2023-05-02_09-16-14_2023-05-03_05-23-28\000_Chassi_1244_30ef8155-609e-48dd-a11c-9599860bbdcd.png,com_margem\Apto_2023-05-02_09-16-14_2023-05-03_05-23-28\000_Chassi_1244_30ef8155-609e-48dd-a11c-9599860bbdcd.png,
Apto_2023-05-02_09-16-14_2023-05-03_05-23-28\dados_vistoria_Chassi-Motor-LABELED.json,Motor,OK,Apto_2023-05-02_09-16-14_2023-05-03_05-23-28\imgs\1244_7434fd61-db73-4533-b80f-4e3bc8a2f38c.jpg,AZP020167,0.1,0.1,"[[444, 948], [305, 293], [451, 278], [639, 922]]","[[437.9100000000001, 1016.21], [276.99, 228.88999999999993], [446.30999999999995, 212.20999999999995], [677.7900000000001, 983.69]]",5311b44b52090596b562ac85956b9b335e4667fcc07889f01bdd39c97eea1401,sem_margem\Apto_2023-05-02_09-16-14_2023-05-03_05-23-28\000_Motor_1244_7434fd61-db73-4533-b80f-4e3bc8a2f38c.png,com_margem\Apto_2023-05-02_09-16-14_2023-05-03_05-23-28\000_Motor_1244_7434fd61-db73-4533-b80f-4e3bc8a2f38c.png,
Apto_2023-05-02_09-28-18_2023-05-02_11-06-16\dados_vistoria_Chassi-Motor-LABELED.json,Chassi,OK,Apto_2023-05-02_09-28-18_2023-05-02_11-06-16\imgs\1251_5a40590f-5018-49e1-931f-7458d70a26f6.jpg,9BGSC19Z02C105467,0.1,0.1,"[[292, 375], [345, 859], [282, 871], [237, 379]]","[[292.12000000000006, 326.28000000000003], [356.68000000000006, 906.12], [280.11999999999995, 921.4799999999999], [227.08, 330.12]]",dc3a06827d7242d62a2e59783607097d22bbd4d2fa49e11ec60781d677d01abe,sem_margem\Apto_2023-05-02_09-28-18_2023-05-02_11-06-16\000_Chassi_1251_5a40590f-5018-49e1-931f-7458d70a26f6.png,com_margem\Apto_2023-05-02_09-28-18_2023-05-02_11-06-16\000_Chassi_1251_5a40590f-5018-49e1-931f-7458d70a26f6.png,
Apto_2023-05-02_09-28-18_2023-05-02_11-06-16\dados_vistoria_Chassi-Motor-LABELED.json,Motor,OK,Apto_2023-05-02_09-28-18_2023-05-02_11-06-16\imgs\1251_575be538-6491-4d84-8e8d-fb410c7dcab7.jpg,NL0069108,0.1,0.1,"[[112, 149], [122, 18], [148, 17], [139, 152]]","[[108.29, 161.76000000000002], [120.41000000000001, 5.039999999999988], [151.49, 3.3599999999999888], [140.81, 165.84]]",9208310fce87dd191ffd56723a67bdf6f2b452fcb3f06d1d702156ba6d37f1a8,sem_margem\Apto_2023-05-02_09-28-18_2023-05-02_11-06-16\000_Motor_1251_575be538-6491-4d84-8e8d-fb410c7dcab7.png,com_margem\Apto_2023-05-02_09-28-18_2023-05-02_11-06-16\000_Motor_1251_575be538-6491-4d84-8e8d-fb410c7dcab7.png,
Apto_2023-05-02_10-20-37_2023-05-02_11-20-14\dados_vistoria_Chassi-Motor-LABELED.json,Chassi,OK,Apto_2023-05-02_10-20-37_2023-05-02_11-20-14\imgs\1265_d15598b5-a2ac-4504-9f4d-d37ddaeb9c28.jpg,9BWCA05YX2T142923,0.1,0.1,"[[643, 410], [636, 1599], [470, 1602], [493, 418]]","[[658.5400000000001, 290.25], [652.0600000000001, 1717.65], [450.93999999999994, 1720.65], [480.46000000000004, 300.45000000000005]]",7e433bf423b2c8e96018b610ebd521fd476041c527d124389627b46ff94c2201,sem_margem\Apto_2023-05-02_10-20-37_2023-05-02_11-20-14\000_Chassi_1265_d15598b5-a2ac-4504-9f4d-d37ddaeb9c28.png,com_margem\Apto_2023-05-02_10-20-37_2023-05-02_11-20-14\000_Chassi_1265_d15598b5-a2ac-4504-9f4d-d37ddaeb9c28.png,
Apto_2023-05-02_10-20-37_2023-05-02_11-20-14\dados_vistoria_Chassi-Motor-LABELED.json,Motor,OK,Apto_2023-05-02_10-20-37_2023-05-02_11-20-14\imgs\1265_b8a010f9-02bb-4667-8861-f3389cb4faab.jpg,AFZ726597,0.1,0.0,"[[102, 1196], [0, 305], [154, 335], [335, 1162]]","[[102.0, 1196.0], [0.0, 305.0], [154.0, 335.0], [335.0, 1162.0]]",cd5746593c20786141aeb24d69597eb9a99cb60aacab4f460d1cfcbcb19621d7,sem_margem\Apto_2023-05-02_10-20-37_2023-05-02_11-20-14\000_Motor_1265_b8a010f9-02bb-4667-8861-f3389cb4faab.png,com_margem\Apto_2023-05-02_10-20-37_2023-05-02_11-20-14\000_Motor_1265_b8a010f9-02bb-4667-8861-f3389cb4faab.png,
Apto_2023-05-02_11-05-49_2023-05-02_12-27-57\dados_vistoria_Chassi-Motor-LABELED.json,Chassi,OK,Apto_2023-05-02_11-05-49_2023-05-02_12-27-57\imgs\1277_6f7ba8d9-c0fb-47df-a75f-de0d998ba485.jpg,8AP359A73MU168822,0.1,0.1,"[[466, 1633], [523, 861], [813, 907], [794, 1625]]","[[427.1200000000001, 1711.5400000000002], [500.0799999999999, 778.66], [843.52, 840.3399999999999], [825.2800000000001, 1695.46]]",d948ee35cfddad23aa1ded429afc2b5b4b7b46f9709c39ed80da7268c70d152c,sem_margem\Apto_2023-05-02_11-05-49_2023-05-02_12-27-57\000_Chassi_1277_6f7ba8d9-c0fb-47df-a75f-de0d998ba485.png,com_margem\Apto_2023-05-02_11-05-49_2023-05-02_12-27-57\000_Chassi_1277_6f7ba8d9-c0fb-47df-a75f-de0d998ba485.png,
Apto_2023-05-02_11-05-49_2023-05-02_12-27-57\dados_vistoria_Chassi-Motor-LABELED.json,Motor,OK,Apto_2023-05-02_11-05-49_2023-05-02_12-27-57\imgs\1277_47219fd7-8d50-46db-bdb8-63641b327215.jpg,552736693800593,0.1,0.1,"[[553, 651], [252, 715], [275, 523], [519, 459]]","[[587.07, 663.8000000000002], [219.03, 740.6], [253.47, 510.1999999999999], [539.4300000000001, 433.40000000000003]]",67c3c0f525b737a27c1009da03cc8c57dce7c7ccff9deaf3d4a5011e2150caa3,sem_margem\Apto_2023-05-02_11-05-49_2023-05-02_12-27-57\000_Motor_1277_47219fd7-8d50-46db-bdb8-63641b327215.png,com_margem\Apto_2023-05-02_11-05-49_2023-05-02_12-27-57\000_Motor_1277_47219fd7-8d50-46db-bdb8-63641b327215.png,
Apto_2023-05-02_12-12-13_2023-05-02_12-48-48\dados_vistoria_Chassi-Motor-LABELED.json,Chassi,OK,Apto_2023-05-02_12-12-13_2023-05-02_12-48-48\imgs\1300_7a906b4d-8145-4520-bbc7-86c8f6c67d3b.jpg,93XHNK340C221322,0.1,0.1,"[[613, 448], [670, 1576], [542, 1591], [485, 493]]","[[620.1, 330.40000000000003], [688.5000000000001, 1687.6000000000004], [534.9, 1702.0000000000002], [466.50000000000006, 388.0]]",4399226df2e5a64852ce153b14d207556174c711ca40ba24e8196d45e867c517,sem_margem\Apto_2023-05-02_12-12-13_2023-05-02_12-48-48\000_Chassi_1300_7a906b4d-8145-4520-bbc7-86c8f6c67d3b.png,com_margem\Apto_2023-05-02_12-12-13_2023-05-02_12-48-48\000_Chassi_1300_7a906b4d-8145-4520-bbc7-86c8f6c67d3b.png,
Apto_2023-05-02_12-12-13_2023-05-02_12-48-48\dados_vistoria_Chassi-Motor-LABELED.json,Motor,OK,Apto_2023-05-02_12-12-13_2023-05-02_12-48-48\imgs\1300_2d340fc0-3b7f-4056-9a7f-4ed78446b491.jpg,MT0003063,0.1,0.02872264919547493,"[[940, 1042], [489, 839], [523, 527], [1061, 624]]","[[949.4067000543243, 1059.9242141515313], [475.14128932037687, 842.0433197611652], [508.4520106252986, 515.3398854801923], [1080.0, 614.692580607111]]",3c6bf336d0c96e0c9c43a2213e09ec0400c262462728e52662db4a6359a3cca8,sem_margem\Apto_2023-05-02_12-12-13_2023-05-02_12-48-48\000_Motor_1300_2d340fc0-3b7f-4056-9a7f-4ed78446b491.png,com_margem\Apto_2023-05-02_12-12-13_2023-05-02_12-48-48\000_Motor_1300_2d340fc0-3b7f-4056-9a7f-4ed78446b491.png,
Apto_2023-05-02_12-35-04_2023-05-02_13-08-48\dados_vistoria_Chassi-Motor-LABELED.json,Chassi,OK,Apto_2023-05-02_12-35-04_2023-05-02_13-08-48\imgs\1306_81a4b3c0-35a7-4359-9279-ab4681558f62.jpg,9BD27804D97166897,0.1,0.1,"[[478, 1429], [478, 884], [824, 884], [824, 1429]]","[[443.4000000000001, 1483.5000000000002], [443.4000000000001, 829.4999999999999], [858.6, 829.4999999999999], [858.6000000000001, 1483.5000000000002]]",e11c4ea11c2421cf872f902df4df15897f51d5b7a8c3e9f7259fa77a6b294468,sem_margem\Apto_2023-05-02_12-35-04_2023-05-02_13-08-48\000_Chassi_1306_81a4b3c0-35a7-4359-9279-ab4681558f62.png,com_margem\Apto_2023-05-02_12-35-04_2023-05-02_13-08-48\000_Chassi_1306_81a4b3c0-35a7-4359-9279-ab4681558f62.png,
Apto_2023-05-02_12-35-04_2023-05-02_13-08-48\dados_vistoria_Chassi-Motor-LABELED.json,Motor,OK,Apto_2023-05-02_12-35-04_2023-05-02_13-08-48\imgs\1306_25659b16-9c07-4ee5-be4d-24de00a84afa.jpg,X70509398,0.1,0.1,"[[466, 489], [745, 1249], [568, 1313], [327, 568]]","[[451.62000000000006, 404.95000000000005], [790.98, 1318.7500000000002], [574.02, 1393.75], [289.38, 501.55000000000007]]",8ad9a8ee34aa47cdcda11f6d00d493db29a8b48b6c34a45cf068aadccefbdba6,sem_margem\Apto_2023-05-02_12-35-04_2023-05-02_13-08-48\000_Motor_1306_25659b16-9c07-4ee5-be4d-24de00a84afa.png,com_margem\Apto_2023-05-02_12-35-04_2023-05-02_13-08-48\000_Motor_1306_25659b16-9c07-4ee5-be4d-24de00a84afa.png,
Apto_2023-05-03_09-46-19_2023-05-03_11-39-13\dados_vistoria_Chassi-Motor-LABELED.json,Chassi,OK,Apto_2023-05-03_09-46-19_2023-05-03_11-39-13\imgs\1413_0f9608a2-46e6-4bb6-9b90-186e9960a00f.jpg,9C2MC35007R047752,0.1,0.1,"[[316, 1621], [316, 478], [466, 481], [470, 1610]]","[[300.5600000000001, 1736.5400000000004], [301.04, 363.25999999999993], [480.56000000000006, 368.5399999999999], [485.84000000000003, 1721.6600000000003]]",c83bde8461d089010983ce789d028f310c66b8b5e6ec49aeb23e53afe2bc51ea,sem_margem\Apto_2023-05-03_09-46-19_2023-05-03_11-39-13\000_Chassi_1413_0f9608a2-46e6-4bb6-9b90-186e9960a00f.png,com_margem\Apto_2023-05-03_09-46-19_2023-05-03_11-39-13\000_Chassi_1413_0f9608a2-46e6-4bb6-9b90-186e9960a00f.png,
Apto_2023-05-03_09-46-19_2023-05-03_11-39-13\dados_vistoria_Chassi-Motor-LABELED.json,Motor,OK,Apto_2023-05-03_09-46-19_2023-05-03_11-39-13\imgs\1413_f7ed9f73-11ac-4643-8259-3c24a551b38c.jpg,MC35E-7047752,0.1,0.1,"[[331, 1418], [331, 993], [568, 993], [568, 1418]]","[[307.3, 1460.5000000000002], [307.3, 950.5], [591.7, 950.4999999999999], [591.7, 1460.5]]",252f2cf738e07b821387f8c867471e6418ca9a4cdabe9836131c341f86336d7f,sem_margem\Apto_2023-05-03_09-46-19_2023-05-03_11-39-13\000_Motor_1413_f7ed9f73-11ac-4643-8259-3c24a551b38c.png,com_margem\Apto_2023-05-03_09-46-19_2023-05-03_11-39-13\000_Motor_1413_f7ed9f73-11ac-4643-8259-3c24a551b38c.png,
Apto_2023-05-03_10-53-46_2023-05-03_12-00-38\dados_vistoria_Chassi-Motor-LABELED.json,Chassi,OK,Apto_2023-05-03_10-53-46_2023-05-03_12-00-38\imgs\1438_78f2ac6c-6100-4226-b89a-30a1795698c3.jpg,93ZM2APH048700030,0.1,0.1,"[[429, 335], [481, 1572], [331, 1561], [293, 365]]","[[437.26, 207.89000000000007], [501.34000000000003, 1697.2100000000003], [319.65999999999997, 1679.0900000000001], [275.74, 248.81000000000003]]",cb2d215bcca3a0b829876afaeacace7da6ad81cd19fc17b957e7e8d9ee2a6792,sem_margem\Apto_2023-05-03_10-53-46_2023-05-03_12-00-38\000_Chassi_1438_78f2ac6c-6100-4226-b89a-30a1795698c3.png,com_margem\Apto_2023-05-03_10-53-46_2023-05-03_12-00-38\000_Chassi_1438_78f2ac6c-6100-4226-b89a-30a1795698c3.png,
Apto_2023-05-03_10-53-46_2023-05-03_12-00-38\dados_vistoria_Chassi-Motor-LABELED.json,Motor,OK,Apto_2023-05-03_10-53-46_2023-05-03_12-00-38\imgs\1438_bac138c7-e7ee-49cf-85b8-1231c994314c.jpg,821042KA3000834399,0.1,0.1,"[[459, 1644], [542, 350], [711, 361], [636, 1618]]","[[432.9200000000001, 1776.3700000000001], [533.48, 219.12999999999988], [735.32, 236.76999999999987], [646.2800000000001, 1740.73]]",8205ff47d60851a5e210e5ff8c66c3ac54dff4853c12aeafabbab0439800f3e5,sem_margem\Apto_2023-05-03_10-53-46_2023-05-03_12-00-38\000_Motor_1438_bac138c7-e7ee-49cf-85b8-1231c994314c.png,com_margem\Apto_2023-05-03_10-53-46_2023-05-03_12-00-38\000_Motor_1438_bac138c7-e7ee-49cf-85b8-1231c994314c.png,
Apto_2023-05-04_04-08-02_2023-05-04_09-45-25\dados_vistoria_Chassi-Motor-LABELED.json,Chassi,OK,Apto_2023-05-04_04-08-02_2023-05-04_09-45-25\imgs\1478_94d3d8f5-e774-4587-9e70-3fc334b145d5.jpg,943BAS08391003006,0.1,0.023673469387755032,"[[29, 246], [1254, 246], [1254, 367], [29, 367]]","[[8.681944052568724e-14, 243.1355102040816], [1283.0, 243.13551020408164], [1283.0, 369.86448979591836], [8.526512829121202e-14, 369.86448979591836]]",2024c563c5ae5211c950e6a511c2ad5fcf96a86f910fb90bfe8f51b2bcafa1b8,sem_margem\Apto_2023-05-04_04-08-02_2023-05-04_09-45-25\000_Chassi_1478_94d3d8f5-e774-4587-9e70-3fc334b145d5.png,com_margem\Apto_2023-05-04_04-08-02_2023-05-04_09-45-25\000_Chassi_1478_94d3d8f5-e774-4587-9e70-3fc334b145d5.png,
Apto_2023-05-04_04-08-02_2023-05-04_09-45-25\dados_vistoria_Chassi-Motor-LABELED.json,Motor,AUSENCIA_DECLARADA,,00,0.1,,,,,,,
Apto_2023-05-04_04-12-12_2023-05-04_05-48-44\dados_vistoria_Chassi-Motor-LABELED.json,Chassi,OK,Apto_2023-05-04_04-12-12_2023-05-04_05-48-44\imgs\1479_d7c938cc-dd55-4b29-a3b9-bdf32d8748c7.jpg,9BSR4X2A073607142,0.1,0.008423586040914357,"[[39, 178], [870, 178], [870, 451], [39, 451]]","[[32.00000000000017, 175.70036101083033], [876.9999999999999, 175.70036101083036], [876.9999999999999, 453.29963898916964], [32.00000000000016, 453.2996389891696]]",07cea7b9335ee1fa8e3e7f11db8d8e4a05da8e5377c8e95a588ec0bb66ed0db4,sem_margem\Apto_2023-05-04_04-12-12_2023-05-04_05-48-44\000_Chassi_1479_d7c938cc-dd55-4b29-a3b9-bdf32d8748c7.png,com_margem\Apto_2023-05-04_04-12-12_2023-05-04_05-48-44\000_Chassi_1479_d7c938cc-dd55-4b29-a3b9-bdf32d8748c7.png,
Apto_2023-05-04_04-12-12_2023-05-04_05-48-44\dados_vistoria_Chassi-Motor-LABELED.json,Motor,OK,Apto_2023-05-04_04-12-12_2023-05-04_05-48-44\imgs\1479_f5e80f1f-f09f-4e05-bcd8-3bb34fef7971.jpg,8088274,0.1,0.052694008934490104,"[[49, 384], [926, 206], [941, 357], [100, 508]]","[[8.881784197001252e-15, 386.92044626405726], [971.5221954103237, 188.58870127895787], [986.0061119391304, 357.0749697815949], [58.47169265054599, 522.4158826753899]]",99bb1d246864d0915edacc13f8c61403b14927d9e55c74a8eef2ad6941be4446,sem_margem\Apto_2023-05-04_04-12-12_2023-05-04_05-48-44\000_Motor_1479_f5e80f1f-f09f-4e05-bcd8-3bb34fef7971.png,com_margem\Apto_2023-05-04_04-12-12_2023-05-04_05-48-44\000_Motor_1479_f5e80f1f-f09f-4e05-bcd8-3bb34fef7971.png,
Apto_2023-05-04_05-21-55_2023-05-04_09-31-59\dados_vistoria_Chassi-Motor-LABELED.json,Chassi,OK,Apto_2023-05-04_05-21-55_2023-05-04_09-31-59\imgs\1504_541ce99d-5524-41c9-8eaa-a049632c3dcd.jpg,8AJBA3CD8H1584206,0.1,0.04467281035483578,"[[84, 320], [1598, 305], [1602, 454], [84, 482]]","[[16.373347762718613, 313.40715329803413], [1665.4479609958619, 297.69960268161185], [1670.0, 459.37946647313015], [16.178691241419273, 490.51377754722375]]",0d701b1dfd6779666d899bf61faeec71f8e943a04b928b27151ade3efb22f130,sem_margem\Apto_2023-05-04_05-21-55_2023-05-04_09-31-59\000_Chassi_1504_541ce99d-5524-41c9-8eaa-a049632c3dcd.png,com_margem\Apto_2023-05-04_05-21-55_2023-05-04_09-31-59\000_Chassi_1504_541ce99d-5524-41c9-8eaa-a049632c3dcd.png,
Apto_2023-05-04_05-21-55_2023-05-04_09-31-59\dados_vistoria_Chassi-Motor-LABELED.json,Motor,OK,Apto_2023-05-04_05-21-55_2023-05-04_09-31-59\imgs\1504_0b5f596f-2de0-449c-992b-b8171fabaf7e.jpg,1GD4187702,0.1,0.05851077530223856,"[[133, 155], [574, 170], [550, 591], [36, 545]]","[[113.12220958636216, 131.4092648382139], [600.9575942252087, 146.1384963916706], [578.920196188429, 618.4306609017659], [7.105427357601002e-15, 565.0215778683495]]",9c6288e679668aa02e882cd1285a4293cd4e48765040f1f0b6ef5b5663cb58eb,sem_margem\Apto_2023-05-04_05-21-55_2023-05-04_09-31-59\000_Motor_1504_0b5f596f-2de0-449c-992b-b8171fabaf7e.png,com_margem\Apto_2023-05-04_05-21-55_2023-05-04_09-31-59\000_Motor_1504_0b5f596f-2de0-449c-992b-b8171fabaf7e.png,
Apto_2023-05-04_09-23-30_2023-05-04_12-55-46\dados_vistoria_Chassi-Motor-LABELED.json,Chassi,OK,Apto_2023-05-04_09-23-30_2023-05-04_12-55-46\imgs\1549_18ef7d96-8514-4076-8659-26c51feb9b2b.jpg,9BWCB21J8Y4002938,0.1,0.1,"[[127, 271], [1184, 215], [1184, 398], [134, 417]]","[[20.53000000000001, 262.37000000000006], [1289.7700000000002, 190.73000000000002], [1288.9300000000003, 414.77000000000004], [29.77000000000001, 433.13]]",6b99a43276bbef68d565d35fb91d2cc09b553b6bb11f33ad3438f63f999307e5,sem_margem\Apto_2023-05-04_09-23-30_2023-05-04_12-55-46\000_Chassi_1549_18ef7d96-8514-4076-8659-26c51feb9b2b.png,com_margem\Apto_2023-05-04_09-23-30_2023-05-04_12-55-46\000_Chassi_1549_18ef7d96-8514-4076-8659-26c51feb9b2b.png,
Apto_2023-05-04_09-23-30_2023-05-04_12-55-46\dados_vistoria_Chassi-Motor-LABELED.json,Motor,OK,Apto_2023-05-04_09-23-30_2023-05-04_12-55-46\imgs\1549_95c15247-b460-45a6-b63a-f3273490642a.jpg,APK002053,0.1,0.03151682225444308,"[[408, 20], [637, 647], [469, 701], [266, 29]]","[[405.232210401653, 2.275957200481571e-14], [649.5380044972244, 665.01444019797], [470.077262716695, 723.9259119105515], [255.15252238442758, 8.059647891478424]]",0f685e825a25ef5701c2ce884467073f0026546272359cce6462baecb3cb7f5a,sem_margem\Apto_2023-05-04_09-23-30_2023-05-04_12-55-46\000_Motor_1549_95c15247-b460-45a6-b63a-f3273490642a.png,com_margem\Apto_2023-05-04_09-23-30_2023-05-04_12-55-46\000_Motor_1549_95c15247-b460-45a6-b63a-f3273490642a.png,
Apto_2023-05-04_10-01-39_2023-05-04_12-24-47\dados_vistoria_Chassi-Motor-LABELED.json,Chassi,OK,Apto_2023-05-04_10-01-39_2023-05-04_12-24-47\imgs\1566_36edd723-1823-4646-b652-66f0e054ec65.jpg,9BVAN60C36E721597,0.1,0.1,"[[166, 274], [1294, 271], [1294, 392], [164, 389]]","[[53.42, 262.86000000000007], [1406.7800000000004, 258.53999999999996], [1407.0200000000002, 404.46], [50.78, 400.14]]",6a3aad64e61a6d6b8fb5b549e199baca84bd2388149d12414de81f40ebc2edce,sem_margem\Apto_2023-05-04_10-01-39_2023-05-04_12-24-47\000_Chassi_1566_36edd723-1823-4646-b652-66f0e054ec65.png,com_margem\Apto_2023-05-04_10-01-39_2023-05-04_12-24-47\000_Chassi_1566_36edd723-1823-4646-b652-66f0e054ec65.png,
Apto_2023-05-04_10-01-39_2023-05-04_12-24-47\dados_vistoria_Chassi-Motor-LABELED.json,Motor,OK,Apto_2023-05-04_10-01-39_2023-05-04_12-24-47\imgs\1566_2e7c2656-a228-49ee-b075-71d42e5263c8.jpg,D12*782043*D1*E,0.1,0.0448717948717948,"[[105, 202], [1041, 202], [1041, 359], [105, 359]]","[[63.00000000000004, 194.95512820512818], [1083.0, 194.9551282051282], [1083.0, 366.0448717948718], [63.00000000000006, 366.04487179487177]]",206eef313910eb46f8c64e67bc63a22f49b2140404224edf5a86ac18c4236828,sem_margem\Apto_2023-05-04_10-01-39_2023-05-04_12-24-47\000_Motor_1566_2e7c2656-a228-49ee-b075-71d42e5263c8.png,com_margem\Apto_2023-05-04_10-01-39_2023-05-04_12-24-47\000_Motor_1566_2e7c2656-a228-49ee-b075-71d42e5263c8.png,
Apto_2023-05-04_10-54-12_2023-05-04_11-32-30\dados_vistoria_Chassi-Motor-LABELED.json,Chassi,OK,Apto_2023-05-04_10-54-12_2023-05-04_11-32-30\imgs\1580_558a0223-7d12-40d3-81c8-bae7a0668b67.jpg,9BD15822786056652,0.1,0.08139534883720928,"[[91, 116], [1209, 116], [1209, 629], [91, 629]]","[[4.085620730620576e-14, 74.24418604651164], [1300.0, 74.24418604651164], [1300.0, 670.7558139534883], [4.263256414560601e-14, 670.7558139534883]]",079fec442c67e0e44b201b1907c8f34113f2794c17d5182974a5c95ce5830ac4,sem_margem\Apto_2023-05-04_10-54-12_2023-05-04_11-32-30\000_Chassi_1580_558a0223-7d12-40d3-81c8-bae7a0668b67.png,com_margem\Apto_2023-05-04_10-54-12_2023-05-04_11-32-30\000_Chassi_1580_558a0223-7d12-40d3-81c8-bae7a0668b67.png,
Apto_2023-05-04_10-54-12_2023-05-04_11-32-30\dados_vistoria_Chassi-Motor-LABELED.json,Motor,OK,Apto_2023-05-04_10-54-12_2023-05-04_11-32-30\imgs\1580_ededd81c-6130-48aa-a14c-c825a3cae072.jpg,146E1011*7904711*,0.1,0.025075152617246584,"[[21, 155], [675, 93], [757, 363], [202, 453]]","[[6.039613253960852e-14, 149.06465861052402], [689.4052348616641, 84.69265470287993], [772.910624652587, 367.49592209929864], [192.68414048574883, 462.7467645872975]]",f29a69b66ed07bfffb1783f5add032ae4a7a8344823189b54e672c9816017ff5,sem_margem\Apto_2023-05-04_10-54-12_2023-05-04_11-32-30\000_Motor_1580_ededd81c-6130-48aa-a14c-c825a3cae072.png,com_margem\Apto_2023-05-04_10-54-12_2023-05-04_11-32-30\000_Motor_1580_ededd81c-6130-48aa-a14c-c825a3cae072.png,
Apto_2023-05-04_11-35-51_2023-05-04_12-22-30\dados_vistoria_Chassi-Motor-LABELED.json,Chassi,OK,Apto_2023-05-04_11-35-51_2023-05-04_12-22-30\imgs\1595_389dd562-173a-4e7b-a345-e3fcedb19811.jpg,9BD15822564686126,0.1,0.1,"[[411, 229], [1748, 229], [1748, 762], [411, 762]]","[[277.30000000000007, 175.70000000000005], [1881.7000000000003, 175.7], [1881.7000000000003, 815.3000000000001], [277.3, 815.3000000000001]]",32150e16cac065f89c3039d1f257963cd3da3d63de81ca302b801ed487c25b7b,sem_margem\Apto_2023-05-04_11-35-51_2023-05-04_12-22-30\000_Chassi_1595_389dd562-173a-4e7b-a345-e3fcedb19811.png,com_margem\Apto_2023-05-04_11-35-51_2023-05-04_12-22-30\000_Chassi_1595_389dd562-173a-4e7b-a345-e3fcedb19811.png,
Apto_2023-05-04_11-35-51_2023-05-04_12-22-30\dados_vistoria_Chassi-Motor-LABELED.json,Motor,OK,Apto_2023-05-04_11-35-51_2023-05-04_12-22-30\imgs\1595_3bed34c0-27d3-4818-8bf7-f6fad31d83fb.jpg,178D9011*6382344*,0.1,0.1,"[[86, 283], [658, 138], [674, 377], [243, 557]]","[[11.690000000000005, 269.75], [715.0100000000001, 99.95], [717.29, 382.55], [217.01, 602.7500000000001]]",1ed0ce9bd9016a904ce65f17361e73d993b5e5b10cab5e67dfe467968f20342f,sem_margem\Apto_2023-05-04_11-35-51_2023-05-04_12-22-30\000_Motor_1595_3bed34c0-27d3-4818-8bf7-f6fad31d83fb.png,com_margem\Apto_2023-05-04_11-35-51_2023-05-04_12-22-30\000_Motor_1595_3bed34c0-27d3-4818-8bf7-f6fad31d83fb.png,
Apto_2023-05-04_12-46-52_2023-05-04_13-33-50\dados_vistoria_Chassi-Motor-LABELED.json,Chassi,OK,Apto_2023-05-04_12-46-52_2023-05-04_13-33-50\imgs\1607_6d53b9c7-81ab-4617-9d40-e9bd54232ee6.jpg,9BFZF55A0E8011583,0.1,0.1,"[[598, 282], [598, 1787], [436, 1787], [436, 282]]","[[614.2000000000002, 131.5], [614.2, 1937.5000000000005], [419.79999999999995, 1937.5000000000002], [419.79999999999995, 131.5]]",f74141583998b35934dc4d6b2d4844770330c2c3ff246450a82f33da9c6d4fe6,sem_margem\Apto_2023-05-04_12-46-52_2023-05-04_13-33-50\000_Chassi_1607_6d53b9c7-81ab-4617-9d40-e9bd54232ee6.png,com_margem\Apto_2023-05-04_12-46-52_2023-05-04_13-33-50\000_Chassi_1607_6d53b9c7-81ab-4617-9d40-e9bd54232ee6.png,
Apto_2023-05-04_12-46-52_2023-05-04_13-33-50\dados_vistoria_Chassi-Motor-LABELED.json,Motor,OK,Apto_2023-05-04_12-46-52_2023-05-04_13-33-50\imgs\1607_7a245750-3fb9-4fc2-95db-670b3521a543.jpg,SM9AE8011583,0.1,0.026133034889770635,"[[113, 1576], [726, 41], [997, 75], [380, 1614]]","[[90.00566103905203, 1615.118421487936], [734.9347661902513, 1.4033219031261979e-13], [1020.2088667241666, 35.667050748845064], [370.85070604653004, 1655.2145277632183]]",f866dc814b3664bdfef510a241eb1e1581aad213e764906eb554091d4b5d3bd3,sem_margem\Apto_2023-05-04_12-46-52_2023-05-04_13-33-50\000_Motor_1607_7a245750-3fb9-4fc2-95db-670b3521a543.png,com_margem\Apto_2023-05-04_12-46-52_2023-05-04_13-33-50\000_Motor_1607_7a245750-3fb9-4fc2-95db-670b3521a543.png,
Apto_2023-05-05_06-32-03_2023-05-05_07-14-50\dados_vistoria_Chassi-Motor-LABELED.json,Chassi,OK,Apto_2023-05-05_06-32-03_2023-05-05_07-14-50\imgs\1644_5fefded0-8e2c-412a-a82e-91c4eb571952.jpg,9C2JC4830JR008198,0.1,0.01793339026473096,"[[21, 204], [1192, 204], [1192, 549], [21, 549]]","[[4.54081217071689e-14, 197.8129803586678], [1212.9999999999998, 197.8129803586678], [1212.9999999999998, 555.1870196413322], [4.618527782440651e-14, 555.1870196413322]]",bedbf0645396f32970529cca90c5e928bdcb001b6af6d951255d64a235e61b9f,sem_margem\Apto_2023-05-05_06-32-03_2023-05-05_07-14-50\000_Chassi_1644_5fefded0-8e2c-412a-a82e-91c4eb571952.png,com_margem\Apto_2023-05-05_06-32-03_2023-05-05_07-14-50\000_Chassi_1644_5fefded0-8e2c-412a-a82e-91c4eb571952.png,
Apto_2023-05-05_06-32-03_2023-05-05_07-14-50\dados_vistoria_Chassi-Motor-LABELED.json,Motor,OK,Apto_2023-05-05_06-32-03_2023-05-05_07-14-50\imgs\1644_857f25a6-c235-4e81-9332-264643b17208.jpg,JC48E3J007805,0.1,0.1,"[[62, 108], [582, 108], [582, 352], [62, 352]]","[[10.0, 83.6], [634.0000000000001, 83.6], [634.0, 376.40000000000003], [10.0, 376.40000000000003]]",0c9f87ea84697d591f32bc3f40384666807e0491e566c4855ec89d469c30f552,sem_margem\Apto_2023-05-05_06-32-03_2023-05-05_07-14-50\000_Motor_1644_857f25a6-c235-4e81-9332-264643b17208.png,com_margem\Apto_2023-05-05_06-32-03_2023-05-05_07-14-50\000_Motor_1644_857f25a6-c235-4e81-9332-264643b17208.png,
Apto_2023-05-05_09-36-17_2023-05-05_10-20-31\dados_vistoria_Chassi-Motor-LABELED.json,Chassi,OK,Apto_2023-05-05_09-36-17_2023-05-05_10-20-31\imgs\1674_197e391c-c81b-41fa-bf92-a4ee2c60b328.jpg,93XPNK7409C953655,0.1,0.1,"[[107, 219], [989, 58], [1001, 170], [128, 329]]","[[16.610000000000007, 224.12000000000006], [1076.0900000000004, 30.679999999999982], [1089.4100000000003, 165.32000000000002], [42.890000000000015, 355.88000000000005]]",78f6718f66cc4ae206fbe4323e8a2ebdd305d6d05b6197168116536bfeda24b2,sem_margem\Apto_2023-05-05_09-36-17_2023-05-05_10-20-31\000_Chassi_1674_197e391c-c81b-41fa-bf92-a4ee2c60b328.png,com_margem\Apto_2023-05-05_09-36-17_2023-05-05_10-20-31\000_Chassi_1674_197e391c-c81b-41fa-bf92-a4ee2c60b328.png,
Apto_2023-05-05_09-36-17_2023-05-05_10-20-31\dados_vistoria_Chassi-Motor-LABELED.json,Motor,OK,Apto_2023-05-05_09-36-17_2023-05-05_10-20-31\imgs\1674_838670e8-8633-454a-b1ec-5498c763fb0f.jpg,4D56CL8802,0.1,0.1,"[[555, 48], [806, 322], [696, 475], [410, 207]]","[[544.7500000000001, 4.640000000000008], [841.75, 334.16], [713.9499999999999, 517.0400000000001], [366.55, 196.16000000000003]]",2e1cf852634ef83146f0110c28f626f713728f996d05cf84e615357b987df265,sem_margem\Apto_2023-05-05_09-36-17_2023-05-05_10-20-31\000_Motor_1674_838670e8-8633-454a-b1ec-5498c763fb0f.png,com_margem\Apto_2023-05-05_09-36-17_2023-05-05_10-20-31\000_Motor_1674_838670e8-8633-454a-b1ec-5498c763fb0f.png,
Apto_2023-05-05_10-12-44_2023-05-05_11-20-11\dados_vistoria_Chassi-Motor-LABELED.json,Chassi,OK,Apto_2023-05-05_10-12-44_2023-05-05_11-20-11\imgs\1686_db2d580e-efb0-4bc0-ac82-3026acd718a1.jpg,9BHGC813BJP042756,0.1,0.04775123108465282,"[[59, 114], [1292, 108], [1304, 234], [62, 296]]","[[2.886579864025407e-14, 105.46809324517551], [1350.2837315337304, 101.82452758075142], [1363.9005654007856, 236.9283887054922], [2.8157030654842714, 307.77899046858096]]",a91610634289aefda5121423e4c164da8ed4c5d72f867e1b9dec453e7f512a81,sem_margem\Apto_2023-05-05_10-12-44_2023-05-05_11-20-11\000_Chassi_1686_db2d580e-efb0-4bc0-ac82-3026acd718a1.png,com_margem\Apto_2023-05-05_10-12-44_2023-05-05_11-20-11\000_Chassi_1686_db2d580e-efb0-4bc0-ac82-3026acd718a1.png,
Apto_2023-05-05_10-12-44_2023-05-05_11-20-11\dados_vistoria_Chassi-Motor-LABELED.json,Motor,OK,Apto_2023-05-05_10-12-44_2023-05-05_11-20-11\imgs\1686_73464544-7905-4aa6-b34a-f3558706bdbb.jpg,F4NAHU634940,0.1,0.1,"[[395, 293], [933, 207], [937, 497], [384, 545]]","[[342.45000000000005, 276.7800000000001], [986.25, 169.02], [992.8500000000001, 521.58], [327.45000000000005, 574.62]]",c94594b3058a80a543b9b1575554813639ecdbdb2e796c2759889219611f9d64,sem_margem\Apto_2023-05-05_10-12-44_2023-05-05_11-20-11\000_Motor_1686_73464544-7905-4aa6-b34a-f3558706bdbb.png,com_margem\Apto_2023-05-05_10-12-44_2023-05-05_11-20-11\000_Motor_1686_73464544-7905-4aa6-b34a-f3558706bdbb.png,
Apto_2023-05-05_10-24-46_2023-05-08_09-04-55\dados_vistoria_Chassi-Motor-LABELED.json,Chassi,OK,Apto_2023-05-05_10-24-46_2023-05-08_09-04-55\imgs\1693_32bd07cb-5160-49ed-b322-6da0375c1160.jpg,98822616CLKC78283,0.1,0.09038320983386132,"[[108, 276], [1209, 222], [1178, 594], [161, 647]]","[[3.0115693836548036, 247.35669160728585], [1312.0, 183.48858348615522], [1266.431638428118, 622.8404130616216], [74.55679218822692, 685.3143118449373]]",3735fb2e8103e8f78777545edc1ccd133b152e66bdb8331848c681072fb1f40f,sem_margem\Apto_2023-05-05_10-24-46_2023-05-08_09-04-55\000_Chassi_1693_32bd07cb-5160-49ed-b322-6da0375c1160.png,com_margem\Apto_2023-05-05_10-24-46_2023-05-08_09-04-55\000_Chassi_1693_32bd07cb-5160-49ed-b322-6da0375c1160.png,
Apto_2023-05-05_10-24-46_2023-05-08_09-04-55\dados_vistoria_Chassi-Motor-LABELED.json,Motor,OK,Apto_2023-05-05_10-24-46_2023-05-08_09-04-55\imgs\1693_af52233d-e59c-4e58-a453-05b8332e3884.jpg,552616748809693,0.1,0.1,"[[182, 74], [818, 316], [811, 404], [202, 164]]","[[116.13000000000002, 40.780000000000015], [882.5700000000002, 331.4200000000001], [870.9300000000001, 436.78000000000003], [143.37, 149.02]]",7cd8175d829b67d350a9f00ce780bdc4ba5e266be65295608cfa1048ba34e132,sem_margem\Apto_2023-05-05_10-24-46_2023-05-08_09-04-55\000_Motor_1693_af52233d-e59c-4e58-a453-05b8332e3884.png,com_margem\Apto_2023-05-05_10-24-46_2023-05-08_09-04-55\000_Motor_1693_af52233d-e59c-4e58-a453-05b8332e3884.png,
Apto_2023-05-05_11-33-29_2023-05-06_06-19-31\dados_vistoria_Chassi-Motor-LABELED.json,Chassi,OK,Apto_2023-05-05_11-33-29_2023-05-06_06-19-31\imgs\1709_900d8f93-ee80-4814-b613-3e711b7cb845.jpg,9BVN2B5A0SE650748,0.1,8.881784197001253e-17,"[[188, 454], [1601, 164], [1604, 421], [215, 618]]","[[187.99999999999983, 453.99999999999994], [1600.9999999999998, 163.99999999999997], [1604.0, 421.0], [214.99999999999986, 618.0]]",56ba4570c2dc8d922fed6b7dba38f08aa85725e1b0a8a95ba30b8b8e25e8cc0b,sem_margem\Apto_2023-05-05_11-33-29_2023-05-06_06-19-31\000_Chassi_1709_900d8f93-ee80-4814-b613-3e711b7cb845.png,com_margem\Apto_2023-05-05_11-33-29_2023-05-06_06-19-31\000_Chassi_1709_900d8f93-ee80-4814-b613-3e711b7cb845.png,
Apto_2023-05-05_11-33-29_2023-05-06_06-19-31\dados_vistoria_Chassi-Motor-LABELED.json,Motor,OK,Apto_2023-05-05_11-33-29_2023-05-06_06-19-31\imgs\1709_904fae79-b7ee-485d-acfe-2eb89c6cc321.jpg,TD122F135746668,0.1,0.1,"[[349, 757], [1514, 564], [1520, 653], [383, 895]]","[[228.82000000000005, 762.0100000000001], [1630.18, 536.29], [1634.02, 637.21], [272.98, 933.4900000000002]]",65369ada5b7677fcc5e31cdfb2c25832c0a52d4aca210fdd314257f3fcf344fa,sem_margem\Apto_2023-05-05_11-33-29_2023-05-06_06-19-31\000_Motor_1709_904fae79-b7ee-485d-acfe-2eb89c6cc321.png,com_margem\Apto_2023-05-05_11-33-29_2023-05-06_06-19-31\000_Motor_1709_904fae79-b7ee-485d-acfe-2eb89c6cc321.png,
Apto_2023-05-05_11-43-39_2023-05-05_12-17-35\dados_vistoria_Chassi-Motor-LABELED.json,Chassi,OK,Apto_2023-05-05_11-43-39_2023-05-05_12-17-35\imgs\1711_c4747681-e398-4ce3-8a67-ce904a2a573b.jpg,9BRBD3HE4K0410150,0.1,0.01549295774647872,"[[59, 142], [1476, 89], [1473, 243], [56, 287]]","[[37.09295774647907, 140.57680817298157], [1497.9999999999998, 85.7907974608213], [1494.907042253521, 244.70638563777027], [34.00000000000021, 289.92600872842684]]",009966b7f70ba9416694f330eb827c166c57b499ae5594a3227181f378c5ecb4,sem_margem\Apto_2023-05-05_11-43-39_2023-05-05_12-17-35\000_Chassi_1711_c4747681-e398-4ce3-8a67-ce904a2a573b.png,com_margem\Apto_2023-05-05_11-43-39_2023-05-05_12-17-35\000_Chassi_1711_c4747681-e398-4ce3-8a67-ce904a2a573b.png,
Apto_2023-05-05_11-43-39_2023-05-05_12-17-35\dados_vistoria_Chassi-Motor-LABELED.json,Motor,OK,Apto_2023-05-05_11-43-39_2023-05-05_12-17-35\imgs\1711_6b95fbb9-0c5e-45d4-8c6b-4535ed71d4c5.jpg,M588024,0.1,0.059121703581310386,"[[37, 217], [654, 149], [648, 216], [45, 325]]","[[1.3322676295501878e-14, 214.49182144753897], [690.8817565928373, 141.1618804257317], [683.2467217763613, 213.37357804037637], [9.871521630801304, 337.9727200863529]]",1e55b3bc6fccefa8556d6757d23d0010ee2a4036045a91979cdc6647cc7d618b,sem_margem\Apto_2023-05-05_11-43-39_2023-05-05_12-17-35\000_Motor_1711_6b95fbb9-0c5e-45d4-8c6b-4535ed71d4c5.png,com_margem\Apto_2023-05-05_11-43-39_2023-05-05_12-17-35\000_Motor_1711_6b95fbb9-0c5e-45d4-8c6b-4535ed71d4c5.png,
Apto_2023-05-06_06-22-54_2023-05-08_03-05-57\dados_vistoria_Chassi-Motor-LABELED.json,Chassi,OK,Apto_2023-05-06_06-22-54_2023-05-08_03-05-57\imgs\1751_0220cbb5-a73b-4f22-8a1e-24906fbafb4a.jpg,9BVAS02D0BE780774,0.1,0.061005671471975206,"[[186, 226], [1372, 234], [1362, 560], [186, 565]]","[[113.61005671471992, 204.78265000385187], [1444.9999999999998, 214.64857846728458], [1433.0953960168056, 579.5344385471315], [114.29454726847462, 586.0343329817322]]",5f6e25c1e04e0d8cfd1803e2f1b428b9566faa7e960c1ef5fb1a245bb5363ee1,sem_margem\Apto_2023-05-06_06-22-54_2023-05-08_03-05-57\000_Chassi_1751_0220cbb5-a73b-4f22-8a1e-24906fbafb4a.png,com_margem\Apto_2023-05-06_06-22-54_2023-05-08_03-05-57\000_Chassi_1751_0220cbb5-a73b-4f22-8a1e-24906fbafb4a.png,
Apto_2023-05-06_06-22-54_2023-05-08_03-05-57\dados_vistoria_Chassi-Motor-LABELED.json,Motor,OK,Apto_2023-05-06_06-22-54_2023-05-08_03-05-57\imgs\1751_4fa347ed-6682-457a-bb28-388554afd8dc.jpg,D13*848413*A1*E,0.1,0.0563557160796524,"[[34, 47], [631, 144], [594, 454], [38, 446]]","[[4.1744385725905886e-14, 18.76490378509072], [666.8597386306285, 132.27889351443574], [623.1184020092106, 471.63845667392775], [7.021859360160732, 468.31774602654576]]",89d9f92e72bd9d6e52a59c1cf63f5d22598b22e293ca5e09afc27da600a51e5e,sem_margem\Apto_2023-05-06_06-22-54_2023-05-08_03-05-57\000_Motor_1751_4fa347ed-6682-457a-bb28-388554afd8dc.png,com_margem\Apto_2023-05-06_06-22-54_2023-05-08_03-05-57\000_Motor_1751_4fa347ed-6682-457a-bb28-388554afd8dc.png,
Apto_2023-05-08_09-11-31_2023-05-08_09-51-14\dados_vistoria_Chassi-Motor-LABELED.json,Chassi,OK,Apto_2023-05-08_09-11-31_2023-05-08_09-51-14\imgs\1832_4fcc18c1-716c-4a9f-a4ba-ccbfde985cbc.jpg,9BG148MH0DC498012,0.1,0.003952507421680096,"[[5, 138], [1265, 111], [1265, 318], [10, 355]]","[[8.573697307667771e-14, 137.2488673667316], [1269.9802374628916, 110.07526948647603], [1269.960318702634, 318.6717700385364], [5.059443834474472, 356.004093108256]]",19d4d17a8c506ebae58529987ac3daddac98a19cf0b9c9aab893a0a0f75cbd13,sem_margem\Apto_2023-05-08_09-11-31_2023-05-08_09-51-14\000_Chassi_1832_4fcc18c1-716c-4a9f-a4ba-ccbfde985cbc.png,com_margem\Apto_2023-05-08_09-11-31_2023-05-08_09-51-14\000_Chassi_1832_4fcc18c1-716c-4a9f-a4ba-ccbfde985cbc.png,
Apto_2023-05-08_09-11-31_2023-05-08_09-51-14\dados_vistoria_Chassi-Motor-LABELED.json,Motor,OK,Apto_2023-05-08_09-11-31_2023-05-08_09-51-14\imgs\1832_527d35db-5a54-47d4-bc02-9be8943e7bf6.jpg,V1A062595,0.1,0.1,"[[110, 147], [332, 38], [358, 103], [127, 224]]","[[86.19000000000001, 150.08], [351.51000000000005, 20.719999999999988], [383.79, 97.27999999999999], [105.51, 243.92000000000002]]",13020a9c6180e061a01c0486170b20f8d66ee980a9915b6aac7958e40770177e,sem_margem\Apto_2023-05-08_09-11-31_2023-05-08_09-51-14\000_Motor_1832_527d35db-5a54-47d4-bc02-9be8943e7bf6.png,com_margem\Apto_2023-05-08_09-11-31_2023-05-08_09-51-14\000_Motor_1832_527d35db-5a54-47d4-bc02-9be8943e7bf6.png,
Apto_2023-05-08_09-45-06_2023-05-08_12-49-39\dados_vistoria_Chassi-Motor-LABELED.json,Chassi,OK,Apto_2023-05-08_09-45-06_2023-05-08_12-49-39\imgs\1845_e22133ef-ff2c-4b21-b8c1-90b061d84329.jpg,93HFA66407Z207312,0.1,0.1,"[[685, 504], [790, 1636], [658, 1621], [557, 519]]","[[687.2600000000002, 389.00000000000006], [813.74, 1751.0000000000005], [654.86, 1729.4], [534.1400000000001, 410.6]]",de25ff395df8a906f8da65f31a76d951d4acdb6f707cd4651e8064187ec7559e,sem_margem\Apto_2023-05-08_09-45-06_2023-05-08_12-49-39\000_Chassi_1845_e22133ef-ff2c-4b21-b8c1-90b061d84329.png,com_margem\Apto_2023-05-08_09-45-06_2023-05-08_12-49-39\000_Chassi_1845_e22133ef-ff2c-4b21-b8c1-90b061d84329.png,
Apto_2023-05-08_09-45-06_2023-05-08_12-49-39\dados_vistoria_Chassi-Motor-LABELED.json,Motor,OK,Apto_2023-05-08_09-45-06_2023-05-08_12-49-39\imgs\1845_9734b071-2b4a-4704-ad90-6a59cc884bba.jpg,R18A6-7Z207304,0.1,0.1,"[[523, 350], [824, 948], [504, 1083], [211, 557]]","[[524.02, 268.78], [886.1800000000001, 995.0200000000002], [501.22, 1148.38], [150.57999999999998, 525.8200000000002]]",bdf2f76b0f1e5ade1a7540937d08860b835f73b682a866ecb2a0eebe57e33d03,sem_margem\Apto_2023-05-08_09-45-06_2023-05-08_12-49-39\000_Motor_1845_9734b071-2b4a-4704-ad90-6a59cc884bba.png,com_margem\Apto_2023-05-08_09-45-06_2023-05-08_12-49-39\000_Motor_1845_9734b071-2b4a-4704-ad90-6a59cc884bba.png,
Apto_2023-05-08_11-19-43_2023-05-08_12-10-48\dados_vistoria_Chassi-Motor-LABELED.json,Chassi,OK,Apto_2023-05-08_11-19-43_2023-05-08_12-10-48\imgs\1871_4aef7223-0f6a-44b1-b65d-0410cd51f8b7.jpg,9BG138BC04C403969,0.1,0.030139103554868547,"[[39, 54], [1333, 57], [1333, 283], [39, 270]]","[[9.614531393253856e-14, 47.4086199771147], [1372.0, 50.269896251633405], [1371.9999999999998, 290.21232940524453], [9.947598300641403e-14, 276.10915436600743]]",fb25f6a53848775ccaca59a4c05e0378cfede84a129887a0f2686a923072e116,sem_margem\Apto_2023-05-08_11-19-43_2023-05-08_12-10-48\000_Chassi_1871_4aef7223-0f6a-44b1-b65d-0410cd51f8b7.png,com_margem\Apto_2023-05-08_11-19-43_2023-05-08_12-10-48\000_Chassi_1871_4aef7223-0f6a-44b1-b65d-0410cd51f8b7.png,
Apto_2023-05-08_11-19-43_2023-05-08_12-10-48\dados_vistoria_Chassi-Motor-LABELED.json,Motor,OK,Apto_2023-05-08_11-19-43_2023-05-08_12-10-48\imgs\1871_46649915-ccca-476e-bbd3-27b354a700b0.jpg,40704141418,0.1,0.1,"[[69, 105], [415, 107], [415, 182], [69, 175]]","[[34.4, 97.85000000000002], [449.6000000000001, 99.65], [449.6, 190.25], [34.4, 181.25]]",a18874cc181689944a69bbba7c3d4688ab589ea76ca75adcf9e34a0bb8be2699,sem_margem\Apto_2023-05-08_11-19-43_2023-05-08_12-10-48\000_Motor_1871_46649915-ccca-476e-bbd3-27b354a700b0.png,com_margem\Apto_2023-05-08_11-19-43_2023-05-08_12-10-48\000_Motor_1871_46649915-ccca-476e-bbd3-27b354a700b0.png,
Apto_2023-05-08_11-50-09_2023-05-09_11-30-41\dados_vistoria_Chassi-Motor-LABELED.json,Chassi,OK,Apto_2023-05-08_11-50-09_2023-05-09_11-30-41\imgs\1883_6469616d-e166-4e91-8e6d-d5d392293ca0.jpg,9BFYEALEXDBL44999,0.1,0.1,"[[151, 375], [1302, 413], [1332, 573], [154, 532]]","[[35.870000000000005, 355.5300000000001], [1413.8300000000002, 400.77], [1453.0700000000002, 593.13], [36.23000000000002, 543.57]]",bf3b0e1378f4879df97a39fc4402adae1f16904d2c40799fb5c3962593bbd2d1,sem_margem\Apto_2023-05-08_11-50-09_2023-05-09_11-30-41\000_Chassi_1883_6469616d-e166-4e91-8e6d-d5d392293ca0.png,com_margem\Apto_2023-05-08_11-50-09_2023-05-09_11-30-41\000_Chassi_1883_6469616d-e166-4e91-8e6d-d5d392293ca0.png,
Apto_2023-05-08_11-50-09_2023-05-09_11-30-41\dados_vistoria_Chassi-Motor-LABELED.json,Motor,OK,Apto_2023-05-08_11-50-09_2023-05-09_11-30-41\imgs\1883_fda0eed0-78a5-4d10-b3e8-65e428940b1c.jpg,36442596,0.1,0.06431357549303111,"[[253, 91], [996, 585], [1018, 794], [88, 173]]","[[216.6002294956625, 54.480682487086675], [1041.5966117998407, 602.8040670444411], [1080.0, 847.9055696302884], [16.803158704496454, 137.8096808381836]]",9cac9f299812bfa48f964e92ae4149de95b82d831c57cf40fec701cad422f77d,sem_margem\Apto_2023-05-08_11-50-09_2023-05-09_11-30-41\000_Motor_1883_fda0eed0-78a5-4d10-b3e8-65e428940b1c.png,com_margem\Apto_2023-05-08_11-50-09_2023-05-09_11-30-41\000_Motor_1883_fda0eed0-78a5-4d10-b3e8-65e428940b1c.png,
Apto_2023-05-08_12-17-18_2023-05-09_03-22-07\dados_vistoria_Chassi-Motor-LABELED.json,Chassi,OK,Apto_2023-05-08_12-17-18_2023-05-09_03-22-07\imgs\1894_1a657964-e261-4474-9cd9-04c76aad8df1.jpg,9BD15844AA6393416,0.1,0.03667953667953664,"[[123, 19], [1185, 19], [1185, 537], [123, 537]]","[[84.04633204633213, 2.4868995751603507e-14], [1223.9536679536682, 2.4868995751603507e-14], [1223.9536679536682, 556.0], [84.04633204633211, 556.0]]",1ea98b56530e3cdc97221420a95d9d4c3cbb2658850006e6e77b109521647dec,sem_margem\Apto_2023-05-08_12-17-18_2023-05-09_03-22-07\000_Chassi_1894_1a657964-e261-4474-9cd9-04c76aad8df1.png,com_margem\Apto_2023-05-08_12-17-18_2023-05-09_03-22-07\000_Chassi_1894_1a657964-e261-4474-9cd9-04c76aad8df1.png,
Apto_2023-05-08_12-17-18_2023-05-09_03-22-07\dados_vistoria_Chassi-Motor-LABELED.json,Motor,OK,Apto_2023-05-08_12-17-18_2023-05-09_03-22-07\imgs\1894_91b9b103-c0ec-4011-8c36-57426917f847.jpg,146E1011*9238140*,0.1,0.1,"[[147, 78], [579, 73], [640, 317], [153, 335]]","[[103.75000000000004, 52.67000000000001], [615.5500000000001, 48.23], [695.35, 339.47], [104.35000000000001, 362.63000000000005]]",206a90752f708bc04c07297dea9a963a688b03689c4eae0207279c5d10fe7620,sem_margem\Apto_2023-05-08_12-17-18_2023-05-09_03-22-07\000_Motor_1894_91b9b103-c0ec-4011-8c36-57426917f847.png,com_margem\Apto_2023-05-08_12-17-18_2023-05-09_03-22-07\000_Motor_1894_91b9b103-c0ec-4011-8c36-57426917f847.png,
Apto_2023-05-08_13-06-27_2023-05-08_14-03-38\dados_vistoria_Chassi-Motor-LABELED.json,Chassi,OK,Apto_2023-05-08_13-06-27_2023-05-08_14-03-38\imgs\1907_ae425c0c-1406-420a-89a7-18a97a86185a.jpg,9BWZZZ30ZSP02348,0.1,0.1,"[[594, 466], [624, 1422], [470, 1422], [463, 463]]","[[603.8700000000001, 370.73000000000013], [642.63, 1517.5700000000004], [455.06999999999994, 1517.93], [449.43000000000006, 366.7700000000001]]",7349c0cddaa4aafc09c5f28ed96fdce22534f4e0431c4a4a97945a91c06e72b3,sem_margem\Apto_2023-05-08_13-06-27_2023-05-08_14-03-38\000_Chassi_1907_ae425c0c-1406-420a-89a7-18a97a86185a.png,com_margem\Apto_2023-05-08_13-06-27_2023-05-08_14-03-38\000_Chassi_1907_ae425c0c-1406-420a-89a7-18a97a86185a.png,
Apto_2023-05-08_13-06-27_2023-05-08_14-03-38\dados_vistoria_Chassi-Motor-LABELED.json,Motor,OK,Apto_2023-05-08_13-06-27_2023-05-08_14-03-38\imgs\1907_4bf16125-fa1b-4679-881c-4527b371fb4f.jpg,1876180,0.1,0.1,"[[124, 655], [677, 955], [647, 1091], [90, 850]]","[[72.14, 604.91], [735.2600000000001, 971.99], [699.7400000000001, 1128.1100000000001], [30.86, 845.9900000000001]]",6518c142e1062b01afd6f9f8f3ec8900185c825a923d11bc056d22a9a09b5f6d,sem_margem\Apto_2023-05-08_13-06-27_2023-05-08_14-03-38\000_Motor_1907_4bf16125-fa1b-4679-881c-4527b371fb4f.png,com_margem\Apto_2023-05-08_13-06-27_2023-05-08_14-03-38\000_Motor_1907_4bf16125-fa1b-4679-881c-4527b371fb4f.png,
Apto_2023-05-08_13-36-26_2023-05-09_10-01-33\dados_vistoria_Chassi-Motor-LABELED.json,Chassi,OK,Apto_2023-05-08_13-36-26_2023-05-09_10-01-33\imgs\1910_f663ff2b-893b-44da-8ec2-168c919c87ae.jpg,8AJFR22G3B4549532,0.1,0.03443794671864841,"[[53, 121], [1592, 121], [1592, 320], [53, 320]]","[[9.592326932761353e-14, 114.14684860298895], [1645.0, 114.14684860298895], [1644.9999999999998, 326.85315139701106], [9.237055564881302e-14, 326.85315139701106]]",f01af0dc90a38ee0a2deef02dd9307efcadc21c25110932d8fed41310d072b39,sem_margem\Apto_2023-05-08_13-36-26_2023-05-09_10-01-33\000_Chassi_1910_f663ff2b-893b-44da-8ec2-168c919c87ae.png,com_margem\Apto_2023-05-08_13-36-26_2023-05-09_10-01-33\000_Chassi_1910_f663ff2b-893b-44da-8ec2-168c919c87ae.png,
Apto_2023-05-08_13-36-26_2023-05-09_10-01-33\dados_vistoria_Chassi-Motor-LABELED.json,Motor,OK,Apto_2023-05-08_13-36-26_2023-05-09_10-01-33\imgs\1910_cd12d529-5cd1-40db-9e22-fbea2aab3e62.jpg,2KD5275004,0.1,0.1,"[[125, 178], [661, 111], [760, 328], [178, 459]]","[[66.56000000000002, 155.96], [704.2400000000001, 83.24000000000001], [828.5600000000001, 335.96], [124.64, 500.8400000000001]]",77fbe8aaa77ecc7ec243b1e772da5a136661ad69a348b5f218dc3c7aff72ae1d,sem_margem\Apto_2023-05-08_13-36-26_2023-05-09_10-01-33\000_Motor_1910_cd12d529-5cd1-40db-9e22-fbea2aab3e62.png,com_margem\Apto_2023-05-08_13-36-26_2023-05-09_10-01-33\000_Motor_1910_cd12d529-5cd1-40db-9e22-fbea2aab3e62.png,
Apto_2023-05-09_03-27-20_2023-05-09_10-20-28\dados_vistoria_Chassi-Motor-LABELED.json,Chassi,OK,Apto_2023-05-09_03-27-20_2023-05-09_10-20-28\imgs\1912_6ad32fce-822a-4ece-8160-d623af40c7fe.jpg,LA7GRS61352,0.1,0.1,"[[465, 1051], [465, 658], [570, 658], [570, 1051]]","[[454.50000000000017, 1090.3000000000002], [454.50000000000006, 618.7], [580.5000000000001, 618.7], [580.5000000000001, 1090.3000000000002]]",3dc2266914189fec9f1558591fb36e9bb2ee475a8ccee29126510c355578983f,sem_margem\Apto_2023-05-09_03-27-20_2023-05-09_10-20-28\000_Chassi_1912_6ad32fce-822a-4ece-8160-d623af40c7fe.png,com_margem\Apto_2023-05-09_03-27-20_2023-05-09_10-20-28\000_Chassi_1912_6ad32fce-822a-4ece-8160-d623af40c7fe.png,
Apto_2023-05-09_03-27-20_2023-05-09_10-20-28\dados_vistoria_Chassi-Motor-LABELED.json,Motor,OK,Apto_2023-05-09_03-27-20_2023-05-09_10-20-28\imgs\1912_17aeaf24-071d-4019-8579-f429d9a9a038.jpg,02260461095,0.1,0.1,"[[756, 440], [700, 1550], [504, 1520], [515, 444]]","[[786.1500000000001, 328.2600000000001], [713.55, 1664.3400000000001], [483.75000000000006, 1624.26], [491.55, 337.1400000000001]]",18c11666b16773f3c735d9df17f79bb028e41a82e97a1cbae2e1d6f234377797,sem_margem\Apto_2023-05-09_03-27-20_2023-05-09_10-20-28\000_Motor_1912_17aeaf24-071d-4019-8579-f429d9a9a038.png,com_margem\Apto_2023-05-09_03-27-20_2023-05-09_10-20-28\000_Motor_1912_17aeaf24-071d-4019-8579-f429d9a9a038.png,
Apto_2023-05-09_03-33-09_2023-05-09_10-23-31\dados_vistoria_Chassi-Motor-LABELED.json,Chassi,OK,Apto_2023-05-09_03-33-09_2023-05-09_10-23-31\imgs\1913_2f357170-5194-4430-8c93-7e1baf630e68.jpg,JA32L434SSPP03964,0.1,0.006097560975609717,"[[7, 133], [1155, 133], [1155, 323], [7, 323]]","[[4.591466096215413e-14, 131.8414634146342], [1162.0000000000002, 131.8414634146342], [1162.0000000000002, 324.1585365853659], [4.618527782440651e-14, 324.1585365853659]]",7e6b76f4e51315203159899e0036f3c54cbc204a7421e7c83b84f5cf98ada4ee,sem_margem\Apto_2023-05-09_03-33-09_2023-05-09_10-23-31\000_Chassi_1913_2f357170-5194-4430-8c93-7e1baf630e68.png,com_margem\Apto_2023-05-09_03-33-09_2023-05-09_10-23-31\000_Chassi_1913_2f357170-5194-4430-8c93-7e1baf630e68.png,
Apto_2023-05-09_03-33-09_2023-05-09_10-23-31\dados_vistoria_Chassi-Motor-LABELED.json,Motor,OK,Apto_2023-05-09_03-33-09_2023-05-09_10-23-31\imgs\1913_e75aa4c9-4d6c-4973-a936-d0bfe8d8b283.jpg,4D56GQ7170,0.1,0.056149732620320844,"[[42, 177], [785, 159], [790, 467], [47, 467]]","[[1.7763568394002505e-15, 161.7840229917927], [826.4385026737966, 140.63843690125537], [831.9999999999999, 484.3508679115787], [5.5614973262032095, 483.22667219537294]]",cf93f6e2319efa069fca2fe894dcd8fb290785259484e55a26ea4daa9984f0a8,sem_margem\Apto_2023-05-09_03-33-09_2023-05-09_10-23-31\000_Motor_1913_e75aa4c9-4d6c-4973-a936-d0bfe8d8b283.png,com_margem\Apto_2023-05-09_03-33-09_2023-05-09_10-23-31\000_Motor_1913_e75aa4c9-4d6c-4973-a936-d0bfe8d8b283.png,
Apto_2023-05-09_03-49-47_2023-05-09_05-51-08\dados_vistoria_Chassi-Motor-LABELED.json,Chassi,OK,Apto_2023-05-09_03-49-47_2023-05-09_05-51-08\imgs\1914_c9788228-c70b-4d06-8eab-eb5b13ca119f.jpg,9BM345008GB724264,0.1,0.0,"[[17, 6], [1432, 325], [1457, 548], [0, 270]]","[[17.0, 6.0], [1432.0, 325.0], [1457.0, 548.0], [0.0, 270.0]]",ab100c80287d8635c876f405d7baf46d46ab533aca2377927e59653544e3bf24,sem_margem\Apto_2023-05-09_03-49-47_2023-05-09_05-51-08\000_Chassi_1914_c9788228-c70b-4d06-8eab-eb5b13ca119f.png,com_margem\Apto_2023-05-09_03-49-47_2023-05-09_05-51-08\000_Chassi_1914_c9788228-c70b-4d06-8eab-eb5b13ca119f.png,
Apto_2023-05-09_03-49-47_2023-05-09_05-51-08\dados_vistoria_Chassi-Motor-LABELED.json,Motor,OK,Apto_2023-05-09_03-49-47_2023-05-09_05-51-08\imgs\1914_0c7a0ec7-eadf-424f-873d-de26a35793e5.jpg,37937589687424,0.1,0.1,"[[273, 296], [1173, 293], [1173, 500], [244, 512]]","[[186.19, 274.61000000000007], [1262.7100000000003, 272.09000000000003], [1266.19, 519.4100000000001], [147.91000000000003, 534.8900000000001]]",1a3193f080211e0dba51cf7bbd5ceb718da9d885c81b2064b50c9c736bd31ec8,sem_margem\Apto_2023-05-09_03-49-47_2023-05-09_05-51-08\000_Motor_1914_0c7a0ec7-eadf-424f-873d-de26a35793e5.png,com_margem\Apto_2023-05-09_03-49-47_2023-05-09_05-51-08\000_Motor_1914_0c7a0ec7-eadf-424f-873d-de26a35793e5.png,
Apto_2023-05-09_04-01-50_2023-05-09_04-53-50\dados_vistoria_Chassi-Motor-LABELED.json,Chassi,OK,Apto_2023-05-09_04-01-50_2023-05-09_04-53-50\imgs\1915_47fcdf8d-fc65-4378-b99b-95fa0545f8ff.jpg,9BFET7131LDB44239,0.1,0.07380047381888785,"[[143, 305], [1409, 381], [1389, 510], [140, 448]]","[[49.69741089783443, 288.761445094561], [1503.9999999999995, 377.16482602670135], [1479.608191654503, 524.0196393603051], [47.69439744766255, 454.05408951843236]]",a02c22a1c99fd1be642d3ee57fcbd526cc7cfe80761c8211f0fa550d679e0e37,sem_margem\Apto_2023-05-09_04-01-50_2023-05-09_04-53-50\000_Chassi_1915_47fcdf8d-fc65-4378-b99b-95fa0545f8ff.png,com_margem\Apto_2023-05-09_04-01-50_2023-05-09_04-53-50\000_Chassi_1915_47fcdf8d-fc65-4378-b99b-95fa0545f8ff.png,
Apto_2023-05-09_04-01-50_2023-05-09_04-53-50\dados_vistoria_Chassi-Motor-LABELED.json,Motor,OK,Apto_2023-05-09_04-01-50_2023-05-09_04-53-50\imgs\1915_45956bf8-5369-4a49-900c-8a8f51a07348.jpg,22904255935,0.1,0.06960906469106778,"[[72, 366], [1070, 275], [1101, 395], [108, 510]]","[[9.414691248821327e-14, 362.19442944608153], [1137.3361926656983, 260.42877747547664], [1172.2554551342175, 395.23175519816334], [41.40835220008397, 528.1450378802786]]",eff91da68369f84c40b39a270825ebee73a14f0aa1c30c894be7a0a471b920be,sem_margem\Apto_2023-05-09_04-01-50_2023-05-09_04-53-50\000_Motor_1915_45956bf8-5369-4a49-900c-8a8f51a07348.png,com_margem\Apto_2023-05-09_04-01-50_2023-05-09_04-53-50\000_Motor_1915_45956bf8-5369-4a49-900c-8a8f51a07348.png,
Apto_2023-05-09_06-46-14_2023-05-09_07-32-41\dados_vistoria_Chassi-Motor-LABELED.json,Chassi,OK,Apto_2023-05-09_06-46-14_2023-05-09_07-32-41\imgs\1962_189805b5-06f2-473b-a7ed-f11996b851e9.jpg,9C2KC2210NR047583,0.1,0.1,"[[602, 1482], [782, 579], [940, 572], [779, 1505]]","[[566.11, 1569.7000000000003], [784.3900000000001, 489.69999999999993], [971.71, 477.69999999999993], [780.7900000000001, 1600.9]]",818256e4af64b581ebd6a69b67105d083bf8d8738b1cf95e5cf518040125f64a,sem_margem\Apto_2023-05-09_06-46-14_2023-05-09_07-32-41\000_Chassi_1962_189805b5-06f2-473b-a7ed-f11996b851e9.png,com_margem\Apto_2023-05-09_06-46-14_2023-05-09_07-32-41\000_Chassi_1962_189805b5-06f2-473b-a7ed-f11996b851e9.png,
Apto_2023-05-09_06-46-14_2023-05-09_07-32-41\dados_vistoria_Chassi-Motor-LABELED.json,Motor,OK,Apto_2023-05-09_06-46-14_2023-05-09_07-32-41\imgs\1962_9c79fd8f-1994-41da-a0e4-8a6ff35225e6.jpg,KC22E1N047431,0.1,0.1,"[[801, 572], [846, 1046], [617, 1087], [576, 587]]","[[818.96, 523.36], [873.44, 1089.0400000000002], [598.1600000000001, 1141.36], [549.44, 538.24]]",fca2cdacf243b26aa9a43ab305cad5faa9f42712b62ddf68a13d8d67a07b8308,sem_margem\Apto_2023-05-09_06-46-14_2023-05-09_07-32-41\000_Motor_1962_9c79fd8f-1994-41da-a0e4-8a6ff35225e6.png,com_margem\Apto_2023-05-09_06-46-14_2023-05-09_07-32-41\000_Motor_1962_9c79fd8f-1994-41da-a0e4-8a6ff35225e6.png,
Apto_2023-05-09_07-02-43_2023-05-09_10-45-43\dados_vistoria_Chassi-Motor-LABELED.json,Chassi,OK,Apto_2023-05-09_07-02-43_2023-05-09_10-45-43\imgs\1966_1679f73c-ae33-4605-9849-e4e92ee7118d.jpg,9BG148FK0HC413925,0.1,0.04642697423785361,"[[76, 289], [981, 171], [998, 289], [89, 409]]","[[33.388659505397925, 288.9028351236505], [1022.2185312674663, 160.0475450077403], [1041.0, 288.90283512365056], [47.39280922713564, 420.1467847449586]]",a3322b220ab5a1572fed9d0919583f9f23e05085e126be8e741697268c7e2951,sem_margem\Apto_2023-05-09_07-02-43_2023-05-09_10-45-43\000_Chassi_1966_1679f73c-ae33-4605-9849-e4e92ee7118d.png,com_margem\Apto_2023-05-09_07-02-43_2023-05-09_10-45-43\000_Chassi_1966_1679f73c-ae33-4605-9849-e4e92ee7118d.png,
Apto_2023-05-09_07-02-43_2023-05-09_10-45-43\dados_vistoria_Chassi-Motor-LABELED.json,Motor,OK,Apto_2023-05-09_07-02-43_2023-05-09_10-45-43\imgs\1966_f07404bf-7400-45e8-a10c-134a83541e8f.jpg,FX4F162091030,0.1,8.881784197001253e-17,"[[114, 286], [1024, 206], [1016, 345], [128, 421]]","[[113.9999999999999, 285.99999999999994], [1023.9999999999999, 205.99999999999997], [1016.0, 345.0], [127.99999999999991, 420.99999999999994]]",7851689d7cde573ad1e6dc99bc9614937c3a573ba259509a429e53d0f69698ce,sem_margem\Apto_2023-05-09_07-02-43_2023-05-09_10-45-43\000_Motor_1966_f07404bf-7400-45e8-a10c-134a83541e8f.png,com_margem\Apto_2023-05-09_07-02-43_2023-05-09_10-45-43\000_Motor_1966_f07404bf-7400-45e8-a10c-134a83541e8f.png,
Apto_2023-05-10_04-13-30_2023-05-10_05-21-25\dados_vistoria_Chassi-Motor-LABELED.json,Chassi,OK,Apto_2023-05-10_04-13-30_2023-05-10_05-21-25\imgs\2065_5894790d-fef4-4281-ad2d-00c58a575479.jpg,93YHSR2LAFJ638992,0.1,0.1,"[[104, 60], [1000, 75], [1002, 234], [97, 224]]","[[15.190000000000005, 42.05000000000001], [1089.3100000000002, 60.650000000000006], [1092.7900000000002, 250.85], [5.710000000000008, 239.45000000000002]]",cdcc2aa5c2720fa809699d2a4d721132a06a3314ea01d20961deb04d9b1b0548,sem_margem\Apto_2023-05-10_04-13-30_2023-05-10_05-21-25\000_Chassi_2065_5894790d-fef4-4281-ad2d-00c58a575479.png,com_margem\Apto_2023-05-10_04-13-30_2023-05-10_05-21-25\000_Chassi_2065_5894790d-fef4-4281-ad2d-00c58a575479.png,
Apto_2023-05-10_04-13-30_2023-05-10_05-21-25\dados_vistoria_Chassi-Motor-LABELED.json,Motor,OK,Apto_2023-05-10_04-13-30_2023-05-10_05-21-25\imgs\2065_defb9973-9a9c-4f9d-8db1-5f079d8c2ed4.jpg,F4RD404C004712,0.1,0.1,"[[151, 161], [628, 141], [687, 473], [218, 528]]","[[96.52000000000002, 125.95000000000002], [669.88, 106.15], [739.72, 500.35], [177.88, 570.5500000000001]]",2468d1bb5a58964482781bf3e269bf3e58560ac08c334e2923c1567e3483925a,sem_margem\Apto_2023-05-10_04-13-30_2023-05-10_05-21-25\000_Motor_2065_defb9973-9a9c-4f9d-8db1-5f079d8c2ed4.png,com_margem\Apto_2023-05-10_04-13-30_2023-05-10_05-21-25\000_Motor_2065_defb9973-9a9c-4f9d-8db1-5f079d8c2ed4.png,
Apto_2023-05-10_05-23-10_2023-05-10_07-28-07\dados_vistoria_Chassi-Motor-LABELED.json,Chassi,OK,Apto_2023-05-10_05-23-10_2023-05-10_07-28-07\imgs\2083_345fb558-a3ed-4610-a457-9c5fd7458270.jpg,9BD11812181016285,0.1,0.07820414524057223,"[[200, 88], [1050, 133], [1088, 561], [267, 583]]","[[128.10943805274377, 45.35999705179282], [1113.679126696996, 103.457576891159], [1155.0, 592.3411184493741], [208.21143525025997, 623.8413076076739]]",01a5ee4c41fe814ffced105f67452937dd9d530431faee57a77e2f10dfbd8490,sem_margem\Apto_2023-05-10_05-23-10_2023-05-10_07-28-07\000_Chassi_2083_345fb558-a3ed-4610-a457-9c5fd7458270.png,com_margem\Apto_2023-05-10_05-23-10_2023-05-10_07-28-07\000_Chassi_2083_345fb558-a3ed-4610-a457-9c5fd7458270.png,
Apto_2023-05-10_05-23-10_2023-05-10_07-28-07\dados_vistoria_Chassi-Motor-LABELED.json,Motor,OK,Apto_2023-05-10_05-23-10_2023-05-10_07-28-07\imgs\2083_acba8e15-09f8-4c2a-8e37-7e757dba8a0a.jpg,310A2011*7924084*,0.1,0.0,"[[307, 0], [892, 419], [799, 752], [237, 362]]","[[307.0, 0.0], [892.0, 419.0], [799.0, 752.0], [237.0, 362.0]]",e0d594254bb1983a501c4dcf827331e1f83ecd30f77f7f3d351572714a8729de,sem_margem\Apto_2023-05-10_05-23-10_2023-05-10_07-28-07\000_Motor_2083_acba8e15-09f8-4c2a-8e37-7e757dba8a0a.png,com_margem\Apto_2023-05-10_05-23-10_2023-05-10_07-28-07\000_Motor_2083_acba8e15-09f8-4c2a-8e37-7e757dba8a0a.png,
Apto_2023-05-10_06-24-34_2023-05-11_13-35-12\dados_vistoria_Chassi-Motor-LABELED.json,Chassi,OK,Apto_2023-05-10_06-24-34_2023-05-11_13-35-12\imgs\2102_8517e16c-197e-4d97-a16a-058548ea01c6.jpg,9BM345413HB762825,0.1,0.1,"[[786, 639], [621, 1764], [504, 1745], [655, 636]]","[[815.7400000000002, 526.6400000000001], [616.06, 1878.5600000000004], [477.34000000000003, 1853.8400000000001], [656.86, 524.96]]",afb4f56fee252b3410d696fe44d85e3fca41ce582a75fbc82e9b4a43ea521204,sem_margem\Apto_2023-05-10_06-24-34_2023-05-11_13-35-12\000_Chassi_2102_8517e16c-197e-4d97-a16a-058548ea01c6.png,com_margem\Apto_2023-05-10_06-24-34_2023-05-11_13-35-12\000_Chassi_2102_8517e16c-197e-4d97-a16a-058548ea01c6.png,
Apto_2023-05-10_06-24-34_2023-05-11_13-35-12\dados_vistoria_Chassi-Motor-LABELED.json,Motor,OK,Apto_2023-05-10_06-24-34_2023-05-11_13-35-12\imgs\2102_e7ac1917-2b2d-4e3a-9b94-a1382a26809a.jpg,SP0307102,0.1,0.1,"[[609, 1264], [609, 414], [786, 414], [786, 1264]]","[[591.3000000000001, 1349.0000000000005], [591.3000000000001, 328.9999999999999], [803.7, 328.9999999999999], [803.7, 1349.0000000000002]]",003885345109a17cccd9870c3f8a4798c608885ce8b1083e3964c19d34846822,sem_margem\Apto_2023-05-10_06-24-34_2023-05-11_13-35-12\000_Motor_2102_e7ac1917-2b2d-4e3a-9b94-a1382a26809a.png,com_margem\Apto_2023-05-10_06-24-34_2023-05-11_13-35-12\000_Motor_2102_e7ac1917-2b2d-4e3a-9b94-a1382a26809a.png,
Apto_2023-05-10_09-07-37_2023-05-10_11-33-09\dados_vistoria_Chassi-Motor-LABELED.json,Chassi,OK,Apto_2023-05-10_09-07-37_2023-05-10_11-33-09\imgs\2123_90a795e2-4970-41b3-a0f8-b02e019a5a9c.jpg,93ZM2APH048700030,0.1,0.03312738928591773,"[[133, 434], [1614, 350], [1587, 533], [146, 626]]","[[83.46378345000288, 430.4123651418327], [1663.9999999999995, 341.1648638759481], [1633.7982314934516, 535.9715882204445], [98.73798505654551, 635.4511827617746]]",3b8f6051f8b0acc34f94d4261eb7f364b4cac3efe5c03c908702b226b27afbe5,sem_margem\Apto_2023-05-10_09-07-37_2023-05-10_11-33-09\000_Chassi_2123_90a795e2-4970-41b3-a0f8-b02e019a5a9c.png,com_margem\Apto_2023-05-10_09-07-37_2023-05-10_11-33-09\000_Chassi_2123_90a795e2-4970-41b3-a0f8-b02e019a5a9c.png,
Apto_2023-05-10_09-07-37_2023-05-10_11-33-09\dados_vistoria_Chassi-Motor-LABELED.json,Motor,OK,Apto_2023-05-10_09-07-37_2023-05-10_11-33-09\imgs\2123_66276468-f178-4993-af33-16b435404a25.jpg,821042KA3000832303,0.1,0.056639033992402166,"[[119, 206], [1591, 381], [1581, 540], [128, 359]]","[[35.05663903399215, 187.44164473152162], [1675.0, 381.8869766628489], [1662.6691744277762, 559.2765194384463], [46.27418653823153, 357.3948591671832]]",732c8f5d0dc6511f76d1a85d24b74b50846925ebb79b0e0cb9f1ac57f9e23aa5,sem_margem\Apto_2023-05-10_09-07-37_2023-05-10_11-33-09\000_Motor_2123_66276468-f178-4993-af33-16b435404a25.png,com_margem\Apto_2023-05-10_09-07-37_2023-05-10_11-33-09\000_Motor_2123_66276468-f178-4993-af33-16b435404a25.png,
Apto_2023-05-10_09-12-02_2023-05-11_10-17-57\dados_vistoria_Chassi-Motor-LABELED.json,Chassi,OK,Apto_2023-05-10_09-12-02_2023-05-11_10-17-57\imgs\2124_b8a227ec-f7d1-4ab2-a87e-fc0f302ce9e7.jpg,94BG151288V020618,0.1,0.1,"[[270, 274], [1444, 274], [1444, 535], [280, 541]]","[[151.5, 247.24000000000012], [1561.5000000000002, 247.96], [1560.3000000000002, 560.44], [164.70000000000002, 568.3600000000001]]",599885cef067be224ae56ed0fd004e40457973d0200a21280344df711d0ba69c,sem_margem\Apto_2023-05-10_09-12-02_2023-05-11_10-17-57\000_Chassi_2124_b8a227ec-f7d1-4ab2-a87e-fc0f302ce9e7.png,com_margem\Apto_2023-05-10_09-12-02_2023-05-11_10-17-57\000_Chassi_2124_b8a227ec-f7d1-4ab2-a87e-fc0f302ce9e7.png,
Apto_2023-05-10_09-12-02_2023-05-11_10-17-57\dados_vistoria_Chassi-Motor-LABELED.json,Motor,AUSENCIA_DECLARADA,,00,0.1,,,,,,,
Apto_2023-05-10_09-15-34_2023-05-11_03-28-38\dados_vistoria_Chassi-Motor-LABELED.json,Chassi,OK,Apto_2023-05-10_09-15-34_2023-05-11_03-28-38\imgs\2126_67526120-3ad5-43cf-965e-bd6514b24e78.jpg,9AAG12630PC011798,0.1,0.023515930789641364,"[[47, 147], [1508, 129], [1511, 332], [35, 384]]","[[12.933711270823203, 141.83120919103783], [1542.2779321062833, 123.82178126151994], [1545.7883566228932, 335.5321035832051], [9.947598300641403e-14, 390.814905964237]]",563ed0b9f68fb95fb7908b4db45640e9422cf04b3e303b249e3e3656956ad812,sem_margem\Apto_2023-05-10_09-15-34_2023-05-11_03-28-38\000_Chassi_2126_67526120-3ad5-43cf-965e-bd6514b24e78.png,com_margem\Apto_2023-05-10_09-15-34_2023-05-11_03-28-38\000_Chassi_2126_67526120-3ad5-43cf-965e-bd6514b24e78.png,
Apto_2023-05-10_09-15-34_2023-05-11_03-28-38\dados_vistoria_Chassi-Motor-LABELED.json,Motor,AUSENCIA_DECLARADA,,00,0.1,,,,,,,
Apto_2023-05-10_11-09-49_2023-05-11_10-09-15\dados_vistoria_Chassi-Motor-LABELED.json,Chassi,OK,Apto_2023-05-10_11-09-49_2023-05-11_10-09-15\imgs\2156_0acfe4ab-700f-4fee-b87c-f0827c3ba89a.jpg,9A9B85030H2DF5077,0.1,0.00839054157131951,"[[109, 272], [1420, 280], [1420, 541], [109, 541]]","[[98.00000000000011, 269.67525677524156], [1430.9999999999995, 277.87775619195907], [1430.9999999999998, 543.1893681406115], [98.00000000000011, 543.2576188921878]]",784e81e4438093d8770461ff8ec095f47ea55e2868460e157e1e6137508d2106,sem_margem\Apto_2023-05-10_11-09-49_2023-05-11_10-09-15\000_Chassi_2156_0acfe4ab-700f-4fee-b87c-f0827c3ba89a.png,com_margem\Apto_2023-05-10_11-09-49_2023-05-11_10-09-15\000_Chassi_2156_0acfe4ab-700f-4fee-b87c-f0827c3ba89a.png,
Apto_2023-05-10_11-09-49_2023-05-11_10-09-15\dados_vistoria_Chassi-Motor-LABELED.json,Motor,AUSENCIA_DECLARADA,,00,0.1,,,,,,,
Apto_2023-05-10_11-14-09_2023-05-11_10-07-42\dados_vistoria_Chassi-Motor-LABELED.json,Chassi,OK,Apto_2023-05-10_11-14-09_2023-05-11_10-07-42\imgs\2158_b30a79ee-23fd-4f6b-9eba-7aaf794bfc2f.jpg,9A9S3CBS1H1AH8014,0.1,0.1,"[[639, 229], [639, 1798], [384, 1787], [387, 248]]","[[664.1700000000002, 69.9], [664.5300000000001, 1956.3000000000004], [358.16999999999996, 1939.5000000000002], [362.13, 96.30000000000001]]",16588ac188f855d4bae2253565b7c458471bc184a1d49d22bd7611456b18a3c0,sem_margem\Apto_2023-05-10_11-14-09_2023-05-11_10-07-42\000_Chassi_2158_b30a79ee-23fd-4f6b-9eba-7aaf794bfc2f.png,com_margem\Apto_2023-05-10_11-14-09_2023-05-11_10-07-42\000_Chassi_2158_b30a79ee-23fd-4f6b-9eba-7aaf794bfc2f.png,
Apto_2023-05-10_11-14-09_2023-05-11_10-07-42\dados_vistoria_Chassi-Motor-LABELED.json,Motor,AUSENCIA_DECLARADA,,00,0.1,,,,,,,
Apto_2023-05-10_11-35-44_2023-05-10_12-04-07\dados_vistoria_Chassi-Motor-LABELED.json,Chassi,OK,Apto_2023-05-10_11-35-44_2023-05-10_12-04-07\imgs\2165_44d48f49-6719-48e4-a4e2-90f544d2a3ac.jpg,9BD17307MC4367138,0.1,0.1,"[[200, 62], [954, 216], [856, 527], [214, 427]]","[[122.08, 9.560000000000002], [1040.3200000000002, 200.84000000000003], [909.2800000000001, 567.5600000000001], [152.32000000000005, 454.0400000000001]]",4dd7191b4c3c1f7bc01e959fc537c9a583ae511d99e5f6a26226664762f56a26,sem_margem\Apto_2023-05-10_11-35-44_2023-05-10_12-04-07\000_Chassi_2165_44d48f49-6719-48e4-a4e2-90f544d2a3ac.png,com_margem\Apto_2023-05-10_11-35-44_2023-05-10_12-04-07\000_Chassi_2165_44d48f49-6719-48e4-a4e2-90f544d2a3ac.png,
Apto_2023-05-10_11-35-44_2023-05-10_12-04-07\dados_vistoria_Chassi-Motor-LABELED.json,Motor,OK,Apto_2023-05-10_11-35-44_2023-05-10_12-04-07\imgs\2165_2260add8-e265-43d5-a4d6-30b32c3aca28.jpg,310A20110559909,0.1,0.1,"[[138, 195], [532, 45], [553, 291], [228, 421]]","[[88.91000000000001, 187.60000000000005], [569.99, 5.199999999999984], [586.91, 302.8], [205.19000000000005, 456.40000000000003]]",1a474ff3c52ba1aa4c671c992ac75734bdfad5c90e15675490a2f389b49212d7,sem_margem\Apto_2023-05-10_11-35-44_2023-05-10_12-04-07\000_Motor_2165_2260add8-e265-43d5-a4d6-30b32c3aca28.png,com_margem\Apto_2023-05-10_11-35-44_2023-05-10_12-04-07\000_Motor_2165_2260add8-e265-43d5-a4d6-30b32c3aca28.png,
Apto_2023-05-10_12-47-42_2023-05-10_13-21-14\dados_vistoria_Chassi-Motor-LABELED.json,Chassi,OK,Apto_2023-05-10_12-47-42_2023-05-10_13-21-14\imgs\2176_f5e11a52-4ffd-468a-aa76-b2fdf1c5b475.jpg,9C2HC1420DR031570,0.1,0.011593228964073799,"[[18, 180], [1386, 172], [1394, 565], [16, 562]]","[[2.164993264653328, 175.66561079997234], [1401.7654473615623, 167.34963675287045], [1410.0695593737846, 569.5923971023092], [2.4868995751603507e-14, 566.392355344848]]",03f08ba183755ba7cbaf31fced22e47e6dd1778da3222d8d47d40255efb96670,sem_margem\Apto_2023-05-10_12-47-42_2023-05-10_13-21-14\000_Chassi_2176_f5e11a52-4ffd-468a-aa76-b2fdf1c5b475.png,com_margem\Apto_2023-05-10_12-47-42_2023-05-10_13-21-14\000_Chassi_2176_f5e11a52-4ffd-468a-aa76-b2fdf1c5b475.png,
Apto_2023-05-10_12-47-42_2023-05-10_13-21-14\dados_vistoria_Chassi-Motor-LABELED.json,Motor,OK,Apto_2023-05-10_12-47-42_2023-05-10_13-21-14\imgs\2176_b701e129-b613-41ef-9e5d-babe675acf46.jpg,HC14E2D031570,0.1,0.025967436652764332,"[[371, 16], [702, 475], [468, 705], [188, 175]]","[[367.12242967930877, 3.197442310920451e-14], [716.7059914048938, 480.89866714207454], [469.1601123899451, 724.7831277075093], [176.01146652585223, 165.31820515041602]]",3860dffded3b88253ace2eab764e36dbe3077fd5e54b112ea36ba0fad458f3e0,sem_margem\Apto_2023-05-10_12-47-42_2023-05-10_13-21-14\000_Motor_2176_b701e129-b613-41ef-9e5d-babe675acf46.png,com_margem\Apto_2023-05-10_12-47-42_2023-05-10_13-21-14\000_Motor_2176_b701e129-b613-41ef-9e5d-babe675acf46.png,
Apto_2023-05-10_12-55-13_2023-05-11_03-22-33\dados_vistoria_Chassi-Motor-LABELED.json,Chassi,OK,Apto_2023-05-10_12-55-13_2023-05-11_03-22-33\imgs\2179_3e0e1358-1f24-4640-9607-83628127b791.jpg,9EP021120G1000457,0.1,0.01115102960452168,"[[22, 106], [1078, 129], [1086, 362], [18, 354]]","[[10.270609001578082, 102.976205795256], [1089.6847868800037, 126.66014896496907], [1098.0, 364.68553295277115], [6.044604118417869, 356.6781122870038]]",30e4019fb0ec70699823e0f139abc9d07038d8e61d09f5172a0a91b7c881055d,sem_margem\Apto_2023-05-10_12-55-13_2023-05-11_03-22-33\000_Chassi_2179_3e0e1358-1f24-4640-9607-83628127b791.png,com_margem\Apto_2023-05-10_12-55-13_2023-05-11_03-22-33\000_Chassi_2179_3e0e1358-1f24-4640-9607-83628127b791.png,
Apto_2023-05-10_12-55-13_2023-05-11_03-22-33\dados_vistoria_Chassi-Motor-LABELED.json,Motor,AUSENCIA_DECLARADA,,00,0.1,,,,,,,
Apto_2023-05-10_13-03-03_2023-05-11_03-25-02\dados_vistoria_Chassi-Motor-LABELED.json,Chassi,SEM_BBOX,Apto_2023-05-10_13-03-03_2023-05-11_03-25-02\imgs\2180_cb4c5572-ba3a-4a40-b66e-bad19b0c9196.jpg,9EP310620G1000458/,0.1,,,,,,,Revisar anotacao antes de recortar
Apto_2023-05-10_13-03-03_2023-05-11_03-25-02\dados_vistoria_Chassi-Motor-LABELED.json,Motor,AUSENCIA_DECLARADA,,00,0.1,,,,,,,
Apto_2023-05-10_13-05-55_2023-05-11_03-23-43\dados_vistoria_Chassi-Motor-LABELED.json,Chassi,OK,Apto_2023-05-10_13-05-55_2023-05-11_03-23-43\imgs\2182_c61370a2-8334-4f90-80ea-c2cbeb4389cd.jpg,9EP021120G1000456,0.1,0.006076388888888928,"[[11, 113], [1163, 113], [1163, 412], [11, 412]]","[[3.9999999999999534, 111.1831597222222], [1170.0, 111.1831597222222], [1170.0, 413.8168402777777], [3.999999999999954, 413.8168402777777]]",19fad5cadaa2d077e756b8e699e3874b7c5f011f3e7f95f49c2cb18f2d489f9f,sem_margem\Apto_2023-05-10_13-05-55_2023-05-11_03-23-43\000_Chassi_2182_c61370a2-8334-4f90-80ea-c2cbeb4389cd.png,com_margem\Apto_2023-05-10_13-05-55_2023-05-11_03-23-43\000_Chassi_2182_c61370a2-8334-4f90-80ea-c2cbeb4389cd.png,
Apto_2023-05-10_13-05-55_2023-05-11_03-23-43\dados_vistoria_Chassi-Motor-LABELED.json,Motor,AUSENCIA_DECLARADA,,00,0.1,,,,,,,
Apto_2023-05-11_04-24-51_2023-05-11_05-19-53\dados_vistoria_Chassi-Motor-LABELED.json,Chassi,OK,Apto_2023-05-11_04-24-51_2023-05-11_05-19-53\imgs\2201_1ce33468-ceb8-488b-bd31-237b952bc570.jpg,9BD17122LE5937562,0.1,0.09770058100656515,"[[62, 202], [624, 217], [645, 493], [130, 533]]","[[1.7763568394002505e-15, 167.67060177763233], [677.3046482904157, 192.0251455513826], [696.9188774536549, 515.5323399234533], [86.77647425592933, 569.7719127475318]]",dedecc00295e5fd799fea37bac0582cc0a0a8f51e46217d231c865b8db21b1b7,sem_margem\Apto_2023-05-11_04-24-51_2023-05-11_05-19-53\000_Chassi_2201_1ce33468-ceb8-488b-bd31-237b952bc570.png,com_margem\Apto_2023-05-11_04-24-51_2023-05-11_05-19-53\000_Chassi_2201_1ce33468-ceb8-488b-bd31-237b952bc570.png,
Apto_2023-05-11_04-24-51_2023-05-11_05-19-53\dados_vistoria_Chassi-Motor-LABELED.json,Motor,OK,Apto_2023-05-11_04-24-51_2023-05-11_05-19-53\imgs\2201_bf2ccabf-4929-44fc-8492-103b93ab7e5a.jpg,310A10112034923,0.1,0.1,"[[83, 84], [420, 146], [415, 363], [49, 287]]","[[52.990000000000016, 57.64], [453.9100000000001, 130.36], [451.39000000000004, 392.44], [8.709999999999994, 299.56]]",b5db77f063b09a7d0368462374b5deee8ef24258d79579c0701f3ec7e3ffd2b3,sem_margem\Apto_2023-05-11_04-24-51_2023-05-11_05-19-53\000_Motor_2201_bf2ccabf-4929-44fc-8492-103b93ab7e5a.png,com_margem\Apto_2023-05-11_04-24-51_2023-05-11_05-19-53\000_Motor_2201_bf2ccabf-4929-44fc-8492-103b93ab7e5a.png,
Apto_2023-05-11_04-50-25_2023-05-11_05-16-22\dados_vistoria_Chassi-Motor-LABELED.json,Chassi,OK,Apto_2023-05-11_04-50-25_2023-05-11_05-16-22\imgs\2211_fe354a81-65f8-4f6c-8f38-f080ab4fdad6.jpg,9BGSU19F0BB133448,0.1,0.09129180488830632,"[[161, 296], [1596, 280], [1596, 479], [151, 492]]","[[30.992519970561126, 279.59247770102405], [1726.9203980783216, 260.34725936809474], [1728.0, 496.00527829014425], [18.08708195111663, 511.0549846407367]]",d60c88db56a930af92c1be7b87c3aa9ad866d8b7f9316d03e735aee0f4d696aa,sem_margem\Apto_2023-05-11_04-50-25_2023-05-11_05-16-22\000_Chassi_2211_fe354a81-65f8-4f6c-8f38-f080ab4fdad6.png,com_margem\Apto_2023-05-11_04-50-25_2023-05-11_05-16-22\000_Chassi_2211_fe354a81-65f8-4f6c-8f38-f080ab4fdad6.png,
Apto_2023-05-11_04-50-25_2023-05-11_05-16-22\dados_vistoria_Chassi-Motor-LABELED.json,Motor,OK,Apto_2023-05-11_04-50-25_2023-05-11_05-16-22\imgs\2211_5161dc2c-48cb-466d-91d7-e234e34c96d8.jpg,NAA027296,0.1,0.05691418866224139,"[[178, 420], [558, 27], [675, 108], [270, 494]]","[[151.21748357319908, 438.17830075735253], [572.8874509963925, 5.46229728115577e-14], [704.790187103467, 90.66384703211399], [252.10487832694145, 520.1578522105335]]",1073c867e1f419155befcaee19c40bd2704ab92eff8f78ed0cf44d1c1247ee4d,sem_margem\Apto_2023-05-11_04-50-25_2023-05-11_05-16-22\000_Motor_2211_5161dc2c-48cb-466d-91d7-e234e34c96d8.png,com_margem\Apto_2023-05-11_04-50-25_2023-05-11_05-16-22\000_Motor_2211_5161dc2c-48cb-466d-91d7-e234e34c96d8.png,
Apto_2023-05-11_05-31-25_2023-05-11_06-19-26\dados_vistoria_Chassi-Motor-LABELED.json,Chassi,OK,Apto_2023-05-11_05-31-25_2023-05-11_06-19-26\imgs\2223_58963f2a-23ed-477c-8e62-2f3f4b4015f3.jpg,93XLNKB8TJCH31779,0.1,0.1,"[[670, 286], [726, 1350], [583, 1388], [523, 293]]","[[679.1400000000002, 179.21000000000004], [745.8600000000001, 1452.2900000000002], [574.7399999999999, 1501.6100000000001], [502.26, 183.89]]",a1d8f04ce6d28b79874ec4f9c11107722edfea8c0335596aaea220275d9c6e06,sem_margem\Apto_2023-05-11_05-31-25_2023-05-11_06-19-26\000_Chassi_2223_58963f2a-23ed-477c-8e62-2f3f4b4015f3.png,com_margem\Apto_2023-05-11_05-31-25_2023-05-11_06-19-26\000_Chassi_2223_58963f2a-23ed-477c-8e62-2f3f4b4015f3.png,
Apto_2023-05-11_05-31-25_2023-05-11_06-19-26\dados_vistoria_Chassi-Motor-LABELED.json,Motor,OK,Apto_2023-05-11_05-31-25_2023-05-11_06-19-26\imgs\2223_9d66a9f9-33c9-4aa2-bc35-484571fcf720.jpg,4M41UCBH1851,0.1,0.1,"[[310, 256], [820, 212], [864, 500], [332, 570]]","[[257.0200000000001, 228.74000000000004], [866.3800000000002, 179.06000000000003], [921.8199999999999, 521.5400000000001], [280.78000000000003, 608.6600000000001]]",f029a55338b4e0f4e728c407bbbbec0d63a18fc1c24a507143ad71bfa67dd80c,sem_margem\Apto_2023-05-11_05-31-25_2023-05-11_06-19-26\000_Motor_2223_9d66a9f9-33c9-4aa2-bc35-484571fcf720.png,com_margem\Apto_2023-05-11_05-31-25_2023-05-11_06-19-26\000_Motor_2223_9d66a9f9-33c9-4aa2-bc35-484571fcf720.png,
Apto_2023-05-11_11-09-07_2023-05-11_13-21-49\dados_vistoria_Chassi-Motor-LABELED.json,Chassi,OK,Apto_2023-05-11_11-09-07_2023-05-11_13-21-49\imgs\2287_36842220-9c1a-486f-b5fc-39a446efd881.jpg,9BM958094DB925946,0.1,0.1,"[[454, 157], [454, 942], [285, 942], [285, 157]]","[[470.90000000000003, 78.5], [470.9, 1020.5000000000002], [268.1, 1020.5], [268.1, 78.5]]",bd3d1f296e268d4fcefa9325d4aaa677b0fbcef41a42628f090f079cc0b9a994,sem_margem\Apto_2023-05-11_11-09-07_2023-05-11_13-21-49\000_Chassi_2287_36842220-9c1a-486f-b5fc-39a446efd881.png,com_margem\Apto_2023-05-11_11-09-07_2023-05-11_13-21-49\000_Chassi_2287_36842220-9c1a-486f-b5fc-39a446efd881.png,
Apto_2023-05-11_11-09-07_2023-05-11_13-21-49\dados_vistoria_Chassi-Motor-LABELED.json,Motor,OK,Apto_2023-05-11_11-09-07_2023-05-11_13-21-49\imgs\2287_d0c414b4-4294-47e2-81ef-8abdaf2ab97e.jpg,926991U1073730,0.1,0.0659593251844211,"[[65, 325], [932, 288], [939, 429], [67, 444]]","[[7.70309957763197, 319.6870492516107], [988.7032664957078, 276.1635262004398], [997.0, 437.40658888997024], [9.593633926659706, 452.7428356579791]]",0abde28a3cb87512b7fbd5f4b41531b3850539bdddf62c117d09ed0f54276a76,sem_margem\Apto_2023-05-11_11-09-07_2023-05-11_13-21-49\000_Motor_2287_d0c414b4-4294-47e2-81ef-8abdaf2ab97e.png,com_margem\Apto_2023-05-11_11-09-07_2023-05-11_13-21-49\000_Motor_2287_d0c414b4-4294-47e2-81ef-8abdaf2ab97e.png,
Apto_2023-05-12_04-20-58_2023-05-12_06-51-16\dados_vistoria_Chassi-Motor-LABELED.json,Chassi,OK,Apto_2023-05-12_04-20-58_2023-05-12_06-51-16\imgs\2328_cd99575c-fee0-48a7-b2d9-f5b223cafb5e.jpg,9BD15802AA6373452,0.1,0.1,"[[307, 149], [1037, 259], [1040, 587], [337, 569]]","[[230.73000000000008, 95.08000000000001], [1109.97, 238.12], [1110.3300000000002, 620.6800000000001], [269.97, 610.1200000000001]]",51610ccdb96ce96014dad0e1310640695ca125e4860e0815aae23ffa4e59b87c,sem_margem\Apto_2023-05-12_04-20-58_2023-05-12_06-51-16\000_Chassi_2328_cd99575c-fee0-48a7-b2d9-f5b223cafb5e.png,com_margem\Apto_2023-05-12_04-20-58_2023-05-12_06-51-16\000_Chassi_2328_cd99575c-fee0-48a7-b2d9-f5b223cafb5e.png,
Apto_2023-05-12_04-20-58_2023-05-12_06-51-16\dados_vistoria_Chassi-Motor-LABELED.json,Motor,OK,Apto_2023-05-12_04-20-58_2023-05-12_06-51-16\imgs\2328_274b322f-d005-4a74-9522-f14f8c38331a.jpg,146E1011*9156388*,0.1,0.1,"[[131, 204], [526, 241], [529, 377], [148, 346]]","[[89.66000000000001, 186.04000000000005], [565.3400000000001, 231.16000000000008], [567.2600000000001, 393.64], [111.74000000000002, 357.1600000000001]]",eed5f2b80c6d65f4a0508d6e180b26ee717829eebea2f8a2b0c7d5a614792f2a,sem_margem\Apto_2023-05-12_04-20-58_2023-05-12_06-51-16\000_Motor_2328_274b322f-d005-4a74-9522-f14f8c38331a.png,com_margem\Apto_2023-05-12_04-20-58_2023-05-12_06-51-16\000_Motor_2328_274b322f-d005-4a74-9522-f14f8c38331a.png,
Apto_2023-05-12_09-15-19_2023-05-12_10-03-46\dados_vistoria_Chassi-Motor-LABELED.json,Chassi,OK,Apto_2023-05-12_09-15-19_2023-05-12_10-03-46\imgs\2390_4994d1bb-52af-45d7-a8fb-f41a227f4c25.jpg,9BFZZZ55ZSB933723,0.1,0.04037775311058418,"[[45, 200], [1153, 97], [1173, 190], [52, 289]]","[[1.1102230246251565e-14, 200.57180999533324], [1196.9098006660145, 89.07943893854046], [1219.092211017478, 189.76425493312155], [6.997988316507858, 296.5844961330048]]",34e18c2d5650668b03d99649cf651db8538e3842d564a1bcac5cf6290cc62e8c,sem_margem\Apto_2023-05-12_09-15-19_2023-05-12_10-03-46\000_Chassi_2390_4994d1bb-52af-45d7-a8fb-f41a227f4c25.png,com_margem\Apto_2023-05-12_09-15-19_2023-05-12_10-03-46\000_Chassi_2390_4994d1bb-52af-45d7-a8fb-f41a227f4c25.png,
Apto_2023-05-12_09-15-19_2023-05-12_10-03-46\dados_vistoria_Chassi-Motor-LABELED.json,Motor,OK,Apto_2023-05-12_09-15-19_2023-05-12_10-03-46\imgs\2390_d0c5e2f1-0ae3-4a72-8739-2ae0bbf91a9a.jpg,UNA025427,0.1,0.1,"[[106, 98], [730, 181], [735, 290], [95, 187]]","[[44.86000000000001, 81.00000000000001], [791.7400000000002, 178.20000000000005], [799.66, 311.4], [29.74000000000001, 185.40000000000003]]",bdf2ac11dc96d4ead09796f3f62327f3941f981fc5f2d9080781dd22c3e935b1,sem_margem\Apto_2023-05-12_09-15-19_2023-05-12_10-03-46\000_Motor_2390_d0c5e2f1-0ae3-4a72-8739-2ae0bbf91a9a.png,com_margem\Apto_2023-05-12_09-15-19_2023-05-12_10-03-46\000_Motor_2390_d0c5e2f1-0ae3-4a72-8739-2ae0bbf91a9a.png,
Apto_2023-05-12_10-04-12_2023-05-12_10-56-41\dados_vistoria_Chassi-Motor-LABELED.json,Chassi,OK,Apto_2023-05-12_10-04-12_2023-05-12_10-56-41\imgs\2401_9124d3af-ed96-43e1-8f66-1825dde387fd.jpg,9BD281B41NYW74142,0.1,0.0965404911401119,"[[82, 294], [843, 290], [768, 612], [156, 620]]","[[3.197442310920451e-14, 262.87668158716576], [925.0965404911402, 258.5650801540419], [818.4535538442336, 642.276433952277], [105.44990566462636, 652.2818043065157]]",f9da9f9dce60bc1589b5d49ef0198664c0c5a52b4f3be45f1211ab3d0ec42758,sem_margem\Apto_2023-05-12_10-04-12_2023-05-12_10-56-41\000_Chassi_2401_9124d3af-ed96-43e1-8f66-1825dde387fd.png,com_margem\Apto_2023-05-12_10-04-12_2023-05-12_10-56-41\000_Chassi_2401_9124d3af-ed96-43e1-8f66-1825dde387fd.png,
Apto_2023-05-12_10-04-12_2023-05-12_10-56-41\dados_vistoria_Chassi-Motor-LABELED.json,Motor,OK,Apto_2023-05-12_10-04-12_2023-05-12_10-56-41\imgs\2401_9ac6530e-2541-45b4-9d6a-423ad7e41d47.jpg,552681768001086,0.1,0.1,"[[130, 42], [432, 80], [387, 232], [139, 198]]","[[98.36, 22.56000000000001], [467.24, 68.64], [406.76000000000005, 250.56], [115.64000000000001, 210.24000000000004]]",fec36b4d4bbec293dad446285b59c139ac890560db8fe1d9adb2bd85ba223acf,sem_margem\Apto_2023-05-12_10-04-12_2023-05-12_10-56-41\000_Motor_2401_9ac6530e-2541-45b4-9d6a-423ad7e41d47.png,com_margem\Apto_2023-05-12_10-04-12_2023-05-12_10-56-41\000_Motor_2401_9ac6530e-2541-45b4-9d6a-423ad7e41d47.png,
Apto_2023-05-12_11-16-53_2023-05-12_12-23-38\dados_vistoria_Chassi-Motor-LABELED.json,Chassi,OK,Apto_2023-05-12_11-16-53_2023-05-12_12-23-38\imgs\2419_632fe854-6160-4ff0-9667-8a5c617866fb.jpg,9APB08530VP000095,0.1,0.02048417132215983,"[[83, 178], [1157, 178], [1157, 332], [83, 332]]","[[61.00000000000032, 174.84543761638733], [1178.9999999999993, 174.84543761638736], [1178.9999999999993, 335.1545623836126], [61.00000000000033, 335.15456238361253]]",deb5df1143c225fbd5b6c159aa666f092c6987f2335ad7087ae192ae547d9f08,sem_margem\Apto_2023-05-12_11-16-53_2023-05-12_12-23-38\000_Chassi_2419_632fe854-6160-4ff0-9667-8a5c617866fb.png,com_margem\Apto_2023-05-12_11-16-53_2023-05-12_12-23-38\000_Chassi_2419_632fe854-6160-4ff0-9667-8a5c617866fb.png,
Apto_2023-05-12_11-16-53_2023-05-12_12-23-38\dados_vistoria_Chassi-Motor-LABELED.json,Motor,AUSENCIA_DECLARADA,,00,0.1,,,,,,,
Apto_2023-05-16_04-02-23_2023-05-16_04-47-19\dados_vistoria_Chassi-Motor-LABELED.json,Chassi,OK,Apto_2023-05-16_04-02-23_2023-05-16_04-47-19\imgs\2566_a6a50875-d664-4b12-8ac1-7600c7d05a3c.jpg,9BRBL3HE1J0105013,0.1,0.04445919044459182,"[[67, 217], [1574, 217], [1574, 370], [67, 370]]","[[1.2168044349891716e-13, 210.19774386197744], [1641.0, 210.19774386197744], [1641.0, 376.8022561380225], [1.2789769243681803e-13, 376.8022561380226]]",3b7888ccfb51534a0d45094b503525541918c2c601629caec5a46d4212c8c244,sem_margem\Apto_2023-05-16_04-02-23_2023-05-16_04-47-19\000_Chassi_2566_a6a50875-d664-4b12-8ac1-7600c7d05a3c.png,com_margem\Apto_2023-05-16_04-02-23_2023-05-16_04-47-19\000_Chassi_2566_a6a50875-d664-4b12-8ac1-7600c7d05a3c.png,
Apto_2023-05-16_04-02-23_2023-05-16_04-47-19\dados_vistoria_Chassi-Motor-LABELED.json,Motor,OK,Apto_2023-05-16_04-02-23_2023-05-16_04-47-19\imgs\2566_48b920fa-1b4c-4238-802a-9e064e3debb9.jpg,M457743,0.1,0.05898547616972811,"[[39, 251], [676, 96], [679, 150], [62, 338]]","[[6.128431095930864e-14, 254.89619592837556], [713.4663776195872, 83.78685193169284], [715.5014094972521, 141.98112974209045], [27.03221288316091, 354.3358223978413]]",7f082a0e2dbd2c844bd91d0fadd82eae6171d1bf577164c53d1c2f8c12dffbe9,sem_margem\Apto_2023-05-16_04-02-23_2023-05-16_04-47-19\000_Motor_2566_48b920fa-1b4c-4238-802a-9e064e3debb9.png,com_margem\Apto_2023-05-16_04-02-23_2023-05-16_04-47-19\000_Motor_2566_48b920fa-1b4c-4238-802a-9e064e3debb9.png,
Apto_2023-05-16_04-51-04_2023-05-16_09-55-25\dados_vistoria_Chassi-Motor-LABELED.json,Chassi,OK,Apto_2023-05-16_04-51-04_2023-05-16_09-55-25\imgs\2573_e00e50e3-6058-4f1b-96da-7930f478d50e.jpg,WV1DB42H7KA029827,0.1,0.1,"[[105, 54], [954, 54], [954, 169], [105, 169]]","[[20.100000000000016, 42.5], [1038.9, 42.5], [1038.9, 180.5], [20.10000000000001, 180.50000000000003]]",905b3bb8af225851575d65d73bd081796ba4bb0992507cec4b11a1f4bcf6fd0b,sem_margem\Apto_2023-05-16_04-51-04_2023-05-16_09-55-25\000_Chassi_2573_e00e50e3-6058-4f1b-96da-7930f478d50e.png,com_margem\Apto_2023-05-16_04-51-04_2023-05-16_09-55-25\000_Chassi_2573_e00e50e3-6058-4f1b-96da-7930f478d50e.png,
Apto_2023-05-16_04-51-04_2023-05-16_09-55-25\dados_vistoria_Chassi-Motor-LABELED.json,Motor,OK,Apto_2023-05-16_04-51-04_2023-05-16_09-55-25\imgs\2573_c3140b01-af5a-49a4-908e-746d83db1c86.jpg,CSH227351,0.1,0.0,"[[94, 21], [718, 399], [691, 551], [0, 212]]","[[94.0, 21.0], [718.0, 399.0], [691.0, 551.0], [0.0, 212.0]]",c4f47d2edc38ef4d7fcbf026e30def4cad1683352c28fd98925262379b7ff024,sem_margem\Apto_2023-05-16_04-51-04_2023-05-16_09-55-25\000_Motor_2573_c3140b01-af5a-49a4-908e-746d83db1c86.png,com_margem\Apto_2023-05-16_04-51-04_2023-05-16_09-55-25\000_Motor_2573_c3140b01-af5a-49a4-908e-746d83db1c86.png,
Apto_2023-05-16_06-08-52_2023-05-16_10-01-06\dados_vistoria_Chassi-Motor-LABELED.json,Chassi,OK,Apto_2023-05-16_06-08-52_2023-05-16_10-01-06\imgs\2594_e77da87d-74f8-4b60-891c-6eac96897ead.jpg,9BGJC69Z0FB103924,0.1,0.018374558303887064,"[[132, 214], [1547, 214], [1547, 401], [132, 401]]","[[105.9999999999998, 210.56395759717313], [1573.0, 210.56395759717313], [1573.0, 404.4360424028269], [105.9999999999998, 404.43604240282684]]",9124687fb15435e18c8c04a18dc4830dc2a8423886d12bf8bb76fc183303dbbc,sem_margem\Apto_2023-05-16_06-08-52_2023-05-16_10-01-06\000_Chassi_2594_e77da87d-74f8-4b60-891c-6eac96897ead.png,com_margem\Apto_2023-05-16_06-08-52_2023-05-16_10-01-06\000_Chassi_2594_e77da87d-74f8-4b60-891c-6eac96897ead.png,
Apto_2023-05-16_06-08-52_2023-05-16_10-01-06\dados_vistoria_Chassi-Motor-LABELED.json,Motor,OK,Apto_2023-05-16_06-08-52_2023-05-16_10-01-06\imgs\2594_2f405ba1-e8e9-4af6-8f9e-242b9a31ac43.jpg,CM8073062,0.1,0.0,"[[52, 668], [1331, 0], [1386, 168], [207, 804]]","[[52.0, 668.0], [1331.0, 0.0], [1386.0, 168.0], [207.0, 804.0]]",ed020ab00da7a7b6246d132e839b035a5a7b8d204c28828ea89733f9e94d892c,sem_margem\Apto_2023-05-16_06-08-52_2023-05-16_10-01-06\000_Motor_2594_2f405ba1-e8e9-4af6-8f9e-242b9a31ac43.png,com_margem\Apto_2023-05-16_06-08-52_2023-05-16_10-01-06\000_Motor_2594_2f405ba1-e8e9-4af6-8f9e-242b9a31ac43.png,
Apto_2023-05-16_06-57-31_2023-05-16_13-17-36\dados_vistoria_Chassi-Motor-LABELED.json,Chassi,OK,Apto_2023-05-16_06-57-31_2023-05-16_13-17-36\imgs\2606_0f734f5c-ee85-4aec-97be-20d0e4910f83.jpg,8AJFY29G8D8542130,0.1,0.08522283033620015,"[[109, 288], [1388, 288], [1388, 411], [109, 411]]","[[0.0, 277.51759186864734], [1497.0, 277.51759186864734], [1497.0, 421.48240813135266], [0.0, 421.48240813135266]]",5abd94726fe3c57754e6abfd567058832f5240baeaf11a034166527b8b2fbc30,sem_margem\Apto_2023-05-16_06-57-31_2023-05-16_13-17-36\000_Chassi_2606_0f734f5c-ee85-4aec-97be-20d0e4910f83.png,com_margem\Apto_2023-05-16_06-57-31_2023-05-16_13-17-36\000_Chassi_2606_0f734f5c-ee85-4aec-97be-20d0e4910f83.png,
Apto_2023-05-16_06-57-31_2023-05-16_13-17-36\dados_vistoria_Chassi-Motor-LABELED.json,Motor,OK,Apto_2023-05-16_06-57-31_2023-05-16_13-17-36\imgs\2606_3da776c4-1af5-4d9b-9805-ff691a2a10e4.jpg,1KDA254389,0.1,0.0,"[[216, 0], [473, 230], [413, 362], [108, 153]]","[[216.0, 0.0], [473.0, 230.0], [413.0, 362.0], [108.0, 153.0]]",4ccfc8257b158fd866aca2908e85a65b64b18ab6efe9ecd999e894e003c19e71,sem_margem\Apto_2023-05-16_06-57-31_2023-05-16_13-17-36\000_Motor_2606_3da776c4-1af5-4d9b-9805-ff691a2a10e4.png,com_margem\Apto_2023-05-16_06-57-31_2023-05-16_13-17-36\000_Motor_2606_3da776c4-1af5-4d9b-9805-ff691a2a10e4.png,
Apto_2023-05-16_07-06-21_2023-05-16_11-05-55\dados_vistoria_Chassi-Motor-LABELED.json,Chassi,OK,Apto_2023-05-16_07-06-21_2023-05-16_11-05-55\imgs\2609_2e40de0e-951a-4694-bb43-e9098bce670e.jpg,9BRBB48E5A5109352,0.1,0.0181477391860037,"[[22, 123], [1219, 65], [1234, 194], [22, 285]]","[[0.28209630091701676, 121.10176689021603], [1240.445687611293, 61.6172410066569], [1256.27221608779, 194.67874585462857], [6.750155989720952e-14, 289.60224624849855]]",838ef1890429776c98888ae817ca5364bb0248549912a63a9d76efc1435ab56d,sem_margem\Apto_2023-05-16_07-06-21_2023-05-16_11-05-55\000_Chassi_2609_2e40de0e-951a-4694-bb43-e9098bce670e.png,com_margem\Apto_2023-05-16_07-06-21_2023-05-16_11-05-55\000_Chassi_2609_2e40de0e-951a-4694-bb43-e9098bce670e.png,
Apto_2023-05-16_07-06-21_2023-05-16_11-05-55\dados_vistoria_Chassi-Motor-LABELED.json,Motor,OK,Apto_2023-05-16_07-06-21_2023-05-16_11-05-55\imgs\2609_983a8448-1c4e-452c-bdec-9f0314c9561a.jpg,4944103,0.1,0.005789439600815261,"[[4, 208], [686, 67], [710, 165], [13, 345]]","[[2.6978419498391304e-14, 208.0218505715785], [689.8089484931731, 65.61763112222991], [714.1746887163512, 164.52395876590836], [9.016362790475728, 346.83655954028325]]",9391fe39689edbab83e3c273fb3908dc5c413a04e02e1443847db3a97c566098,sem_margem\Apto_2023-05-16_07-06-21_2023-05-16_11-05-55\000_Motor_2609_983a8448-1c4e-452c-bdec-9f0314c9561a.png,com_margem\Apto_2023-05-16_07-06-21_2023-05-16_11-05-55\000_Motor_2609_983a8448-1c4e-452c-bdec-9f0314c9561a.png,
Apto_2023-05-16_10-09-52_2023-05-17_05-26-02\dados_vistoria_Chassi-Motor-LABELED.json,Chassi,OK,Apto_2023-05-16_10-09-52_2023-05-17_05-26-02\imgs\2642_0af0a056-6696-4f62-80e7-71e6690a53a9.jpg,9BWLB05U2CP022554,0.1,0.1,"[[178, 327], [1091, 327], [1091, 493], [178, 493]]","[[86.7, 310.40000000000003], [1182.3000000000002, 310.40000000000003], [1182.3000000000002, 509.59999999999997], [86.69999999999999, 509.6]]",e3343841e61c85bfcdd75c36187ab45e3d0827d70e7fe13aa5f26a176caebe5e,sem_margem\Apto_2023-05-16_10-09-52_2023-05-17_05-26-02\000_Chassi_2642_0af0a056-6696-4f62-80e7-71e6690a53a9.png,com_margem\Apto_2023-05-16_10-09-52_2023-05-17_05-26-02\000_Chassi_2642_0af0a056-6696-4f62-80e7-71e6690a53a9.png,
Apto_2023-05-16_10-09-52_2023-05-17_05-26-02\dados_vistoria_Chassi-Motor-LABELED.json,Motor,OK,Apto_2023-05-16_10-09-52_2023-05-17_05-26-02\imgs\2642_532daa7a-062c-43b2-84b3-ad9801463067.jpg,CCR490659,0.1,0.039918728648474136,"[[22, 262], [545, 80], [570, 178], [50, 362]]","[[1.9095836023552692e-14, 265.270148739381], [564.8843073816308, 68.82594298822107], [591.7509265987277, 174.5638023264374], [30.364766019641454, 373.3401059459605]]",65a961cc1ca5e12a37e8ccccf7b165013928e55565da11da8f3382f261286486,sem_margem\Apto_2023-05-16_10-09-52_2023-05-17_05-26-02\000_Motor_2642_532daa7a-062c-43b2-84b3-ad9801463067.png,com_margem\Apto_2023-05-16_10-09-52_2023-05-17_05-26-02\000_Motor_2642_532daa7a-062c-43b2-84b3-ad9801463067.png,
Apto_2023-05-16_11-17-33_2023-05-17_05-14-10\dados_vistoria_Chassi-Motor-LABELED.json,Chassi,OK,Apto_2023-05-16_11-17-33_2023-05-17_05-14-10\imgs\2660_5aa09daf-3b9a-4a35-933a-f73e7474c383.jpg,9BRB33BE5P2130485,0.1,0.043070050704635605,"[[107, 344], [1436, 234], [1456, 384], [107, 474]]","[[49.79700319889328, 343.1756995712613], [1492.3415957870138, 222.76468623144075], [1515.0, 386.6213036276322], [48.861401014092564, 483.4383105696659]]",55565b6765659bbe95e7cc71f0cc90bf706c6ceaa3dc53b31a7a888648647852,sem_margem\Apto_2023-05-16_11-17-33_2023-05-17_05-14-10\000_Chassi_2660_5aa09daf-3b9a-4a35-933a-f73e7474c383.png,com_margem\Apto_2023-05-16_11-17-33_2023-05-17_05-14-10\000_Chassi_2660_5aa09daf-3b9a-4a35-933a-f73e7474c383.png,
Apto_2023-05-16_11-17-33_2023-05-17_05-14-10\dados_vistoria_Chassi-Motor-LABELED.json,Motor,OK,Apto_2023-05-16_11-17-33_2023-05-17_05-14-10\imgs\2660_722f266e-1f5a-41cf-8a02-e0054d142c2d.jpg,AC05361,0.1,0.1,"[[232, 282], [708, 282], [708, 673], [232, 673]]","[[184.40000000000003, 242.90000000000003], [755.6000000000003, 242.89999999999998], [755.6000000000001, 712.1], [184.4, 712.1000000000001]]",162228b13bd945a809650510cacf56f0be057ff204ca9ec5f56af69d0d2375dd,sem_margem\Apto_2023-05-16_11-17-33_2023-05-17_05-14-10\000_Motor_2660_722f266e-1f5a-41cf-8a02-e0054d142c2d.png,com_margem\Apto_2023-05-16_11-17-33_2023-05-17_05-14-10\000_Motor_2660_722f266e-1f5a-41cf-8a02-e0054d142c2d.png,
Apto_2023-05-17_06-09-57_2023-05-17_09-34-19\dados_vistoria_Chassi-Motor-LABELED.json,Chassi,OK,Apto_2023-05-17_06-09-57_2023-05-17_09-34-19\imgs\2735_9ad0194e-3320-448f-b4d7-07fb11ce2875.jpg,8AWZZZ9ZZ1A615281,0.1,0.1,"[[440, 177], [1296, 119], [1303, 283], [450, 324]]","[[353.37000000000006, 168.27000000000004], [1380.9300000000003, 96.63], [1388.9700000000003, 295.47], [365.7300000000001, 342.63000000000005]]",f1ef7d0be7c01a659419275908abed2a0437861d2b722739c2eb53d2e610e2a7,sem_margem\Apto_2023-05-17_06-09-57_2023-05-17_09-34-19\000_Chassi_2735_9ad0194e-3320-448f-b4d7-07fb11ce2875.png,com_margem\Apto_2023-05-17_06-09-57_2023-05-17_09-34-19\000_Chassi_2735_9ad0194e-3320-448f-b4d7-07fb11ce2875.png,
Apto_2023-05-17_06-09-57_2023-05-17_09-34-19\dados_vistoria_Chassi-Motor-LABELED.json,Motor,OK,Apto_2023-05-17_06-09-57_2023-05-17_09-34-19\imgs\2735_a7a5ef14-64ed-4817-b2e9-4408c8724ea4.jpg,AKL902350,0.1,0.059391949238612615,"[[128, 58], [752, 544], [699, 719], [44, 170]]","[[96.0376969238144, 22.70584078427445], [792.0990001218756, 562.2486697842438], [734.8633029543099, 762.2219976777204], [6.394884621840902e-14, 143.82349175376146]]",de25cbf806f606c1f304aa4457e9a2a0118d7675cbc9d1643b36710b8df45493,sem_margem\Apto_2023-05-17_06-09-57_2023-05-17_09-34-19\000_Motor_2735_a7a5ef14-64ed-4817-b2e9-4408c8724ea4.png,com_margem\Apto_2023-05-17_06-09-57_2023-05-17_09-34-19\000_Motor_2735_a7a5ef14-64ed-4817-b2e9-4408c8724ea4.png,
Apto_2023-05-17_11-34-44_2023-05-17_13-37-08\dados_vistoria_Chassi-Motor-LABELED.json,Chassi,OK,Apto_2023-05-17_11-34-44_2023-05-17_13-37-08\imgs\2800_1b224ae6-3fbe-47b3-9572-8b0d45bc3863.jpg,9BFLF47PXFB002542,0.1,0.1,"[[357, 1508], [414, 384], [617, 402], [560, 1527]]","[[331.00000000000006, 1618.4900000000002], [399.40000000000003, 269.80999999999995], [643.0000000000001, 291.28999999999985], [574.6000000000001, 1641.41]]",47c69c6359d05daa4ffddbf1c6190388906f5386ad7030f9208dc216ea1b0e10,sem_margem\Apto_2023-05-17_11-34-44_2023-05-17_13-37-08\000_Chassi_2800_1b224ae6-3fbe-47b3-9572-8b0d45bc3863.png,com_margem\Apto_2023-05-17_11-34-44_2023-05-17_13-37-08\000_Chassi_2800_1b224ae6-3fbe-47b3-9572-8b0d45bc3863.png,
Apto_2023-05-17_11-34-44_2023-05-17_13-37-08\dados_vistoria_Chassi-Motor-LABELED.json,Motor,OK,Apto_2023-05-17_11-34-44_2023-05-17_13-37-08\imgs\2800_faeeb641-73dc-4c47-bfce-bae077d8b0fa.jpg,89644049,0.1,0.1,"[[89, 816], [576, 617], [607, 823], [161, 1009]]","[[32.690000000000005, 816.7300000000001], [622.0100000000002, 576.3700000000001], [654.2900000000001, 825.13], [124.01000000000002, 1046.77]]",7664bb6fda922c0d45bb0fa658a0cf7cdaedaa498efc46a6b6a1df06b1b80970,sem_margem\Apto_2023-05-17_11-34-44_2023-05-17_13-37-08\000_Motor_2800_faeeb641-73dc-4c47-bfce-bae077d8b0fa.png,com_margem\Apto_2023-05-17_11-34-44_2023-05-17_13-37-08\000_Motor_2800_faeeb641-73dc-4c47-bfce-bae077d8b0fa.png,
Apto_2023-05-18_04-53-11_2023-05-18_06-32-27\dados_vistoria_Chassi-Motor-LABELED.json,Chassi,OK,Apto_2023-05-18_04-53-11_2023-05-18_06-32-27\imgs\2827_70d01057-494d-449a-b88d-59d3dd85193f.jpg,9BD27803M97166922,0.1,0.06214398342827545,"[[162, 40], [1382, 125], [1259, 621], [322, 595]]","[[75.14839233557746, 2.842170943040401e-14], [1466.5522802775768, 99.68667341688248], [1308.4922919772137, 653.2113087436561], [274.8070354096325, 628.1020178394615]]",10afbd62f9a2d605dfb9f3738a233125aaa9bbba418ac0229db9ad3c816276ec,sem_margem\Apto_2023-05-18_04-53-11_2023-05-18_06-32-27\000_Chassi_2827_70d01057-494d-449a-b88d-59d3dd85193f.png,com_margem\Apto_2023-05-18_04-53-11_2023-05-18_06-32-27\000_Chassi_2827_70d01057-494d-449a-b88d-59d3dd85193f.png,
Apto_2023-05-18_04-53-11_2023-05-18_06-32-27\dados_vistoria_Chassi-Motor-LABELED.json,Motor,OK,Apto_2023-05-18_04-53-11_2023-05-18_06-32-27\imgs\2827_6e0571db-2549-487c-909c-e7030239e65b.jpg,310A2011*8877127*,0.1,0.016849426181487458,"[[247, 12], [810, 341], [767, 592], [237, 393]]","[[237.6728985172702, 4.440892098500626e-15], [820.2201210703489, 342.3511626533], [775.1963017460172, 599.5453343705254], [227.91067866636408, 396.1035029761747]]",82be17b3be767576f572b94549c45c7714540f0f85205dc0f2d1eb7432874f66,sem_margem\Apto_2023-05-18_04-53-11_2023-05-18_06-32-27\000_Motor_2827_6e0571db-2549-487c-909c-e7030239e65b.png,com_margem\Apto_2023-05-18_04-53-11_2023-05-18_06-32-27\000_Motor_2827_6e0571db-2549-487c-909c-e7030239e65b.png,
Apto_2023-05-18_06-53-54_2023-05-18_07-25-07\dados_vistoria_Chassi-Motor-LABELED.json,Chassi,OK,Apto_2023-05-18_06-53-54_2023-05-18_07-25-07\imgs\2854_fa61a88f-90eb-40d1-8846-ff01d365c61c.jpg,9C2ND07006R004866,0.1,0.04701195219123501,"[[59, 80], [1314, 80], [1314, 276], [59, 276]]","[[6.838973831690964e-14, 70.78565737051795], [1373.0000000000002, 70.78565737051794], [1373.0, 285.2143426294821], [7.105427357601002e-14, 285.21434262948213]]",5f3df83441d35bbfcfa13d639aa9974c12f7e2d46cb67777a2ecaf390643d165,sem_margem\Apto_2023-05-18_06-53-54_2023-05-18_07-25-07\000_Chassi_2854_fa61a88f-90eb-40d1-8846-ff01d365c61c.png,com_margem\Apto_2023-05-18_06-53-54_2023-05-18_07-25-07\000_Chassi_2854_fa61a88f-90eb-40d1-8846-ff01d365c61c.png,
Apto_2023-05-18_06-53-54_2023-05-18_07-25-07\dados_vistoria_Chassi-Motor-LABELED.json,Motor,OK,Apto_2023-05-18_06-53-54_2023-05-18_07-25-07\imgs\2854_8f245c76-f494-461f-8bab-ff08a7dea375.jpg,ND07E-6004866,0.1,0.061511423550087846,"[[35, 82], [604, 82], [604, 355], [35, 355]]","[[1.3322676295501878e-14, 65.207381370826], [639.0, 65.20738137082603], [639.0, 371.79261862917406], [1.4210854715202004e-14, 371.792618629174]]",62af1b2932d10860e8dc772b6b4a27ac2933d22a83ac6ab4d214a1dab843e2c6,sem_margem\Apto_2023-05-18_06-53-54_2023-05-18_07-25-07\000_Motor_2854_8f245c76-f494-461f-8bab-ff08a7dea375.png,com_margem\Apto_2023-05-18_06-53-54_2023-05-18_07-25-07\000_Motor_2854_8f245c76-f494-461f-8bab-ff08a7dea375.png,
Apto_2023-05-18_09-21-12_2023-05-18_10-06-08\dados_vistoria_Chassi-Motor-LABELED.json,Chassi,OK,Apto_2023-05-18_09-21-12_2023-05-18_10-06-08\imgs\2869_a8a14074-4008-4aea-803c-dd12a42bf535.jpg,9BD15822544496900,0.1,0.03736263736263732,"[[92, 17], [1035, 17], [1035, 472], [92, 472]]","[[56.767032967032996, 2.1316282072803006e-14], [1070.2329670329668, 1.9539925233402755e-14], [1070.232967032967, 488.9999999999999], [56.767032967033, 488.9999999999999]]",c4898e2aa51e6451c1ed188eb1ae456383cb245f0dec5a11935f4045d125b0e3,sem_margem\Apto_2023-05-18_09-21-12_2023-05-18_10-06-08\000_Chassi_2869_a8a14074-4008-4aea-803c-dd12a42bf535.png,com_margem\Apto_2023-05-18_09-21-12_2023-05-18_10-06-08\000_Chassi_2869_a8a14074-4008-4aea-803c-dd12a42bf535.png,
Apto_2023-05-18_09-21-12_2023-05-18_10-06-08\dados_vistoria_Chassi-Motor-LABELED.json,Motor,OK,Apto_2023-05-18_09-21-12_2023-05-18_10-06-08\imgs\2869_7847f0b6-ca62-44bf-bf43-bfdb9cc7f896.jpg,178D9011*5783088*,0.1,0.1,"[[189, 72], [548, 362], [495, 570], [136, 284]]","[[158.4, 21.76000000000001], [589.2000000000002, 370.24000000000007], [525.5999999999999, 619.3600000000001], [94.80000000000001, 276.64000000000004]]",64a6ea6e42afd045437a5feeafdbc68d3c13282cc3ed5ed9dba1ca4c43724cbd,sem_margem\Apto_2023-05-18_09-21-12_2023-05-18_10-06-08\000_Motor_2869_7847f0b6-ca62-44bf-bf43-bfdb9cc7f896.png,com_margem\Apto_2023-05-18_09-21-12_2023-05-18_10-06-08\000_Motor_2869_7847f0b6-ca62-44bf-bf43-bfdb9cc7f896.png,
Apto_2023-05-19_04-19-23_2023-05-19_10-24-24\dados_vistoria_Chassi-Motor-LABELED.json,Chassi,OK,Apto_2023-05-19_04-19-23_2023-05-19_10-24-24\imgs\2933_899c6c3f-b5ee-4127-87cc-5b59cd8ee556.jpg,9ADB0902CDM362472,0.1,0.09523809523809526,"[[124, 202], [1426, 202], [1426, 538], [124, 538]]","[[1.7763568394002505e-15, 170.0], [1550.0, 169.99999999999997], [1550.0, 569.9999999999999], [0.0, 570.0]]",14c66bcf312da2ff28652f0e4a39846b7c0aa7c7234c56a6e8d20073d7fa3097,sem_margem\Apto_2023-05-19_04-19-23_2023-05-19_10-24-24\000_Chassi_2933_899c6c3f-b5ee-4127-87cc-5b59cd8ee556.png,com_margem\Apto_2023-05-19_04-19-23_2023-05-19_10-24-24\000_Chassi_2933_899c6c3f-b5ee-4127-87cc-5b59cd8ee556.png,
Apto_2023-05-19_04-19-23_2023-05-19_10-24-24\dados_vistoria_Chassi-Motor-LABELED.json,Motor,AUSENCIA_DECLARADA,,NAO,0.1,,,,,,,
Apto_2023-05-19_04-31-29_2023-05-19_06-49-14\dados_vistoria_Chassi-Motor-LABELED.json,Chassi,OK,Apto_2023-05-19_04-31-29_2023-05-19_06-49-14\imgs\2935_fee223a9-2800-4b51-a601-8ca61965b86d.jpg,9BRBDWHE5G0289105,0.1,0.05505275861704311,"[[77, 194], [1415, 197], [1415, 417], [74, 402]]","[[3.5136596649414784, 182.42023760658003], [1488.6514986109094, 185.0171817053255], [1488.8348417241486, 429.9737679497813], [1.4210854715202004e-14, 412.58881273831315]]",828be9947b03822cb4924fd192ea4ceb9a05edd708e32fb7898bf811fd8ed79e,sem_margem\Apto_2023-05-19_04-31-29_2023-05-19_06-49-14\000_Chassi_2935_fee223a9-2800-4b51-a601-8ca61965b86d.png,com_margem\Apto_2023-05-19_04-31-29_2023-05-19_06-49-14\000_Chassi_2935_fee223a9-2800-4b51-a601-8ca61965b86d.png,
Apto_2023-05-19_04-31-29_2023-05-19_06-49-14\dados_vistoria_Chassi-Motor-LABELED.json,Motor,OK,Apto_2023-05-19_04-31-29_2023-05-19_06-49-14\imgs\2935_91535bfe-9aa0-42c2-b4b7-0fb01ac9fece.jpg,M340466,0.1,0.0,"[[0, 196], [578, 49], [579, 114], [0, 296]]","[[0.0, 196.0], [578.0, 49.0], [579.0, 114.0], [0.0, 296.0]]",cf00ac32bdd08460cdbc2046f2fff395de59cec541604945c9e066774cb54405,sem_margem\Apto_2023-05-19_04-31-29_2023-05-19_06-49-14\000_Motor_2935_91535bfe-9aa0-42c2-b4b7-0fb01ac9fece.png,com_margem\Apto_2023-05-19_04-31-29_2023-05-19_06-49-14\000_Motor_2935_91535bfe-9aa0-42c2-b4b7-0fb01ac9fece.png,
Apto_2023-05-19_09-57-13_2023-05-19_12-53-51\dados_vistoria_Chassi-Motor-LABELED.json,Chassi,OK,Apto_2023-05-19_09-57-13_2023-05-19_12-53-51\imgs\3021_da055de9-9709-4db5-9aa9-9ba85d236115.jpg,9BWCA01J814069407,0.1,0.09503804584368139,"[[86, 175], [981, 161], [969, 303], [94, 311]]","[[1.7763568394002505e-15, 163.4595517880176], [1067.3801521833748, 146.11987146743903], [1050.8371889599412, 315.7892915240001], [11.782658856683966, 324.6312852205434]]",83921adc50a21ac9b8125242a5b1e203b65e617a7b9e32646b3a2f36571d7c9b,sem_margem\Apto_2023-05-19_09-57-13_2023-05-19_12-53-51\000_Chassi_3021_da055de9-9709-4db5-9aa9-9ba85d236115.png,com_margem\Apto_2023-05-19_09-57-13_2023-05-19_12-53-51\000_Chassi_3021_da055de9-9709-4db5-9aa9-9ba85d236115.png,
Apto_2023-05-19_09-57-13_2023-05-19_12-53-51\dados_vistoria_Chassi-Motor-LABELED.json,Motor,OK,Apto_2023-05-19_09-57-13_2023-05-19_12-53-51\imgs\3021_f6a5e0e8-6fb0-4979-811b-0b0abe80d80f.jpg,BAH007722,0.1,0.1,"[[138, 156], [667, 156], [667, 256], [138, 256]]","[[85.10000000000001, 146.00000000000003], [719.9000000000001, 146.0], [719.9, 266.0], [85.10000000000001, 266.0]]",af041ac41a2e4aa0f9c8461e1fb5e816c62d1ce59f82289b26310d45ba25fdbf,sem_margem\Apto_2023-05-19_09-57-13_2023-05-19_12-53-51\000_Motor_3021_f6a5e0e8-6fb0-4979-811b-0b0abe80d80f.png,com_margem\Apto_2023-05-19_09-57-13_2023-05-19_12-53-51\000_Motor_3021_f6a5e0e8-6fb0-4979-811b-0b0abe80d80f.png,
Apto_2023-05-19_11-10-16_2023-05-19_12-47-43\dados_vistoria_Chassi-Motor-LABELED.json,Chassi,OK,Apto_2023-05-19_11-10-16_2023-05-19_12-47-43\imgs\3042_00562cf1-2433-4fe8-9053-aa76a0a49cda.jpg,9BGJK69RSRB006721,0.1,8.881784197001253e-17,"[[15, 434], [1597, 434], [1597, 633], [15, 633]]","[[14.999999999999856, 433.9999999999999], [1596.9999999999998, 433.99999999999994], [1597.0, 633.0], [14.999999999999858, 633.0]]",4a77ec9242940b6169fdd455d61d3c067bdfc9bcbc917770e9dbfa8165b6e419,sem_margem\Apto_2023-05-19_11-10-16_2023-05-19_12-47-43\000_Chassi_3042_00562cf1-2433-4fe8-9053-aa76a0a49cda.png,com_margem\Apto_2023-05-19_11-10-16_2023-05-19_12-47-43\000_Chassi_3042_00562cf1-2433-4fe8-9053-aa76a0a49cda.png,
Apto_2023-05-19_11-10-16_2023-05-19_12-47-43\dados_vistoria_Chassi-Motor-LABELED.json,Motor,OK,Apto_2023-05-19_11-10-16_2023-05-19_12-47-43\imgs\3042_a534d7ea-665d-4067-842e-3af88e3aed60.jpg,B20NZ31099531,0.1,0.1,"[[186, 296], [517, 266], [522, 407], [186, 407]]","[[152.95000000000002, 288.2000000000001], [549.5500000000001, 248.60000000000005], [556.1500000000001, 421.40000000000003], [152.35000000000002, 417.80000000000007]]",f4c2285a81efebc05535f4ab878a75e73f4671e741733ebbbb5a7ef84b7491cf,sem_margem\Apto_2023-05-19_11-10-16_2023-05-19_12-47-43\000_Motor_3042_a534d7ea-665d-4067-842e-3af88e3aed60.png,com_margem\Apto_2023-05-19_11-10-16_2023-05-19_12-47-43\000_Motor_3042_a534d7ea-665d-4067-842e-3af88e3aed60.png,
Apto_2023-05-20_06-39-02_2023-05-20_07-40-32\dados_vistoria_Chassi-Motor-LABELED.json,Chassi,OK,Apto_2023-05-20_06-39-02_2023-05-20_07-40-32\imgs\3084_11434913-e16e-40ac-9df0-250980c2fd07.jpg,9BVAG30D0EE823447,0.1,0.05762254492418234,"[[150, 157], [1195, 124], [1183, 241], [166, 316]]","[[88.76950982030344, 149.60010431684438], [1256.0, 115.4960732840813], [1240.8176876336643, 243.28069186410704], [108.41280254603257, 329.6231305349673]]",b02a9c94769ba8a18aa0770f02027f464521977cda1c3b23dbdd4e279c922a30,sem_margem\Apto_2023-05-20_06-39-02_2023-05-20_07-40-32\000_Chassi_3084_11434913-e16e-40ac-9df0-250980c2fd07.png,com_margem\Apto_2023-05-20_06-39-02_2023-05-20_07-40-32\000_Chassi_3084_11434913-e16e-40ac-9df0-250980c2fd07.png,
Apto_2023-05-20_06-39-02_2023-05-20_07-40-32\dados_vistoria_Chassi-Motor-LABELED.json,Motor,OK,Apto_2023-05-20_06-39-02_2023-05-20_07-40-32\imgs\3084_8cacf987-2a15-48e3-b659-0feb5407bf7c.jpg,D13*887786*C1*E,0.1,0.06515151515151515,"[[43, 79], [703, 79], [703, 490], [43, 490]]","[[0.0, 52.222727272727276], [746.0, 52.22272727272727], [746.0, 516.7772727272727], [0.0, 516.7772727272727]]",c6e3e69d08102b8e46ab0d61f565daf28433df5484578ab715ce144b82dcde19,sem_margem\Apto_2023-05-20_06-39-02_2023-05-20_07-40-32\000_Motor_3084_8cacf987-2a15-48e3-b659-0feb5407bf7c.png,com_margem\Apto_2023-05-20_06-39-02_2023-05-20_07-40-32\000_Motor_3084_8cacf987-2a15-48e3-b659-0feb5407bf7c.png,
Apto_2023-05-22_04-21-02_2023-05-22_05-22-05\dados_vistoria_Chassi-Motor-LABELED.json,Chassi,OK,Apto_2023-05-22_04-21-02_2023-05-22_05-22-05\imgs\3094_39f23c20-2907-4cfe-aab3-2b22140039cc.jpg,93XSYKL1TKCJ12886,0.1,0.1,"[[115, 117], [1040, 117], [1040, 268], [115, 268]]","[[22.500000000000018, 101.90000000000002], [1132.5, 101.90000000000002], [1132.5, 283.1], [22.500000000000014, 283.1]]",ceac5b09f1decd305b4a93572029c160d9392b358a9a505c121e0adf29c42e7a,sem_margem\Apto_2023-05-22_04-21-02_2023-05-22_05-22-05\000_Chassi_3094_39f23c20-2907-4cfe-aab3-2b22140039cc.png,com_margem\Apto_2023-05-22_04-21-02_2023-05-22_05-22-05\000_Chassi_3094_39f23c20-2907-4cfe-aab3-2b22140039cc.png,
Apto_2023-05-22_04-21-02_2023-05-22_05-22-05\dados_vistoria_Chassi-Motor-LABELED.json,Motor,OK,Apto_2023-05-22_04-21-02_2023-05-22_05-22-05\imgs\3094_e850a508-d74c-46f3-8c61-6e32bd32d987.jpg,4N15BAB3119,0.1,0.1,"[[69, 123], [433, 123], [433, 254], [69, 254]]","[[32.599999999999994, 109.9], [469.40000000000003, 109.90000000000002], [469.4, 267.09999999999997], [32.599999999999994, 267.1]]",f7786f4ca881a06212490a7091c9a892d579e5f1a38b7ed61cd43a6a05f1e11a,sem_margem\Apto_2023-05-22_04-21-02_2023-05-22_05-22-05\000_Motor_3094_e850a508-d74c-46f3-8c61-6e32bd32d987.png,com_margem\Apto_2023-05-22_04-21-02_2023-05-22_05-22-05\000_Motor_3094_e850a508-d74c-46f3-8c61-6e32bd32d987.png,
Apto_2023-05-22_04-28-14_2023-05-22_06-53-12\dados_vistoria_Chassi-Motor-LABELED.json,Chassi,OK,Apto_2023-05-22_04-28-14_2023-05-22_06-53-12\imgs\3098_5f69aab2-84c9-44db-9a38-b0a21012e8e6.jpg,93ZS2MSH0B8809473,0.1,0.07503828483920366,"[[98, 37], [1404, 37], [1404, 261], [98, 261]]","[[1.1546319456101628e-14, 20.191424196018385], [1502.0000000000002, 20.191424196018385], [1502.0, 277.8085758039816], [1.4210854715202004e-14, 277.8085758039816]]",c8562505d72a2bb5054789021ef787e775eae926e3e9ca3220cde536d28bd08a,sem_margem\Apto_2023-05-22_04-28-14_2023-05-22_06-53-12\000_Chassi_3098_5f69aab2-84c9-44db-9a38-b0a21012e8e6.png,com_margem\Apto_2023-05-22_04-28-14_2023-05-22_06-53-12\000_Chassi_3098_5f69aab2-84c9-44db-9a38-b0a21012e8e6.png,
Apto_2023-05-22_04-28-14_2023-05-22_06-53-12\dados_vistoria_Chassi-Motor-LABELED.json,Motor,OK,Apto_2023-05-22_04-28-14_2023-05-22_06-53-12\imgs\3098_bb69546c-e7c1-44e6-ba97-8b5b36687528.jpg,F3BE0681*5022962*,0.1,0.03166666666666663,"[[38, 109], [1238, 109], [1238, 385], [38, 385]]","[[5.5289106626332796e-14, 100.26000000000003], [1276.0, 100.26000000000002], [1275.9999999999998, 393.73999999999995], [5.684341886080802e-14, 393.74]]",1d5d6a77497b03e2efa86323848cce7df60c5be767740c8d4b1306b8b599f9e8,sem_margem\Apto_2023-05-22_04-28-14_2023-05-22_06-53-12\000_Motor_3098_bb69546c-e7c1-44e6-ba97-8b5b36687528.png,com_margem\Apto_2023-05-22_04-28-14_2023-05-22_06-53-12\000_Motor_3098_bb69546c-e7c1-44e6-ba97-8b5b36687528.png,
Apto_2023-05-22_06-01-05_2023-05-22_09-28-11\dados_vistoria_Chassi-Motor-LABELED.json,Chassi,OK,Apto_2023-05-22_06-01-05_2023-05-22_09-28-11\imgs\3138_740cc4f3-71e4-4308-bcfc-1ec6f16256bc.jpg,93YHSR3H5KJ757194,0.1,0.004499437570303669,"[[4, 46], [893, 46], [893, 231], [4, 231]]","[[3.713349072675953e-14, 45.16760404949381], [896.9999999999998, 45.16760404949382], [896.9999999999999, 231.83239595050617], [3.730349362740526e-14, 231.83239595050614]]",3377faf8e05db34384a187b4c38a09891158b301edc8dabcdafa966fe5fa3006,sem_margem\Apto_2023-05-22_06-01-05_2023-05-22_09-28-11\000_Chassi_3138_740cc4f3-71e4-4308-bcfc-1ec6f16256bc.png,com_margem\Apto_2023-05-22_06-01-05_2023-05-22_09-28-11\000_Chassi_3138_740cc4f3-71e4-4308-bcfc-1ec6f16256bc.png,
Apto_2023-05-22_06-01-05_2023-05-22_09-28-11\dados_vistoria_Chassi-Motor-LABELED.json,Motor,OK,Apto_2023-05-22_06-01-05_2023-05-22_09-28-11\imgs\3138_e17be183-ff61-4d42-8f07-c92e10b1582b.jpg,H4MF735Q044381,0.1,0.1,"[[105, 56], [645, 56], [645, 423], [105, 423]]","[[51.00000000000003, 19.29999999999999], [699.0, 19.299999999999997], [699.0, 459.70000000000005], [51.000000000000014, 459.7000000000001]]",23e3bddd640a6e9d90ed9c5c6b0ddc258c3bb72c768d49a57b94d0eaed88b55b,sem_margem\Apto_2023-05-22_06-01-05_2023-05-22_09-28-11\000_Motor_3138_e17be183-ff61-4d42-8f07-c92e10b1582b.png,com_margem\Apto_2023-05-22_06-01-05_2023-05-22_09-28-11\000_Motor_3138_e17be183-ff61-4d42-8f07-c92e10b1582b.png,
Apto_2023-05-22_09-29-43_2023-05-22_10-25-03\dados_vistoria_Chassi-Motor-LABELED.json,Chassi,OK,Apto_2023-05-22_09-29-43_2023-05-22_10-25-03\imgs\3170_e5c984d5-c2b0-4b46-bd20-49595ff23cb7.jpg,9BG148MH0DC473278,0.1,8.881784197001253e-17,"[[17, 256], [1318, 181], [1335, 378], [20, 447]]","[[16.99999999999988, 255.99999999999994], [1317.9999999999998, 180.99999999999997], [1335.0, 378.0], [19.999999999999883, 446.99999999999994]]",8bf2f8e4eea95fd09ef2a3f61ce2600c1268b6e534ee2c1fb0c1b9707302b230,sem_margem\Apto_2023-05-22_09-29-43_2023-05-22_10-25-03\000_Chassi_3170_e5c984d5-c2b0-4b46-bd20-49595ff23cb7.png,com_margem\Apto_2023-05-22_09-29-43_2023-05-22_10-25-03\000_Chassi_3170_e5c984d5-c2b0-4b46-bd20-49595ff23cb7.png,
Apto_2023-05-22_09-29-43_2023-05-22_10-25-03\dados_vistoria_Chassi-Motor-LABELED.json,Motor,OK,Apto_2023-05-22_09-29-43_2023-05-22_10-25-03\imgs\3170_f8ff27fa-42f3-4ff8-b840-3d3af5464371.jpg,V1A047373,0.1,0.1,"[[177, 61], [494, 61], [494, 151], [177, 151]]","[[145.30000000000004, 52.00000000000003], [525.7, 52.00000000000001], [525.7, 160.00000000000003], [145.3, 160.00000000000003]]",9524bb272ef5d41d0f74b88b03644a62e6b022ceda899d84a77114f556e53bfe,sem_margem\Apto_2023-05-22_09-29-43_2023-05-22_10-25-03\000_Motor_3170_f8ff27fa-42f3-4ff8-b840-3d3af5464371.png,com_margem\Apto_2023-05-22_09-29-43_2023-05-22_10-25-03\000_Motor_3170_f8ff27fa-42f3-4ff8-b840-3d3af5464371.png,
Apto_2023-05-22_11-01-25_2023-05-22_12-27-43\dados_vistoria_Chassi-Motor-LABELED.json,Chassi,OK,Apto_2023-05-22_11-01-25_2023-05-22_12-27-43\imgs\3203_13c9bd0d-d4f3-4ad9-b05f-550793eddcc7.jpg,9BWAB01J694025180,0.1,0.09315736839670541,"[[102, 51], [1053, 51], [1053, 247], [98, 236]]","[[13.814685309466357, 33.861348094762086], [1141.55794416412, 32.64569454609314], [1141.9999999999998, 266.37903650627055], [8.627370526413088, 252.1139208528741]]",346c14d7ef5db7389057470315c6407655fae50af5233780686cff47fed48760,sem_margem\Apto_2023-05-22_11-01-25_2023-05-22_12-27-43\000_Chassi_3203_13c9bd0d-d4f3-4ad9-b05f-550793eddcc7.png,com_margem\Apto_2023-05-22_11-01-25_2023-05-22_12-27-43\000_Chassi_3203_13c9bd0d-d4f3-4ad9-b05f-550793eddcc7.png,
Apto_2023-05-22_11-01-25_2023-05-22_12-27-43\dados_vistoria_Chassi-Motor-LABELED.json,Motor,OK,Apto_2023-05-22_11-01-25_2023-05-22_12-27-43\imgs\3203_96d0b710-e196-4169-b9fb-5021ad6c9136.jpg,CCR103385,0.1,0.025284417003479477,"[[87, 38], [456, 184], [390, 242], [23, 101]]","[[79.28697421045234, 32.712360337556746], [466.9999999999999, 186.22822520502217], [397.60933091456087, 247.02840247497636], [12.103694874986761, 99.03101198244462]]",2ca4b9a71072e56000907c0912322f92cc9f5dde0d92534acd46e1d160445a91,sem_margem\Apto_2023-05-22_11-01-25_2023-05-22_12-27-43\000_Motor_3203_96d0b710-e196-4169-b9fb-5021ad6c9136.png,com_margem\Apto_2023-05-22_11-01-25_2023-05-22_12-27-43\000_Motor_3203_96d0b710-e196-4169-b9fb-5021ad6c9136.png,
Apto_2023-05-22_11-24-39_2023-05-22_12-36-14\dados_vistoria_Chassi-Motor-LABELED.json,Chassi,OK,Apto_2023-05-22_11-24-39_2023-05-22_12-36-14\imgs\3210_f122aa62-4948-4e11-a72a-bab535fdef63.jpg,98822617CLKC86755,0.1,0.06060606060606055,"[[64, 280], [1120, 280], [1120, 638], [64, 638]]","[[5.3290705182007514e-14, 258.30303030303037], [1184.0000000000002, 258.30303030303037], [1184.0, 659.6969696969696], [5.684341886080802e-14, 659.6969696969696]]",37a10a38ad9ed7fa885c186f491ddbfad7b220591fa6167a773289ad5276b4f6,sem_margem\Apto_2023-05-22_11-24-39_2023-05-22_12-36-14\000_Chassi_3210_f122aa62-4948-4e11-a72a-bab535fdef63.png,com_margem\Apto_2023-05-22_11-24-39_2023-05-22_12-36-14\000_Chassi_3210_f122aa62-4948-4e11-a72a-bab535fdef63.png,
Apto_2023-05-22_11-24-39_2023-05-22_12-36-14\dados_vistoria_Chassi-Motor-LABELED.json,Motor,OK,Apto_2023-05-22_11-24-39_2023-05-22_12-36-14\imgs\3210_30179759-2849-411d-8569-dfe4543e1ab2.jpg,552616748839573,0.1,0.05914109316522752,"[[47, 113], [841, 66], [829, 196], [47, 248]]","[[1.3766765505351941e-14, 107.77809545695607], [888.7096931179826, 55.54951485425862], [874.4966697104159, 200.59551692238387], [0.7936371716014179, 259.07687276640144]]",8cf98b20cee91bec83b634ad450405776fa9af7bd131cd0d38d10263f6c67289,sem_margem\Apto_2023-05-22_11-24-39_2023-05-22_12-36-14\000_Motor_3210_30179759-2849-411d-8569-dfe4543e1ab2.png,com_margem\Apto_2023-05-22_11-24-39_2023-05-22_12-36-14\000_Motor_3210_30179759-2849-411d-8569-dfe4543e1ab2.png,
Apto_2023-05-22_12-28-20_2023-06-02_07-42-15\dados_vistoria_Chassi-Motor-LABELED.json,Chassi,OK,Apto_2023-05-22_12-28-20_2023-06-02_07-42-15\imgs\3232_a4ca641b-6868-46ab-a633-40028ed152b2.jpg,9C2PC4820JR000658,0.1,0.024666027696246748,"[[41, 338], [1233, 63], [1265, 241], [41, 608]]","[[11.61756419958786, 338.0673561496285], [1261.5931229141322, 51.882263442452945], [1295.9999999999998, 236.2821467765567], [10.789312886279994, 623.7682336313618]]",77d7c6a8a420c98f569c72125d48a8262c08765d6e3efd90ff8acc53a90d859e,sem_margem\Apto_2023-05-22_12-28-20_2023-06-02_07-42-15\000_Chassi_3232_a4ca641b-6868-46ab-a633-40028ed152b2.png,com_margem\Apto_2023-05-22_12-28-20_2023-06-02_07-42-15\000_Chassi_3232_a4ca641b-6868-46ab-a633-40028ed152b2.png,
Apto_2023-05-22_12-28-20_2023-06-02_07-42-15\dados_vistoria_Chassi-Motor-LABELED.json,Motor,OK,Apto_2023-05-22_12-28-20_2023-06-02_07-42-15\imgs\3232_46e0dc40-688c-4164-b44b-1a7be6a3ac0b.jpg,PC48E2J000658,0.1,0.1,"[[80, 198], [626, 198], [626, 419], [80, 419]]","[[25.400000000000002, 175.90000000000003], [680.6000000000001, 175.9], [680.6000000000001, 441.1], [25.39999999999999, 441.1]]",a841784af9f822e934e17cb430a1764b9637eaac25ec13737793c65d38e154d9,sem_margem\Apto_2023-05-22_12-28-20_2023-06-02_07-42-15\000_Motor_3232_46e0dc40-688c-4164-b44b-1a7be6a3ac0b.png,com_margem\Apto_2023-05-22_12-28-20_2023-06-02_07-42-15\000_Motor_3232_46e0dc40-688c-4164-b44b-1a7be6a3ac0b.png,
Apto_2023-05-23_05-30-27_2023-05-23_14-18-06\dados_vistoria_Chassi-Motor-LABELED.json,Chassi,OK,Apto_2023-05-23_05-30-27_2023-05-23_14-18-06\imgs\3266_6c0196b2-955e-4d36-968d-29370ea35c19.jpg,9BM345413HB762825,0.1,0.029812606473594537,"[[35, 66], [1209, 66], [1209, 267], [35, 267]]","[[2.0872192862952943e-14, 60.00766609880751], [1244.0000000000007, 60.00766609880751], [1244.0000000000005, 272.9923339011925], [2.1316282072803006e-14, 272.9923339011925]]",ecb6230d1395f801877763729f758d8ae39c8f51d9ff2d6b48a8a2e6c86f1f35,sem_margem\Apto_2023-05-23_05-30-27_2023-05-23_14-18-06\000_Chassi_3266_6c0196b2-955e-4d36-968d-29370ea35c19.png,com_margem\Apto_2023-05-23_05-30-27_2023-05-23_14-18-06\000_Chassi_3266_6c0196b2-955e-4d36-968d-29370ea35c19.png,
Apto_2023-05-23_05-30-27_2023-05-23_14-18-06\dados_vistoria_Chassi-Motor-LABELED.json,Motor,OK,Apto_2023-05-23_05-30-27_2023-05-23_14-18-06\imgs\3266_afb9f228-6553-437f-96b6-1938199a86a8.jpg,SP0307102,0.1,0.035028248587570684,"[[48, 84], [933, 84], [933, 289], [48, 289]]","[[16.99999999999993, 76.81920903954797], [963.9999999999998, 76.81920903954799], [963.9999999999999, 296.18079096045193], [16.999999999999936, 296.18079096045193]]",90ff2b96329a63ab903d2639c108b2cce4f7d501768436e3b14c974867ebd55c,sem_margem\Apto_2023-05-23_05-30-27_2023-05-23_14-18-06\000_Motor_3266_afb9f228-6553-437f-96b6-1938199a86a8.png,com_margem\Apto_2023-05-23_05-30-27_2023-05-23_14-18-06\000_Motor_3266_afb9f228-6553-437f-96b6-1938199a86a8.png,
Apto_2023-05-23_06-51-22_2023-05-23_09-28-05\dados_vistoria_Chassi-Motor-LABELED.json,Chassi,OK,Apto_2023-05-23_06-51-22_2023-05-23_09-28-05\imgs\3288_0ed29027-8aef-4d71-ace6-894b3ac3e76e.jpg,9BGCA8030LB208735,0.1,0.09382728668525972,"[[91, 60], [904, 60], [904, 210], [84, 195]]","[[15.436831849767684, 47.4653696933907], [980.2199591570292, 45.793853601310275], [981.0, 225.61355569896864], [6.343208993203177, 206.1272210063304]]",ef5b567421de78cf7ae79f0a93c3b7c7e18e883b1a0c12caa7f813e11cd9551d,sem_margem\Apto_2023-05-23_06-51-22_2023-05-23_09-28-05\000_Chassi_3288_0ed29027-8aef-4d71-ace6-894b3ac3e76e.png,com_margem\Apto_2023-05-23_06-51-22_2023-05-23_09-28-05\000_Chassi_3288_0ed29027-8aef-4d71-ace6-894b3ac3e76e.png,
Apto_2023-05-23_06-51-22_2023-05-23_09-28-05\dados_vistoria_Chassi-Motor-LABELED.json,Motor,OK,Apto_2023-05-23_06-51-22_2023-05-23_09-28-05\imgs\3288_18d08a19-5df1-4ced-9c0c-293b85feb960.jpg,GK8057084,0.1,0.058537401229497125,"[[91, 53], [517, 467], [462, 589], [29, 168]]","[[69.71637234386196, 22.05770114099493], [545.1325035999891, 484.06893476761405], [484.1511240561487, 620.8097952590157], [7.105427357601002e-15, 150.06356883237493]]",230dab7eb76483da26b61ce2a5d7681a1034cff25cb3bad92568a23b02f17b31,sem_margem\Apto_2023-05-23_06-51-22_2023-05-23_09-28-05\000_Motor_3288_18d08a19-5df1-4ced-9c0c-293b85feb960.png,com_margem\Apto_2023-05-23_06-51-22_2023-05-23_09-28-05\000_Motor_3288_18d08a19-5df1-4ced-9c0c-293b85feb960.png,
Apto_2023-05-23_09-15-55_2023-05-23_10-25-30\dados_vistoria_Chassi-Motor-LABELED.json,Chassi,OK,Apto_2023-05-23_09-15-55_2023-05-23_10-25-30\imgs\3303_1a66193e-48d1-419e-af47-5d5c3465061b.jpg,9C2JC7000MR027723,0.1,0.1,"[[436, 1275], [203, 339], [436, 312], [598, 1177]]","[[443.81000000000006, 1379.1100000000001], [155.68999999999997, 247.38999999999996], [443.80999999999995, 223.50999999999988], [629.69, 1252.9900000000002]]",ec607caa12810411ee75c6d49f9d79439558cad67961db60d3dfc0df8a374565,sem_margem\Apto_2023-05-23_09-15-55_2023-05-23_10-25-30\000_Chassi_3303_1a66193e-48d1-419e-af47-5d5c3465061b.png,com_margem\Apto_2023-05-23_09-15-55_2023-05-23_10-25-30\000_Chassi_3303_1a66193e-48d1-419e-af47-5d5c3465061b.png,
Apto_2023-05-23_09-15-55_2023-05-23_10-25-30\dados_vistoria_Chassi-Motor-LABELED.json,Motor,OK,Apto_2023-05-23_09-15-55_2023-05-23_10-25-30\imgs\3303_54e891c1-c5e6-42d8-960b-8ce6a0fca395.jpg,JC70E0M027781,0.1,0.1,"[[869, 1098], [429, 1121], [421, 918], [865, 910]]","[[913.3600000000002, 1114.3500000000004], [385.84, 1143.75], [375.76, 898.3499999999999], [909.04, 890.55]]",62db47c25217cf45ebfd3abcd7487fc35784b244b7debb0976c7bc7e6c7c2691,sem_margem\Apto_2023-05-23_09-15-55_2023-05-23_10-25-30\000_Motor_3303_54e891c1-c5e6-42d8-960b-8ce6a0fca395.png,com_margem\Apto_2023-05-23_09-15-55_2023-05-23_10-25-30\000_Motor_3303_54e891c1-c5e6-42d8-960b-8ce6a0fca395.png,
Apto_2023-05-23_09-26-39_2023-05-23_12-03-59\dados_vistoria_Chassi-Motor-LABELED.json,Chassi,OK,Apto_2023-05-23_09-26-39_2023-05-23_12-03-59\imgs\3306_10af656e-c0c8-4672-851c-774e06c83725.jpg,9BW2M82T95R536876,0.1,0.03204348368566937,"[[64, 37], [1278, 49], [1275, 238], [64, 238]]","[[25.09613045105724, 30.16241655679186], [1316.9999999999998, 43.34062480579709], [1313.7054479377484, 244.04389699843097], [25.198421611194533, 244.45306163898013]]",587185789a6851c3b9cb213788f1eea813d784dfb0a193d098ac5eb4ec6e4a86,sem_margem\Apto_2023-05-23_09-26-39_2023-05-23_12-03-59\000_Chassi_3306_10af656e-c0c8-4672-851c-774e06c83725.png,com_margem\Apto_2023-05-23_09-26-39_2023-05-23_12-03-59\000_Chassi_3306_10af656e-c0c8-4672-851c-774e06c83725.png,
Apto_2023-05-23_09-26-39_2023-05-23_12-03-59\dados_vistoria_Chassi-Motor-LABELED.json,Motor,OK,Apto_2023-05-23_09-26-39_2023-05-23_12-03-59\imgs\3306_89d6dc79-92cb-49ae-8be3-230e2699fb9c.jpg,30553873,0.1,0.05797321403037021,"[[98, 590], [1505, 560], [1517, 775], [98, 775]]","[[16.472018581809248, 581.114978631643], [1585.8323028498262, 545.6957357562089], [1600.0, 787.5650678228799], [15.695678568364542, 785.6242177892682]]",43f73b2e251ff2b7da9adb5eeb19e688dc1b5d2c7c6d6bb71879654952825566,sem_margem\Apto_2023-05-23_09-26-39_2023-05-23_12-03-59\000_Motor_3306_89d6dc79-92cb-49ae-8be3-230e2699fb9c.png,com_margem\Apto_2023-05-23_09-26-39_2023-05-23_12-03-59\000_Motor_3306_89d6dc79-92cb-49ae-8be3-230e2699fb9c.png,
Apto_2023-05-23_12-04-05_2023-05-23_13-04-20\dados_vistoria_Chassi-Motor-LABELED.json,Chassi,OK,Apto_2023-05-23_12-04-05_2023-05-23_13-04-20\imgs\3344_2c6504d2-b8cd-4a70-b97b-c5a8eab5d126.jpg,93YHJD204MJ635453,0.1,0.1,"[[151, 173], [1322, 173], [1322, 459], [151, 459]]","[[33.90000000000002, 144.40000000000003], [1439.1000000000001, 144.4], [1439.1000000000001, 487.59999999999997], [33.900000000000006, 487.6000000000001]]",42cb24ba2cde3802d92335871105d74a74a4e988a51bc45f8b85934ca8010a69,sem_margem\Apto_2023-05-23_12-04-05_2023-05-23_13-04-20\000_Chassi_3344_2c6504d2-b8cd-4a70-b97b-c5a8eab5d126.png,com_margem\Apto_2023-05-23_12-04-05_2023-05-23_13-04-20\000_Chassi_3344_2c6504d2-b8cd-4a70-b97b-c5a8eab5d126.png,
Apto_2023-05-23_12-04-05_2023-05-23_13-04-20\dados_vistoria_Chassi-Motor-LABELED.json,Motor,OK,Apto_2023-05-23_12-04-05_2023-05-23_13-04-20\imgs\3344_e565fadc-3076-4b48-9ad2-86752c71cab7.jpg,H4MG736Q120425,0.1,0.08056303269991841,"[[73, 359], [629, 73], [897, 263], [417, 460]]","[[1.4210854715202004e-14, 374.48180684864985], [652.69542398765, 34.07435063567389], [956.7678778894655, 263.0137045702655], [406.53669812288456, 483.4301379454108]]",58d19ca12662fc5c07b5749f1fc5c6442077785ccdb2053ed8ad795d99ca8ea0,sem_margem\Apto_2023-05-23_12-04-05_2023-05-23_13-04-20\000_Motor_3344_e565fadc-3076-4b48-9ad2-86752c71cab7.png,com_margem\Apto_2023-05-23_12-04-05_2023-05-23_13-04-20\000_Motor_3344_e565fadc-3076-4b48-9ad2-86752c71cab7.png,
Apto_2023-05-23_12-53-32_2023-05-23_13-33-14\dados_vistoria_Chassi-Motor-LABELED.json,Chassi,OK,Apto_2023-05-23_12-53-32_2023-05-23_13-33-14\imgs\3356_9dc6690d-54e0-4138-9771-af34644ed96d.jpg,9BD17164LC5766129,0.1,0.1,"[[163, 159], [959, 101], [943, 458], [270, 543]]","[[71.47000000000001, 126.13000000000002], [1041.43, 59.769999999999996], [1007.47, 484.93], [214.63000000000002, 590.1700000000001]]",c10b7a398e535c1ae0e72aa65ce5846e50cdce20aff8fefbb957289839c7ce7b,sem_margem\Apto_2023-05-23_12-53-32_2023-05-23_13-33-14\000_Chassi_3356_9dc6690d-54e0-4138-9771-af34644ed96d.png,com_margem\Apto_2023-05-23_12-53-32_2023-05-23_13-33-14\000_Chassi_3356_9dc6690d-54e0-4138-9771-af34644ed96d.png,
Apto_2023-05-23_12-53-32_2023-05-23_13-33-14\dados_vistoria_Chassi-Motor-LABELED.json,Motor,OK,Apto_2023-05-23_12-53-32_2023-05-23_13-33-14\imgs\3356_c166feef-9009-43f1-904b-d3edd318126d.jpg,310A10110344431,0.1,0.1,"[[168, 120], [611, 215], [507, 456], [111, 348]]","[[128.93, 87.83000000000001], [666.1700000000001, 200.27], [535.73, 491.03000000000003], [66.17000000000002, 359.87]]",2b0355222377b05902d4406faac5d498d54e373cdc76315599f255be63d1b478,sem_margem\Apto_2023-05-23_12-53-32_2023-05-23_13-33-14\000_Motor_3356_c166feef-9009-43f1-904b-d3edd318126d.png,com_margem\Apto_2023-05-23_12-53-32_2023-05-23_13-33-14\000_Motor_3356_c166feef-9009-43f1-904b-d3edd318126d.png,
Apto_2023-05-24_04-12-07_2023-05-24_06-06-51\dados_vistoria_Chassi-Motor-LABELED.json,Chassi,OK,Apto_2023-05-24_04-12-07_2023-05-24_06-06-51\imgs\3370_8e7128ed-1d4f-4676-9fd2-73d5794b1e48.jpg,9BVAS02C28E742222,0.1,0.09822184589331064,"[[116, 134], [1297, 134], [1297, 458], [116, 458]]","[[1.5631940186722204e-13, 102.17612193056735], [1412.9999999999998, 102.17612193056736], [1412.9999999999998, 489.82387806943257], [1.7053025658242404e-13, 489.82387806943257]]",d83f5eeaf91557c08f89347a5b4f725825ac5eb5c5198eb12be065f3ae56aa33,sem_margem\Apto_2023-05-24_04-12-07_2023-05-24_06-06-51\000_Chassi_3370_8e7128ed-1d4f-4676-9fd2-73d5794b1e48.png,com_margem\Apto_2023-05-24_04-12-07_2023-05-24_06-06-51\000_Chassi_3370_8e7128ed-1d4f-4676-9fd2-73d5794b1e48.png,
Apto_2023-05-24_04-12-07_2023-05-24_06-06-51\dados_vistoria_Chassi-Motor-LABELED.json,Motor,OK,Apto_2023-05-24_04-12-07_2023-05-24_06-06-51\imgs\3370_aa10162a-4f6c-4222-8d12-7305b162a43a.jpg,D13812235A1E,0.1,0.05300513857273908,"[[67, 199], [1251, 167], [1327, 990], [67, 990]]","[[4.455441328225693, 158.85900525417475], [1309.5161681402462, 121.5907010894244], [1398.028390531528, 1033.713134476248], [0.0, 1031.8371591801529]]",6707695ad5bd1bef1b87dfb5cd5382cd34b66a13bf50f996987db5172be19fb2,sem_margem\Apto_2023-05-24_04-12-07_2023-05-24_06-06-51\000_Motor_3370_aa10162a-4f6c-4222-8d12-7305b162a43a.png,com_margem\Apto_2023-05-24_04-12-07_2023-05-24_06-06-51\000_Motor_3370_aa10162a-4f6c-4222-8d12-7305b162a43a.png,
Apto_2023-05-24_04-27-36_2023-05-24_10-51-07\dados_vistoria_Chassi-Motor-LABELED.json,Chassi,OK,Apto_2023-05-24_04-27-36_2023-05-24_10-51-07\imgs\3374_6a6acddb-2334-410c-9292-991c814dfb70.jpg,9APB08820KP000101,0.1,0.009677419354838703,"[[15, 18], [1565, 18], [1565, 754], [15, 754]]","[[1.2323475573339238e-14, 10.877419354838715], [1580.0000000000002, 10.877419354838713], [1580.0, 761.1225806451614], [1.2434497875801753e-14, 761.1225806451614]]",355ddc2ec227c0976e11b7bfc7037b18914a54879690e294e90fe2cc5993c81c,sem_margem\Apto_2023-05-24_04-27-36_2023-05-24_10-51-07\000_Chassi_3374_6a6acddb-2334-410c-9292-991c814dfb70.png,com_margem\Apto_2023-05-24_04-27-36_2023-05-24_10-51-07\000_Chassi_3374_6a6acddb-2334-410c-9292-991c814dfb70.png,
Apto_2023-05-24_04-27-36_2023-05-24_10-51-07\dados_vistoria_Chassi-Motor-LABELED.json,Motor,AUSENCIA_DECLARADA,,00,0.1,,,,,,,
Apto_2023-05-24_05-05-41_2023-05-24_06-10-42\dados_vistoria_Chassi-Motor-LABELED.json,Chassi,OK,Apto_2023-05-24_05-05-41_2023-05-24_06-10-42\imgs\3384_d44105c8-31b8-4bdf-bf15-88229fc90d94.jpg,8AP372171D6035549,0.1,0.09346662272591802,"[[82, 82], [868, 120], [862, 418], [165, 430]]","[[1.7763568394002505e-14, 45.485083149606204], [942.8030700501043, 96.13547856945077], [925.8079314524322, 444.2946536214231], [108.38899849746359, 464.08478465952]]",b1b994fd8d49e3d591ae0ce8458dd666210c518c73d8949110cb7e9653a67cb2,sem_margem\Apto_2023-05-24_05-05-41_2023-05-24_06-10-42\000_Chassi_3384_d44105c8-31b8-4bdf-bf15-88229fc90d94.png,com_margem\Apto_2023-05-24_05-05-41_2023-05-24_06-10-42\000_Chassi_3384_d44105c8-31b8-4bdf-bf15-88229fc90d94.png,
Apto_2023-05-24_05-05-41_2023-05-24_06-10-42\dados_vistoria_Chassi-Motor-LABELED.json,Motor,OK,Apto_2023-05-24_05-05-41_2023-05-24_06-10-42\imgs\3384_e9077a8e-1c5a-40f6-9fb5-381f6fc8a94a.jpg,310A20110780123,0.1,0.1,"[[199, 29], [544, 97], [437, 322], [120, 226]]","[[172.12000000000006, 2.7799999999999976], [589.4800000000001, 81.02000000000002], [457.72, 354.38000000000005], [80.67999999999999, 235.82000000000005]]",b8e52be645cf0d408d9168d8fba90a11771e50d8a779350d4c13a4f540c7e372,sem_margem\Apto_2023-05-24_05-05-41_2023-05-24_06-10-42\000_Motor_3384_e9077a8e-1c5a-40f6-9fb5-381f6fc8a94a.png,com_margem\Apto_2023-05-24_05-05-41_2023-05-24_06-10-42\000_Motor_3384_e9077a8e-1c5a-40f6-9fb5-381f6fc8a94a.png,
Apto_2023-05-24_09-49-26_2023-05-24_10-21-25\dados_vistoria_Chassi-Motor-LABELED.json,Chassi,OK,Apto_2023-05-24_09-49-26_2023-05-24_10-21-25\imgs\3424_7a591224-6661-4563-831e-61c066d1c84d.jpg,9C2HA070WWR016950,0.1,0.0038208158195847555,"[[12, 122], [1070, 16], [1086, 211], [55, 333]]","[[7.792887619531948, 121.59858076080715], [1073.9816842471125, 14.850168016441428], [1090.0, 211.27868597669323], [51.22542813335549, 334.27256524605815]]",a828c8d75fea1d6c83ee00b3456cc5f815d2b38aad2d6d56d300d9032fe071f6,sem_margem\Apto_2023-05-24_09-49-26_2023-05-24_10-21-25\000_Chassi_3424_7a591224-6661-4563-831e-61c066d1c84d.png,com_margem\Apto_2023-05-24_09-49-26_2023-05-24_10-21-25\000_Chassi_3424_7a591224-6661-4563-831e-61c066d1c84d.png,
Apto_2023-05-24_09-49-26_2023-05-24_10-21-25\dados_vistoria_Chassi-Motor-LABELED.json,Motor,OK,Apto_2023-05-24_09-49-26_2023-05-24_10-21-25\imgs\3424_d282e8b8-73c6-48b6-8928-a4707db0ad35.jpg,HA07E-W016950,0.1,0.09723486250279978,"[[97, 42], [715, 103], [704, 384], [69, 332]]","[[39.79215963760906, 7.785471695143819], [775.9999999999999, 81.69342181575746], [764.8352827160079, 416.29411764705884], [4.372557646382788, 355.2269888420397]]",570aef2cb7a24332589079c311c41144fd8ca6058e42886935aa958b75367530,sem_margem\Apto_2023-05-24_09-49-26_2023-05-24_10-21-25\000_Motor_3424_d282e8b8-73c6-48b6-8928-a4707db0ad35.png,com_margem\Apto_2023-05-24_09-49-26_2023-05-24_10-21-25\000_Motor_3424_d282e8b8-73c6-48b6-8928-a4707db0ad35.png,
Apto_2023-05-24_10-22-02_2023-05-24_11-09-53\dados_vistoria_Chassi-Motor-LABELED.json,Chassi,OK,Apto_2023-05-24_10-22-02_2023-05-24_11-09-53\imgs\3433_882c8fb0-9277-4d34-94c2-8dca434303fe.jpg,8AJZX62G9F5011329,0.1,0.049558723693143215,"[[73, 55], [1546, 55], [1546, 274], [73, 274]]","[[4.085620730620576e-14, 44.14663951120163], [1619.0, 44.14663951120164], [1619.0, 284.8533604887984], [4.263256414560601e-14, 284.85336048879833]]",95f646ea5a4c7b76806d684f3d303a1f865d3ed2c807163ef3ee7b4254bff8ea,sem_margem\Apto_2023-05-24_10-22-02_2023-05-24_11-09-53\000_Chassi_3433_882c8fb0-9277-4d34-94c2-8dca434303fe.png,com_margem\Apto_2023-05-24_10-22-02_2023-05-24_11-09-53\000_Chassi_3433_882c8fb0-9277-4d34-94c2-8dca434303fe.png,
Apto_2023-05-24_10-22-02_2023-05-24_11-09-53\dados_vistoria_Chassi-Motor-LABELED.json,Motor,OK,Apto_2023-05-24_10-22-02_2023-05-24_11-09-53\imgs\3433_f507bd86-19db-4766-ad23-df6def786a38.jpg,2TR8843344,0.1,0.09152961425789406,"[[92, 17], [287, 123], [257, 194], [50, 96]]","[[78.09650106197658, 7.105427357601002e-15], [307.49363116459176, 126.27055786131588], [273.3012737670816, 209.4014834472945], [27.108594006349996, 94.3279586913896]]",b23a7f8d4a64988c1c476648af00252e5987b2f3ac6700420e86dee2201b9085,sem_margem\Apto_2023-05-24_10-22-02_2023-05-24_11-09-53\000_Motor_3433_f507bd86-19db-4766-ad23-df6def786a38.png,com_margem\Apto_2023-05-24_10-22-02_2023-05-24_11-09-53\000_Motor_3433_f507bd86-19db-4766-ad23-df6def786a38.png,
Apto_2023-05-24_10-56-24_2023-05-24_12-39-51\dados_vistoria_Chassi-Motor-LABELED.json,Chassi,OK,Apto_2023-05-24_10-56-24_2023-05-24_12-39-51\imgs\3443_b36ad09c-3301-41ea-8342-2c783a697c47.jpg,9BG443NARRC032874,0.1,0.07988165680473386,"[[73, 70], [749, 70], [749, 257], [73, 257]]","[[18.999999999999893, 55.062130177514746], [802.9999999999999, 55.06213017751477], [803.0, 271.9378698224852], [18.9999999999999, 271.9378698224852]]",313f31a98b696e9c221647c07918385ced021ba3191730b0ff23512760b0d68e,sem_margem\Apto_2023-05-24_10-56-24_2023-05-24_12-39-51\000_Chassi_3443_b36ad09c-3301-41ea-8342-2c783a697c47.png,com_margem\Apto_2023-05-24_10-56-24_2023-05-24_12-39-51\000_Chassi_3443_b36ad09c-3301-41ea-8342-2c783a697c47.png,
Apto_2023-05-24_10-56-24_2023-05-24_12-39-51\dados_vistoria_Chassi-Motor-LABELED.json,Motor,OK,Apto_2023-05-24_10-56-24_2023-05-24_12-39-51\imgs\3443_fb604299-5106-4d4d-a515-e06f0162683e.jpg,SB8885B504171Z,0.1,0.02377972465581983,"[[22, 124], [821, 124], [821, 272], [22, 272]]","[[2.9999999999999583, 120.48060075093866], [840.0, 120.48060075093866], [840.0, 275.51939924906134], [2.9999999999999574, 275.51939924906134]]",0b31bd990a970fa5db905ddae5dcdd36dd47ae60e042207521dd0cc744d0bd27,sem_margem\Apto_2023-05-24_10-56-24_2023-05-24_12-39-51\000_Motor_3443_fb604299-5106-4d4d-a515-e06f0162683e.png,com_margem\Apto_2023-05-24_10-56-24_2023-05-24_12-39-51\000_Motor_3443_fb604299-5106-4d4d-a515-e06f0162683e.png,
Apto_2023-05-24_11-45-06_2023-05-24_12-07-49\dados_vistoria_Chassi-Motor-LABELED.json,Chassi,OK,Apto_2023-05-24_11-45-06_2023-05-24_12-07-49\imgs\3457_061a315b-4fcc-44b4-9ee7-ad594670c6f2.jpg,9BWAB01J6A4012515,0.1,0.09948032665181875,"[[155, 277], [1502, 277], [1502, 561], [155, 561]]","[[21.000000000000156, 248.74758723088348], [1636.0, 248.74758723088348], [1636.0, 589.2524127691165], [21.00000000000017, 589.2524127691165]]",631000228e26d8c2373d858c74be63e70795fd4108696dd606b1a925775ecb5a,sem_margem\Apto_2023-05-24_11-45-06_2023-05-24_12-07-49\000_Chassi_3457_061a315b-4fcc-44b4-9ee7-ad594670c6f2.png,com_margem\Apto_2023-05-24_11-45-06_2023-05-24_12-07-49\000_Chassi_3457_061a315b-4fcc-44b4-9ee7-ad594670c6f2.png,
Apto_2023-05-24_11-45-06_2023-05-24_12-07-49\dados_vistoria_Chassi-Motor-LABELED.json,Motor,OK,Apto_2023-05-24_11-45-06_2023-05-24_12-07-49\imgs\3457_435eef56-64cd-412f-84e4-b063e8fb5827.jpg,CCR815345,0.1,0.1,"[[61, 243], [362, 68], [349, 160], [73, 352]]","[[29.45000000000001, 249.43000000000004], [393.65000000000015, 41.469999999999985], [375.05, 149.82999999999998], [46.85, 382.27000000000004]]",56d3c4f1d8d6ee9ab7c3d54fb073d3a50323921e65663e04dca9547d0fdd3d90,sem_margem\Apto_2023-05-24_11-45-06_2023-05-24_12-07-49\000_Motor_3457_435eef56-64cd-412f-84e4-b063e8fb5827.png,com_margem\Apto_2023-05-24_11-45-06_2023-05-24_12-07-49\000_Motor_3457_435eef56-64cd-412f-84e4-b063e8fb5827.png,
Apto_2023-05-24_12-13-37_2023-05-24_12-52-00\dados_vistoria_Chassi-Motor-LABELED.json,Chassi,OK,Apto_2023-05-24_12-13-37_2023-05-24_12-52-00\imgs\3462_4db75670-5c00-4a99-8fbf-ef7baac9f5d0.jpg,9BW5B82U16R623975,0.1,0.04836034320954629,"[[71, 22], [1536, 31], [1536, 276], [74, 267]]","[[1.1102230246251565e-14, 9.716472824775243], [1606.8549189703713, 19.586959002547072], [1606.6958056039705, 288.2835271752247], [3.4492754256580014, 278.4130409974529]]",48df992716d2c9437546a28bd476cc7d40f691ea1dfeaebdd4c14bca87766dba,sem_margem\Apto_2023-05-24_12-13-37_2023-05-24_12-52-00\000_Chassi_3462_4db75670-5c00-4a99-8fbf-ef7baac9f5d0.png,com_margem\Apto_2023-05-24_12-13-37_2023-05-24_12-52-00\000_Chassi_3462_4db75670-5c00-4a99-8fbf-ef7baac9f5d0.png,
Apto_2023-05-24_12-13-37_2023-05-24_12-52-00\dados_vistoria_Chassi-Motor-LABELED.json,Motor,OK,Apto_2023-05-24_12-13-37_2023-05-24_12-52-00\imgs\3462_3bc317f5-9407-4db8-ba67-b73b517b2091.jpg,F1A007423,0.1,0.1,"[[73, 133], [668, 133], [668, 281], [73, 281]]","[[13.500000000000007, 118.20000000000005], [727.5000000000001, 118.20000000000002], [727.5, 295.8], [13.5, 295.8]]",395030036a50320bb3309f75dfbb27c6701d384ea8496f8f8828ce401aa58275,sem_margem\Apto_2023-05-24_12-13-37_2023-05-24_12-52-00\000_Motor_3462_3bc317f5-9407-4db8-ba67-b73b517b2091.png,com_margem\Apto_2023-05-24_12-13-37_2023-05-24_12-52-00\000_Motor_3462_3bc317f5-9407-4db8-ba67-b73b517b2091.png,
Apto_2023-05-24_12-51-41_2023-05-24_14-05-33\dados_vistoria_Chassi-Motor-LABELED.json,Chassi,OK,Apto_2023-05-24_12-51-41_2023-05-24_14-05-33\imgs\3474_b9263950-c8e1-4966-88d3-4400907b5804.jpg,94BG147244R001441,0.1,0.02358490566037732,"[[30, 117], [1302, 117], [1302, 461], [30, 461]]","[[5.551115123125783e-14, 108.88679245283022], [1332.0000000000002, 108.8867924528302], [1332.0, 469.11320754716985], [5.684341886080802e-14, 469.1132075471699]]",ed792036bf45c4149d67518dc0fef4c6266478828d8358f1677dc617914aa250,sem_margem\Apto_2023-05-24_12-51-41_2023-05-24_14-05-33\000_Chassi_3474_b9263950-c8e1-4966-88d3-4400907b5804.png,com_margem\Apto_2023-05-24_12-51-41_2023-05-24_14-05-33\000_Chassi_3474_b9263950-c8e1-4966-88d3-4400907b5804.png,
Apto_2023-05-24_12-51-41_2023-05-24_14-05-33\dados_vistoria_Chassi-Motor-LABELED.json,Motor,AUSENCIA_DECLARADA,,NAO,0.1,,,,,,,
Apto_2023-05-25_03-55-41_2023-05-25_09-49-50\dados_vistoria_Chassi-Motor-LABELED.json,Chassi,OK,Apto_2023-05-25_03-55-41_2023-05-25_09-49-50\imgs\3487_ba8dabd4-db61-4bf4-b3f3-369c7a89ecef.jpg,9BVN0A1A0EE604920,0.1,0.06692474750543384,"[[91, 111], [1433, 71], [1439, 251], [108, 305]]","[[8.615330671091215e-14, 100.63088397856185], [1522.4607308073748, 56.339260454405874], [1528.4291192746496, 259.3698132800833], [20.110149917975264, 321.66004228694885]]",00f0ad0b92f92df519f51df695bf577d83cffbd622a36c281feed9074615aa5f,sem_margem\Apto_2023-05-25_03-55-41_2023-05-25_09-49-50\000_Chassi_3487_ba8dabd4-db61-4bf4-b3f3-369c7a89ecef.png,com_margem\Apto_2023-05-25_03-55-41_2023-05-25_09-49-50\000_Chassi_3487_ba8dabd4-db61-4bf4-b3f3-369c7a89ecef.png,
Apto_2023-05-25_03-55-41_2023-05-25_09-49-50\dados_vistoria_Chassi-Motor-LABELED.json,Motor,OK,Apto_2023-05-25_03-55-41_2023-05-25_09-49-50\imgs\3487_f4269dbe-c0a0-44ba-b7d7-a4f7b9214f64.jpg,TD101G113501591,0.1,0.07120018212723017,"[[159, 53], [1405, 156], [1402, 295], [170, 156]]","[[69.43039854298236, 38.515263255448815], [1493.9999999999995, 153.2542926697615], [1489.4340513112766, 314.97615140502825], [83.1355501457413, 153.2542926697615]]",3f3f89952070d81df3197ab13057bed968c3657e3de4e0ee9bf6c94003628281,sem_margem\Apto_2023-05-25_03-55-41_2023-05-25_09-49-50\000_Motor_3487_f4269dbe-c0a0-44ba-b7d7-a4f7b9214f64.png,com_margem\Apto_2023-05-25_03-55-41_2023-05-25_09-49-50\000_Motor_3487_f4269dbe-c0a0-44ba-b7d7-a4f7b9214f64.png,
Apto_2023-05-25_05-24-17_2023-05-25_09-44-35\dados_vistoria_Chassi-Motor-LABELED.json,Chassi,OK,Apto_2023-05-25_05-24-17_2023-05-25_09-44-35\imgs\3515_4613ef51-3a6c-4247-b255-419b9ade050c.jpg,94BL0262LLR005219,0.1,0.001956947162426381,"[[23, 43], [1045, 43], [1045, 392], [23, 392]]","[[21.000000000000238, 42.31702544031319], [1046.9999999999998, 42.317025440313195], [1046.9999999999998, 392.6829745596868], [21.000000000000238, 392.6829745596867]]",f998abbe7c11b9203791cb1f250d0d8adff42c7fc261f8716bcf583ab497aa88,sem_margem\Apto_2023-05-25_05-24-17_2023-05-25_09-44-35\000_Chassi_3515_4613ef51-3a6c-4247-b255-419b9ade050c.png,com_margem\Apto_2023-05-25_05-24-17_2023-05-25_09-44-35\000_Chassi_3515_4613ef51-3a6c-4247-b255-419b9ade050c.png,
Apto_2023-05-25_05-24-17_2023-05-25_09-44-35\dados_vistoria_Chassi-Motor-LABELED.json,Motor,SEM_BBOX,Apto_2023-05-25_05-24-17_2023-05-25_09-44-35\imgs\3515_02e8c579-fe40-41a0-a092-a831f8d18c75.jpg,01234,0.1,,,,,,,Revisar anotacao antes de recortar
Apto_2023-05-25_06-32-32_2023-05-25_09-33-27\dados_vistoria_Chassi-Motor-LABELED.json,Chassi,OK,Apto_2023-05-25_06-32-32_2023-05-25_09-33-27\imgs\3528_0f4a83c8-4dfe-43b5-9dd2-d0773c0195cf.jpg,9BFFF25LXYD027188,0.1,0.1,"[[163, 239], [1254, 239], [1254, 479], [163, 479]]","[[53.89999999999999, 215.00000000000006], [1363.1000000000001, 215.00000000000003], [1363.1, 503.0000000000001], [53.89999999999998, 503.0000000000001]]",67d17ce436bbf3691b2822e3d92bacef445cb7950d431519217d3ac0ee160338,sem_margem\Apto_2023-05-25_06-32-32_2023-05-25_09-33-27\000_Chassi_3528_0f4a83c8-4dfe-43b5-9dd2-d0773c0195cf.png,com_margem\Apto_2023-05-25_06-32-32_2023-05-25_09-33-27\000_Chassi_3528_0f4a83c8-4dfe-43b5-9dd2-d0773c0195cf.png,
Apto_2023-05-25_06-32-32_2023-05-25_09-33-27\dados_vistoria_Chassi-Motor-LABELED.json,Motor,OK,Apto_2023-05-25_06-32-32_2023-05-25_09-33-27\imgs\3528_f941fa55-21c6-4967-a53f-2498a55fc597.jpg,00000362145,0.1,0.1,"[[143, 162], [1240, 170], [1240, 534], [143, 494]]","[[33.300000000000026, 128.32000000000005], [1349.7000000000003, 134.08], [1349.7000000000003, 574.72], [33.30000000000001, 522.8800000000001]]",5f43d3368f24da831cdcc3b29aeeebff1179366194bbc3537aa513cf8a298274,sem_margem\Apto_2023-05-25_06-32-32_2023-05-25_09-33-27\000_Motor_3528_f941fa55-21c6-4967-a53f-2498a55fc597.png,com_margem\Apto_2023-05-25_06-32-32_2023-05-25_09-33-27\000_Motor_3528_f941fa55-21c6-4967-a53f-2498a55fc597.png,
Apto_2023-05-25_07-32-41_2023-05-25_10-22-07\dados_vistoria_Chassi-Motor-LABELED.json,Chassi,OK,Apto_2023-05-25_07-32-41_2023-05-25_10-22-07\imgs\3538_8e4cd15f-b954-4852-9ff9-34958deecedc.jpg,34504512664274,0.1,0.019785655399835282,"[[55, 36], [1268, 36], [1268, 351], [55, 351]]","[[30.999999999999797, 29.767518549051882], [1292.0, 29.767518549051882], [1292.0, 357.2324814509481], [30.999999999999797, 357.2324814509481]]",e8d726d86cd1385c02af449d4a3c95abba85876910005dfd78d5270bce982a95,sem_margem\Apto_2023-05-25_07-32-41_2023-05-25_10-22-07\000_Chassi_3538_8e4cd15f-b954-4852-9ff9-34958deecedc.png,com_margem\Apto_2023-05-25_07-32-41_2023-05-25_10-22-07\000_Chassi_3538_8e4cd15f-b954-4852-9ff9-34958deecedc.png,
Apto_2023-05-25_07-32-41_2023-05-25_10-22-07\dados_vistoria_Chassi-Motor-LABELED.json,Motor,OK,Apto_2023-05-25_07-32-41_2023-05-25_10-22-07\imgs\3538_23c01041-e37e-4066-ae7c-327dc56106de.jpg,34591510071938,0.1,0.1,"[[231, 186], [873, 290], [880, 475], [198, 363]]","[[170.50000000000003, 157.98000000000002], [936.1000000000001, 281.82], [949.3000000000001, 504.78], [126.10000000000001, 369.4200000000001]]",03ffae1d793eb9d4d433a6c9c3db561f63490036f5ca7fa72055398d9419a278,sem_margem\Apto_2023-05-25_07-32-41_2023-05-25_10-22-07\000_Motor_3538_23c01041-e37e-4066-ae7c-327dc56106de.png,com_margem\Apto_2023-05-25_07-32-41_2023-05-25_10-22-07\000_Motor_3538_23c01041-e37e-4066-ae7c-327dc56106de.png,
Apto_2023-05-25_10-02-32_2023-05-26_03-17-42\dados_vistoria_Chassi-Motor-LABELED.json,Chassi,OK,Apto_2023-05-25_10-02-32_2023-05-26_03-17-42\imgs\3561_9fdd1a49-e16b-421c-9c67-f941da7e85f1.jpg,93ZE2HMH0D8923537,0.1,0.07289719626168215,"[[78, 126], [1148, 126], [1148, 315], [78, 315]]","[[1.056932319443149e-13, 112.22242990654206], [1226.0, 112.22242990654206], [1225.9999999999998, 328.77757009345794], [9.947598300641403e-14, 328.77757009345794]]",1a8bffe29c6e29dc960893d3c0b7b9c15aba7510c83503a021258b855ae438d3,sem_margem\Apto_2023-05-25_10-02-32_2023-05-26_03-17-42\000_Chassi_3561_9fdd1a49-e16b-421c-9c67-f941da7e85f1.png,com_margem\Apto_2023-05-25_10-02-32_2023-05-26_03-17-42\000_Chassi_3561_9fdd1a49-e16b-421c-9c67-f941da7e85f1.png,
Apto_2023-05-25_10-02-32_2023-05-26_03-17-42\dados_vistoria_Chassi-Motor-LABELED.json,Motor,OK,Apto_2023-05-25_10-02-32_2023-05-26_03-17-42\imgs\3561_95883cbc-92ab-4138-99ee-a3294249a6f6.jpg,F4AEE681F6061844,0.1,0.0067189249720048146,"[[181, 209], [1074, 209], [1074, 366], [181, 366]]","[[174.99999999999966, 207.94512877939522], [1080.0, 207.94512877939522], [1080.0, 367.0548712206047], [174.9999999999997, 367.0548712206047]]",1c56a41ace8d58e1a931ec879ba24d7c25bdbd0619005dcfe6dfd7e08e5ac2a3,sem_margem\Apto_2023-05-25_10-02-32_2023-05-26_03-17-42\000_Motor_3561_95883cbc-92ab-4138-99ee-a3294249a6f6.png,com_margem\Apto_2023-05-25_10-02-32_2023-05-26_03-17-42\000_Motor_3561_95883cbc-92ab-4138-99ee-a3294249a6f6.png,
Apto_2023-05-25_10-36-52_2023-05-25_12-06-25\dados_vistoria_Chassi-Motor-LABELED.json,Chassi,OK,Apto_2023-05-25_10-36-52_2023-05-25_12-06-25\imgs\3570_d2def2a4-0c24-442e-9893-e85cd1143363.jpg,9BHBG51DAEP152971,0.1,0.1,"[[147, 271], [1534, 271], [1534, 452], [147, 452]]","[[8.300000000000026, 252.9], [1672.7000000000003, 252.90000000000003], [1672.7, 470.1], [8.300000000000011, 470.1]]",2e2854de9f906d57e946f896223b1125b3867cb3cbda6d7917685a87aa7763ae,sem_margem\Apto_2023-05-25_10-36-52_2023-05-25_12-06-25\000_Chassi_3570_d2def2a4-0c24-442e-9893-e85cd1143363.png,com_margem\Apto_2023-05-25_10-36-52_2023-05-25_12-06-25\000_Chassi_3570_d2def2a4-0c24-442e-9893-e85cd1143363.png,
Apto_2023-05-25_10-36-52_2023-05-25_12-06-25\dados_vistoria_Chassi-Motor-LABELED.json,Motor,OK,Apto_2023-05-25_10-36-52_2023-05-25_12-06-25\imgs\3570_63a7de4f-40d2-466f-a681-22bf954c88dc.jpg,F4FADU099479,0.1,0.008761890600910859,"[[188, 617], [1072, 880], [1042, 1384], [49, 1001]]","[[181.4807595115537, 611.3402692684388], [1080.0, 877.8791718779522], [1050.4460686579093, 1391.781009450236], [39.07317183053655, 1000.9995494033725]]",dbfb3dcb2e81607e98d232f843f7cda3dbfb4e73ff632f254b022bae6bd8268f,sem_margem\Apto_2023-05-25_10-36-52_2023-05-25_12-06-25\000_Motor_3570_63a7de4f-40d2-466f-a681-22bf954c88dc.png,com_margem\Apto_2023-05-25_10-36-52_2023-05-25_12-06-25\000_Motor_3570_63a7de4f-40d2-466f-a681-22bf954c88dc.png,
Apto_2023-05-26_04-44-18_2023-05-26_05-49-49\dados_vistoria_Chassi-Motor-LABELED.json,Chassi,OK,Apto_2023-05-26_04-44-18_2023-05-26_05-49-49\imgs\3619_48dda703-6645-4d81-92f9-8e7f5737f5bd.jpg,9ADB0902CDM362472,0.1,0.1,"[[711, 402], [711, 1651], [346, 1651], [346, 402]]","[[747.5000000000002, 277.1], [747.5000000000002, 1775.9], [309.49999999999994, 1775.9], [309.5, 277.1]]",25e512a7033354c3b2a9e260af638cbc9c70c1216902ae38b5389ed759d4353f,sem_margem\Apto_2023-05-26_04-44-18_2023-05-26_05-49-49\000_Chassi_3619_48dda703-6645-4d81-92f9-8e7f5737f5bd.png,com_margem\Apto_2023-05-26_04-44-18_2023-05-26_05-49-49\000_Chassi_3619_48dda703-6645-4d81-92f9-8e7f5737f5bd.png,
Apto_2023-05-26_04-44-18_2023-05-26_05-49-49\dados_vistoria_Chassi-Motor-LABELED.json,Motor,AUSENCIA_DECLARADA,,NAO,0.1,,,,,,,
Apto_2023-05-26_12-20-37_2023-05-29_06-13-19\dados_vistoria_Chassi-Motor-LABELED.json,Chassi,OK,Apto_2023-05-26_12-20-37_2023-05-29_06-13-19\imgs\3726_86d58ba2-7221-4fd3-a923-1bfd44fbf0fa.jpg,9ADB0902CDM362472,0.1,0.1,"[[321, 387], [1273, 387], [1273, 745], [321, 745]]","[[225.80000000000007, 351.20000000000005], [1368.2000000000003, 351.2], [1368.2, 780.8000000000001], [225.8, 780.8000000000001]]",bc46157ddce49342eb33042385f8fed7b13d37b255ee16b1c919cfa4cf95cdb8,sem_margem\Apto_2023-05-26_12-20-37_2023-05-29_06-13-19\000_Chassi_3726_86d58ba2-7221-4fd3-a923-1bfd44fbf0fa.png,com_margem\Apto_2023-05-26_12-20-37_2023-05-29_06-13-19\000_Chassi_3726_86d58ba2-7221-4fd3-a923-1bfd44fbf0fa.png,
Apto_2023-05-26_12-20-37_2023-05-29_06-13-19\dados_vistoria_Chassi-Motor-LABELED.json,Motor,AUSENCIA_DECLARADA,,NAO,0.1,,,,,,,
Apto_2023-05-26_12-44-51_2023-05-26_13-49-40\dados_vistoria_Chassi-Motor-LABELED.json,Chassi,OK,Apto_2023-05-26_12-44-51_2023-05-26_13-49-40\imgs\3731_6f5ff13a-d461-4c82-a8be-02f5cf1a6f0c.jpg,30830212009136,0.1,0.07007299270072999,"[[69, 128], [754, 128], [754, 297], [69, 297]]","[[20.999999999999957, 116.15766423357661], [802.0, 116.15766423357663], [802.0, 308.84233576642333], [20.999999999999957, 308.8423357664234]]",a130aaba394fef3839a8a92ef9f528caf9e09be0bde956f0152cc2e8b3ec954d,sem_margem\Apto_2023-05-26_12-44-51_2023-05-26_13-49-40\000_Chassi_3731_6f5ff13a-d461-4c82-a8be-02f5cf1a6f0c.png,com_margem\Apto_2023-05-26_12-44-51_2023-05-26_13-49-40\000_Chassi_3731_6f5ff13a-d461-4c82-a8be-02f5cf1a6f0c.png,
Apto_2023-05-26_12-44-51_2023-05-26_13-49-40\dados_vistoria_Chassi-Motor-LABELED.json,Motor,OK,Apto_2023-05-26_12-44-51_2023-05-26_13-49-40\imgs\3731_5a604f9b-f355-4c97-91e7-6601f9bbbdba.jpg,34393210009333,0.1,0.1,"[[419, 216], [1375, 216], [1375, 555], [419, 555]]","[[323.4, 182.10000000000002], [1470.6000000000001, 182.1], [1470.6, 588.9], [323.4, 588.9000000000001]]",cbb96bbd8e619ae961709fd0677ec6ab28e27ac1d9cab176afe33e94dcb25b5c,sem_margem\Apto_2023-05-26_12-44-51_2023-05-26_13-49-40\000_Motor_3731_5a604f9b-f355-4c97-91e7-6601f9bbbdba.png,com_margem\Apto_2023-05-26_12-44-51_2023-05-26_13-49-40\000_Motor_3731_5a604f9b-f355-4c97-91e7-6601f9bbbdba.png,
Apto_2023-05-26_13-04-03_2023-05-26_13-42-01\dados_vistoria_Chassi-Motor-LABELED.json,Chassi,OK,Apto_2023-05-26_13-04-03_2023-05-26_13-42-01\imgs\3737_73520181-4d8a-4642-bbf1-7870005aa36e.jpg,98861110XJK163295,0.1,0.1,"[[199, 89], [806, 89], [806, 341], [199, 341]]","[[138.30000000000004, 63.8], [866.7000000000002, 63.800000000000004], [866.7, 366.2], [138.3, 366.20000000000005]]",bca5dc9e81c0f063bf8c7d3a0ab5b3c2d92c42e114438e2fbb98d7587a3c484a,sem_margem\Apto_2023-05-26_13-04-03_2023-05-26_13-42-01\000_Chassi_3737_73520181-4d8a-4642-bbf1-7870005aa36e.png,com_margem\Apto_2023-05-26_13-04-03_2023-05-26_13-42-01\000_Chassi_3737_73520181-4d8a-4642-bbf1-7870005aa36e.png,
Apto_2023-05-26_13-04-03_2023-05-26_13-42-01\dados_vistoria_Chassi-Motor-LABELED.json,Motor,OK,Apto_2023-05-26_13-04-03_2023-05-26_13-42-01\imgs\3737_cd47c7f0-cf40-4389-8f74-3784b04f6566.jpg,552771353257909,0.1,0.06419861900647711,"[[22, 52], [356, 67], [287, 261], [26, 261]]","[[6.661338147750939e-15, 37.557687402314045], [382.172910235421, 55.570269138075666], [299.02526807343287, 273.39271014702143], [9.801821691146117, 274.4793333125888]]",01af7ab757ac3edbd40e89123ed85fca9d304dbfb4f97e7ea553ade76aa571ac,sem_margem\Apto_2023-05-26_13-04-03_2023-05-26_13-42-01\000_Motor_3737_cd47c7f0-cf40-4389-8f74-3784b04f6566.png,com_margem\Apto_2023-05-26_13-04-03_2023-05-26_13-42-01\000_Motor_3737_cd47c7f0-cf40-4389-8f74-3784b04f6566.png,
Apto_2023-05-29_03-46-52_2023-05-29_05-17-11\dados_vistoria_Chassi-Motor-LABELED.json,Chassi,OK,Apto_2023-05-29_03-46-52_2023-05-29_05-17-11\imgs\3769_b044a697-1c88-462c-9dc7-27f8a32733f9.jpg,9BD17141322113028,0.1,0.045027337600334595,"[[51, 57], [1067, 106], [983, 683], [159, 659]]","[[0.0, 27.6365166938978], [1116.9193438975917, 82.27625227530767], [1015.9309572870235, 710.0107433695166], [127.14969881538428, 685.0764876612776]]",706876466c2d65b1ac9909a7057e92d1514d6ccb57de742c57832cbbf530f962,sem_margem\Apto_2023-05-29_03-46-52_2023-05-29_05-17-11\000_Chassi_3769_b044a697-1c88-462c-9dc7-27f8a32733f9.png,com_margem\Apto_2023-05-29_03-46-52_2023-05-29_05-17-11\000_Chassi_3769_b044a697-1c88-462c-9dc7-27f8a32733f9.png,
Apto_2023-05-29_03-46-52_2023-05-29_05-17-11\dados_vistoria_Chassi-Motor-LABELED.json,Motor,OK,Apto_2023-05-29_03-46-52_2023-05-29_05-17-11\imgs\3769_fae4431e-230a-438d-9074-0bdf82a789ab.jpg,5182961,0.1,0.1,"[[62, 128], [432, 114], [426, 295], [90, 309]]","[[21.860000000000007, 111.30000000000001], [469.93999999999994, 94.50000000000001], [458.65999999999997, 311.70000000000005], [59.54000000000001, 328.5]]",6fba0926dc86e9c42ef49f75d097d420f5c0229699e11c0828ae3cd4c2f481d0,sem_margem\Apto_2023-05-29_03-46-52_2023-05-29_05-17-11\000_Motor_3769_fae4431e-230a-438d-9074-0bdf82a789ab.png,com_margem\Apto_2023-05-29_03-46-52_2023-05-29_05-17-11\000_Motor_3769_fae4431e-230a-438d-9074-0bdf82a789ab.png,
Apto_2023-05-29_06-24-57_2023-05-29_06-51-59\dados_vistoria_Chassi-Motor-LABELED.json,Chassi,OK,Apto_2023-05-29_06-24-57_2023-05-29_06-51-59\imgs\3802_6b8cb7af-5e26-44cc-bbcb-fdb78caaeb7f.jpg,9BD37417DH5095479,0.1,0.1,"[[314, 277], [1012, 277], [1012, 626], [357, 641]]","[[239.47, 240.45000000000005], [1082.2300000000002, 242.25000000000003], [1077.0700000000002, 659.25], [296.23, 679.0500000000001]]",83da0e70a74af0e5ceef27754068ee1d3a7373d71783f85c438c1f17716899dd,sem_margem\Apto_2023-05-29_06-24-57_2023-05-29_06-51-59\000_Chassi_3802_6b8cb7af-5e26-44cc-bbcb-fdb78caaeb7f.png,com_margem\Apto_2023-05-29_06-24-57_2023-05-29_06-51-59\000_Chassi_3802_6b8cb7af-5e26-44cc-bbcb-fdb78caaeb7f.png,
Apto_2023-05-29_06-24-57_2023-05-29_06-51-59\dados_vistoria_Chassi-Motor-LABELED.json,Motor,OK,Apto_2023-05-29_06-24-57_2023-05-29_06-51-59\imgs\3802_1006b491-4d5f-46ab-98a6-a522bd98f049.jpg,370A00113077557,0.1,0.010942174546918879,"[[4, 30], [329, 29], [318, 169], [44, 183]]","[[3.214095656289828e-14, 28.335232963478735], [332.6826769381394, 27.45870989427404], [320.87168561546514, 170.3771574875222], [41.445637446395565, 184.82889965472506]]",64f96182f4ce53454204e213f933cea48b017e2006c8aa935148da7c0c940c09,sem_margem\Apto_2023-05-29_06-24-57_2023-05-29_06-51-59\000_Motor_3802_1006b491-4d5f-46ab-98a6-a522bd98f049.png,com_margem\Apto_2023-05-29_06-24-57_2023-05-29_06-51-59\000_Motor_3802_1006b491-4d5f-46ab-98a6-a522bd98f049.png,
Apto_2023-05-29_09-49-15_2023-05-29_10-24-49\dados_vistoria_Chassi-Motor-LABELED.json,Chassi,OK,Apto_2023-05-29_09-49-15_2023-05-29_10-24-49\imgs\3845_0ed7fffd-6406-4077-80ec-850a8e00ce25.jpg,8AJBA3CD2H1590549,0.1,0.018642803877703437,"[[146, 127], [1487, 127], [1487, 310], [146, 310]]","[[120.99999999999966, 123.58836689038024], [1511.9999999999998, 123.58836689038026], [1512.0, 313.4116331096197], [120.99999999999967, 313.41163310961963]]",adde269061859b007eca7f60a7474b2fdd6d34e7339b7933135b8af5b5bb50e2,sem_margem\Apto_2023-05-29_09-49-15_2023-05-29_10-24-49\000_Chassi_3845_0ed7fffd-6406-4077-80ec-850a8e00ce25.png,com_margem\Apto_2023-05-29_09-49-15_2023-05-29_10-24-49\000_Chassi_3845_0ed7fffd-6406-4077-80ec-850a8e00ce25.png,
Apto_2023-05-29_09-49-15_2023-05-29_10-24-49\dados_vistoria_Chassi-Motor-LABELED.json,Motor,OK,Apto_2023-05-29_09-49-15_2023-05-29_10-24-49\imgs\3845_bf95731a-fdc8-430b-bf89-4f9d291f98f4.jpg,1GDG015495,0.1,0.037474431058574446,"[[223, 9], [397, 189], [251, 300], [79, 71]]","[[221.87295840227642, 1.1102230246251565e-14], [408.9946266047101, 191.51692342686658], [251.97152654155664, 312.8101188760903], [67.16088845145681, 64.67295769704303]]",b19b6be5b43528004fbf468b80d9796ad1235b155d8cdb5e473b060066b6d7c0,sem_margem\Apto_2023-05-29_09-49-15_2023-05-29_10-24-49\000_Motor_3845_bf95731a-fdc8-430b-bf89-4f9d291f98f4.png,com_margem\Apto_2023-05-29_09-49-15_2023-05-29_10-24-49\000_Motor_3845_bf95731a-fdc8-430b-bf89-4f9d291f98f4.png,
Apto_2023-05-29_09-53-36_2023-05-29_11-51-35\dados_vistoria_Chassi-Motor-LABELED.json,Chassi,OK,Apto_2023-05-29_09-53-36_2023-05-29_11-51-35\imgs\3846_c4eeab1a-533f-4eb4-9f75-2f6639e88aaa.jpg,9BFZZZ4ZSB721130,0.1,0.016333938294010687,"[[150, 27], [1803, 27], [1803, 249], [150, 276]]","[[123.00000000000033, 22.92564583120614], [1829.9999999999998, 23.38106923231483], [1829.9999999999998, 252.1779144337469], [123.00000000000034, 280.51537050273214]]",14ed84f6b75fc70279e5e5a89808da26c80a82aca3f098d0a933ffe68684ed8a,sem_margem\Apto_2023-05-29_09-53-36_2023-05-29_11-51-35\000_Chassi_3846_c4eeab1a-533f-4eb4-9f75-2f6639e88aaa.png,com_margem\Apto_2023-05-29_09-53-36_2023-05-29_11-51-35\000_Chassi_3846_c4eeab1a-533f-4eb4-9f75-2f6639e88aaa.png,
Apto_2023-05-29_09-53-36_2023-05-29_11-51-35\dados_vistoria_Chassi-Motor-LABELED.json,Motor,OK,Apto_2023-05-29_09-53-36_2023-05-29_11-51-35\imgs\3846_19cadca0-c44a-4a3f-b984-6617a756d69e.jpg,USG065328,0.1,0.09255079006772007,"[[104, 58], [547, 58], [547, 181], [104, 181]]","[[63.000000000000014, 46.616252821670436], [588.0, 46.616252821670436], [588.0, 192.3837471783296], [63.000000000000014, 192.3837471783296]]",8f28c84acf5246eac05737ec607b267b91b9b3d66e52218b404e8fcd02999fa5,sem_margem\Apto_2023-05-29_09-53-36_2023-05-29_11-51-35\000_Motor_3846_19cadca0-c44a-4a3f-b984-6617a756d69e.png,com_margem\Apto_2023-05-29_09-53-36_2023-05-29_11-51-35\000_Motor_3846_19cadca0-c44a-4a3f-b984-6617a756d69e.png,
Apto_2023-05-29_11-34-00_2023-05-29_12-09-17\dados_vistoria_Chassi-Motor-LABELED.json,Chassi,OK,Apto_2023-05-29_11-34-00_2023-05-29_12-09-17\imgs\3872_a420c8ec-c7a2-4090-8f70-edbbcc2eedc6.jpg,9BHBG41DAGP623974,0.1,0.003508746011301245,"[[5, 121], [1427, 121], [1427, 273], [8, 297]]","[[1.030078800035028e-14, 120.38216523084527], [1431.9894737619663, 120.46696607744795], [1431.9788736561409, 273.4488240182809], [3.0316525818931526, 297.70204467342603]]",de8901947aa2b8463f31ed339a71ac6b631f332ae0a28df1c93f073806bc7d56,sem_margem\Apto_2023-05-29_11-34-00_2023-05-29_12-09-17\000_Chassi_3872_a420c8ec-c7a2-4090-8f70-edbbcc2eedc6.png,com_margem\Apto_2023-05-29_11-34-00_2023-05-29_12-09-17\000_Chassi_3872_a420c8ec-c7a2-4090-8f70-edbbcc2eedc6.png,
Apto_2023-05-29_11-34-00_2023-05-29_12-09-17\dados_vistoria_Chassi-Motor-LABELED.json,Motor,OK,Apto_2023-05-29_11-34-00_2023-05-29_12-09-17\imgs\3872_02f401e7-f62f-4676-a293-80dce3bc7a65.jpg,F4FAGU144717,0.1,0.009500464935307297,"[[136, 118], [737, 386], [721, 701], [8, 383]]","[[131.51638907500617, 112.94076513118056], [742.851677875678, 385.5489652063411], [727.6319330493158, 707.0183072457488], [3.019806626980426e-14, 382.49196241672934]]",50e53a0b0e120c79de96d2e87aa8988aabb78bc25793a3af1ebb14e5a5762550,sem_margem\Apto_2023-05-29_11-34-00_2023-05-29_12-09-17\000_Motor_3872_02f401e7-f62f-4676-a293-80dce3bc7a65.png,com_margem\Apto_2023-05-29_11-34-00_2023-05-29_12-09-17\000_Motor_3872_02f401e7-f62f-4676-a293-80dce3bc7a65.png,
Apto_2023-05-30_04-27-06_2023-05-30_06-56-56\dados_vistoria_Chassi-Motor-LABELED.json,Chassi,OK,Apto_2023-05-30_04-27-06_2023-05-30_06-56-56\imgs\3915_e83c88e8-da8b-4b02-b5f7-97e7222bffbd.jpg,9BRK3AAG0R0095957,0.1,0.0339233038348082,"[[46, 52], [1402, 52], [1402, 293], [46, 293]]","[[8.970602038971265e-14, 43.82448377581122], [1447.9999999999998, 43.824483775811224], [1447.9999999999998, 301.1755162241888], [9.237055564881302e-14, 301.17551622418875]]",0506fa00ff235b84435a77836663c5ad5092d879dfad15d221b419cc456beaac,sem_margem\Apto_2023-05-30_04-27-06_2023-05-30_06-56-56\000_Chassi_3915_e83c88e8-da8b-4b02-b5f7-97e7222bffbd.png,com_margem\Apto_2023-05-30_04-27-06_2023-05-30_06-56-56\000_Chassi_3915_e83c88e8-da8b-4b02-b5f7-97e7222bffbd.png,
Apto_2023-05-30_04-27-06_2023-05-30_06-56-56\dados_vistoria_Chassi-Motor-LABELED.json,Motor,OK,Apto_2023-05-30_04-27-06_2023-05-30_06-56-56\imgs\3915_b4f1b383-ab1a-47b6-b1b7-0dcbfd54a699.jpg,AC53961,0.1,0.1,"[[277, 80], [669, 375], [601, 576], [173, 254]]","[[248.56000000000003, 33.37], [714.6400000000001, 384.13000000000005], [637.3600000000001, 628.57], [119.44, 238.93]]",58c05c49449fd59a02bed52cce2d83e162d8c4103927d1ff23952b615fceab0e,sem_margem\Apto_2023-05-30_04-27-06_2023-05-30_06-56-56\000_Motor_3915_b4f1b383-ab1a-47b6-b1b7-0dcbfd54a699.png,com_margem\Apto_2023-05-30_04-27-06_2023-05-30_06-56-56\000_Motor_3915_b4f1b383-ab1a-47b6-b1b7-0dcbfd54a699.png,
