Modelo,Tipo,Arquivo,Texto_Real,Texto_Predito,CER,Detalhe_Cientifico_do_Erro,Pasta
EasyOCR,Chassi,cropped_422_da4f8a80-24ca-49ef-ba52-05abf028e911.jpg.png,9BD2651JHK9125421,9602651JHK912542,0.17647058823529413,Trocou 'B' por '6' | Trocou 'D' por '0' | Omitiu '1',Apto_2023-04-22_05-00-33_2023-04-28_05-42-24
PaddleOCR,Chassi,cropped_422_da4f8a80-24ca-49ef-ba52-05abf028e911.jpg.png,9BD2651JHK9125421,93026511H9125421,0.23529411764705882,Trocou 'B' por '3' | Trocou 'D' por '0' | Trocou 'J' por '1' | Omitiu 'K',Apto_2023-04-22_05-00-33_2023-04-28_05-42-24
EasyOCR,Motor,cropped_422_e3e3c320-cddc-41c9-9c67-896ca534072f.jpg.png,327A0113421213,,1.0,Omitiu '3' | Omitiu '2' | Omitiu '7' | Omitiu 'A' | Omitiu '0' | Omitiu '1' | Omitiu '1' | Omitiu '3' | Omitiu '4' | Omitiu '2' | Omitiu '1' | Omitiu '2' | Omitiu '1' | Omitiu '3',Apto_2023-04-22_05-00-33_2023-04-28_05-42-24
PaddleOCR,Motor,cropped_422_e3e3c320-cddc-41c9-9c67-896ca534072f.jpg.png,327A0113421213,,1.0,Omitiu '3' | Omitiu '2' | Omitiu '7' | Omitiu 'A' | Omitiu '0' | Omitiu '1' | Omitiu '1' | Omitiu '3' | Omitiu '4' | Omitiu '2' | Omitiu '1' | Omitiu '2' | Omitiu '1' | Omitiu '3',Apto_2023-04-22_05-00-33_2023-04-28_05-42-24
Qwen_VL,Motor,cropped_422_e3e3c320-cddc-41c9-9c67-896ca534072f.jpg.png,327A0113421213,1234567890,0.8571428571428571,Trocou '3' por '1' | Omitiu '7' | Omitiu 'A' | Omitiu '0' | Omitiu '1' | Omitiu '1' | Inventou '5' | Trocou '2' por '6' | Trocou '1' por '7' | Trocou '2' por '8' | Trocou '1' por '9' | Trocou '3' por '0',Apto_2023-04-22_05-00-33_2023-04-28_05-42-24
EasyOCR,Chassi,cropped_481_e20e927f-b7cb-4917-a0ec-0bc62c5b1cec.jpg.png,9C2ND1110DR018878,2392NLLYDOX,0.8823529411764706,Inventou '2' | Inventou '3' | Omitiu 'C' | Trocou 'D' por 'L' | Trocou '1' por 'L' | Trocou '1' por 'Y' | Omitiu '1' | Omitiu '0' | Trocou 'R' por 'O' | Trocou '0' por 'X' | Omitiu '1' | Omitiu '8' | Omitiu '8' | Omitiu '7' | Omitiu '8',Apto_2023-04-24_06-45-32_2023-04-24_10-22-03
PaddleOCR,Chassi,cropped_481_e20e927f-b7cb-4917-a0ec-0bc62c5b1cec.jpg.png,9C2ND1110DR018878,,1.0,Omitiu '9' | Omitiu 'C' | Omitiu '2' | Omitiu 'N' | Omitiu 'D' | Omitiu '1' | Omitiu '1' | Omitiu '1' | Omitiu '0' | Omitiu 'D' | Omitiu 'R' | Omitiu '0' | Omitiu '1' | Omitiu '8' | Omitiu '8' | Omitiu '7' | Omitiu '8',Apto_2023-04-24_06-45-32_2023-04-24_10-22-03
Qwen_VL,Chassi,cropped_481_e20e927f-b7cb-4917-a0ec-0bc62c5b1cec.jpg.png,9C2ND1110DR018878,201392ND11100R013979,0.5294117647058824,Inventou '2' | Inventou '0' | Inventou '1' | Inventou '3' | Omitiu 'C' | Trocou 'D' por '0' | Trocou '8' por '3' | Trocou '8' por '9' | Trocou '8' por '9',Apto_2023-04-24_06-45-32_2023-04-24_10-22-03
EasyOCR,Motor,cropped_481_2bd84f76-b0dd-43f2-8ac7-f7e5a19228ec.jpg.png,ND11E1D018878,MDR808870,0.6153846153846154,Trocou 'N' por 'M' | Trocou '1' por 'R' | Trocou '1' por '8' | Omitiu 'E' | Omitiu '1' | Omitiu 'D' | Omitiu '1' | Trocou '8' por '0',Apto_2023-04-24_06-45-32_2023-04-24_10-22-03
PaddleOCR,Motor,cropped_481_2bd84f76-b0dd-43f2-8ac7-f7e5a19228ec.jpg.png,ND11E1D018878,NELLER4018878,0.38461538461538464,Trocou 'D' por 'E' | Trocou '1' por 'L' | Trocou '1' por 'L' | Trocou '1' por 'R' | Trocou 'D' por '4',Apto_2023-04-24_06-45-32_2023-04-24_10-22-03
EasyOCR,Chassi,cropped_553_c9ed6d98-716d-44e9-ae2f-96629e3c08d6.jpg.png,9C2PC42108R500145,9CZPC4210SR5001GS,0.23529411764705882,Trocou '2' por 'Z' | Trocou '8' por 'S' | Trocou '4' por 'G' | Trocou '5' por 'S',Apto_2023-04-24_12-33-33_2023-04-24_13-08-09
EasyOCR,Motor,cropped_553_57f26675-5568-43f0-a9ad-0fa02ec6d79b.jpg.png,PC42E8500145,PC42E8500146,0.08333333333333333,Trocou '5' por '6',Apto_2023-04-24_12-33-33_2023-04-24_13-08-09
Qwen_VL,Motor,cropped_553_57f26675-5568-43f0-a9ad-0fa02ec6d79b.jpg.png,PC42E8500145,PG42E8500145,0.08333333333333333,Trocou 'C' por 'G',Apto_2023-04-24_12-33-33_2023-04-24_13-08-09
EasyOCR,Chassi,cropped_564_b04d8253-8611-4fd3-8e57-402bf79e639d.jpg.png,98ZCLAS01PG003587,987CLASOIPG903587,0.23529411764705882,Trocou 'Z' por '7' | Trocou '0' por 'O' | Trocou '1' por 'I' | Trocou '0' por '9',Apto_2023-04-24_13-33-12_2023-04-24_13-54-02
PaddleOCR,Chassi,cropped_564_b04d8253-8611-4fd3-8e57-402bf79e639d.jpg.png,98ZCLAS01PG003587,987CLA01PG003587,0.11764705882352941,Trocou 'Z' por '7' | Omitiu 'S',Apto_2023-04-24_13-33-12_2023-04-24_13-54-02
Qwen_VL,Chassi,cropped_564_b04d8253-8611-4fd3-8e57-402bf79e639d.jpg.png,98ZCLAS01PG003587,987CLAS01PG003587,0.058823529411764705,Trocou 'Z' por '7',Apto_2023-04-24_13-33-12_2023-04-24_13-54-02
EasyOCR,Chassi,cropped_567_ed5ccb92-5199-49e2-976d-3d211ddabc22.jpg.png,9BFEXXL38JD69086,BFEXXL38JDB69086,0.125,Omitiu '9' | Inventou 'B',Apto_2023-04-25_03-56-20_2023-04-25_04-56-33
PaddleOCR,Chassi,cropped_567_ed5ccb92-5199-49e2-976d-3d211ddabc22.jpg.png,9BFEXXL38JD69086,9BFEXXL38JDB69086,0.0625,Inventou 'B',Apto_2023-04-25_03-56-20_2023-04-25_04-56-33
Qwen_VL,Chassi,cropped_567_ed5ccb92-5199-49e2-976d-3d211ddabc22.jpg.png,9BFEXXL38JD69086,9BFEXXL38JDB69086,0.0625,Inventou 'B',Apto_2023-04-25_03-56-20_2023-04-25_04-56-33
EasyOCR,Motor,cropped_567_935ea9a9-a2af-469e-b27c-c8adfc5efad2.jpg.png,22904158393,J0415899,0.45454545454545453,Trocou '2' por 'J' | Omitiu '2' | Omitiu '9' | Trocou '3' por '9' | Omitiu '3',Apto_2023-04-25_03-56-20_2023-04-25_04-56-33
PaddleOCR,Motor,cropped_567_935ea9a9-a2af-469e-b27c-c8adfc5efad2.jpg.png,22904158393,,1.0,Omitiu '2' | Omitiu '2' | Omitiu '9' | Omitiu '0' | Omitiu '4' | Omitiu '1' | Omitiu '5' | Omitiu '8' | Omitiu '3' | Omitiu '9' | Omitiu '3',Apto_2023-04-25_03-56-20_2023-04-25_04-56-33
Qwen_VL,Motor,cropped_567_935ea9a9-a2af-469e-b27c-c8adfc5efad2.jpg.png,22904158393,12904158993,0.18181818181818182,Trocou '2' por '1' | Trocou '3' por '9',Apto_2023-04-25_03-56-20_2023-04-25_04-56-33
PaddleOCR,Chassi,cropped_608_6b55104c-0e1a-475f-a52d-d3dcf576eabd.jpg.png,8AJFY22G6D8007663,3AJFY22G6D8007663,0.058823529411764705,Trocou '8' por '3',Apto_2023-04-25_06-08-07_2023-04-25_06-53-54
EasyOCR,Motor,cropped_608_cb0a6738-0061-4053-ba98-1710ce62067c.jpg.png,1KDA140567,12,0.9,Trocou 'K' por '2' | Omitiu 'D' | Omitiu 'A' | Omitiu '1' | Omitiu '4' | Omitiu '0' | Omitiu '5' | Omitiu '6' | Omitiu '7',Apto_2023-04-25_06-08-07_2023-04-25_06-53-54
PaddleOCR,Motor,cropped_608_cb0a6738-0061-4053-ba98-1710ce62067c.jpg.png,1KDA140567,,1.0,Omitiu '1' | Omitiu 'K' | Omitiu 'D' | Omitiu 'A' | Omitiu '1' | Omitiu '4' | Omitiu '0' | Omitiu '5' | Omitiu '6' | Omitiu '7',Apto_2023-04-25_06-08-07_2023-04-25_06-53-54
Qwen_VL,Motor,cropped_608_cb0a6738-0061-4053-ba98-1710ce62067c.jpg.png,1KDA140567,1HTDAA40567,0.3,Inventou 'H' | Trocou 'K' por 'T' | Trocou '1' por 'A',Apto_2023-04-25_06-08-07_2023-04-25_06-53-54
EasyOCR,Chassi,cropped_623_87e32cf0-9a24-4f76-8fc4-79f36f9f91a1.jpg.png,9BWAB41J9D4006591,9BWABL1J904006591,0.11764705882352941,Trocou '4' por 'L' | Trocou 'D' por '0',Apto_2023-04-25_06-58-39_2023-04-25_07-30-10
Qwen_VL,Chassi,cropped_623_87e32cf0-9a24-4f76-8fc4-79f36f9f91a1.jpg.png,9BWAB41J9D4006591,8BWAB41J9D4006591,0.058823529411764705,Trocou '9' por '8',Apto_2023-04-25_06-58-39_2023-04-25_07-30-10
EasyOCR,Motor,cropped_623_f1715f2f-22d5-4476-b9dc-3f4f5596862a.jpg.png,CCRN95621,,1.0,Omitiu 'C' | Omitiu 'C' | Omitiu 'R' | Omitiu 'N' | Omitiu '9' | Omitiu '5' | Omitiu '6' | Omitiu '2' | Omitiu '1',Apto_2023-04-25_06-58-39_2023-04-25_07-30-10
PaddleOCR,Motor,cropped_623_f1715f2f-22d5-4476-b9dc-3f4f5596862a.jpg.png,CCRN95621,,1.0,Omitiu 'C' | Omitiu 'C' | Omitiu 'R' | Omitiu 'N' | Omitiu '9' | Omitiu '5' | Omitiu '6' | Omitiu '2' | Omitiu '1',Apto_2023-04-25_06-58-39_2023-04-25_07-30-10
Qwen_VL,Motor,cropped_623_f1715f2f-22d5-4476-b9dc-3f4f5596862a.jpg.png,CCRN95621,621,0.6666666666666666,Omitiu 'C' | Omitiu 'C' | Omitiu 'R' | Omitiu 'N' | Omitiu '9' | Omitiu '5',Apto_2023-04-25_06-58-39_2023-04-25_07-30-10
EasyOCR,Chassi,cropped_648_c76d7c5f-ea2f-4ad8-9096-d499810d19a4.jpg.png,9BM345005JB811458,93M35005JB81258,0.23529411764705882,Trocou 'B' por '3' | Omitiu '4' | Trocou '1' por '2' | Omitiu '4',Apto_2023-04-25_09-47-08_2023-04-26_13-25-55
PaddleOCR,Chassi,cropped_648_c76d7c5f-ea2f-4ad8-9096-d499810d19a4.jpg.png,9BM345005JB811458,,1.0,Omitiu '9' | Omitiu 'B' | Omitiu 'M' | Omitiu '3' | Omitiu '4' | Omitiu '5' | Omitiu '0' | Omitiu '0' | Omitiu '5' | Omitiu 'J' | Omitiu 'B' | Omitiu '8' | Omitiu '1' | Omitiu '1' | Omitiu '4' | Omitiu '5' | Omitiu '8',Apto_2023-04-25_09-47-08_2023-04-26_13-25-55
Qwen_VL,Chassi,cropped_648_c76d7c5f-ea2f-4ad8-9096-d499810d19a4.jpg.png,9BM345005JB811458,0BM345005JB811458,0.058823529411764705,Trocou '9' por '0',Apto_2023-04-25_09-47-08_2023-04-26_13-25-55
EasyOCR,Motor,cropped_648_ae2a5df2-1364-43b3-a669-df71a6e656d0.jpg.png,344919008520487,520,0.8,Omitiu '3' | Omitiu '4' | Omitiu '4' | Omitiu '9' | Omitiu '1' | Omitiu '9' | Omitiu '0' | Omitiu '0' | Omitiu '8' | Omitiu '4' | Omitiu '8' | Omitiu '7',Apto_2023-04-25_09-47-08_2023-04-26_13-25-55
PaddleOCR,Motor,cropped_648_ae2a5df2-1364-43b3-a669-df71a6e656d0.jpg.png,344919008520487,,1.0,Omitiu '3' | Omitiu '4' | Omitiu '4' | Omitiu '9' | Omitiu '1' | Omitiu '9' | Omitiu '0' | Omitiu '0' | Omitiu '8' | Omitiu '5' | Omitiu '2' | Omitiu '0' | Omitiu '4' | Omitiu '8' | Omitiu '7',Apto_2023-04-25_09-47-08_2023-04-26_13-25-55
Qwen_VL,Motor,cropped_648_ae2a5df2-1364-43b3-a669-df71a6e656d0.jpg.png,344919008520487,6M352,0.8666666666666667,Trocou '3' por '6' | Trocou '4' por 'M' | Trocou '4' por '3' | Omitiu '9' | Omitiu '1' | Omitiu '9' | Omitiu '0' | Omitiu '0' | Omitiu '8' | Omitiu '0' | Omitiu '4' | Omitiu '8' | Omitiu '7',Apto_2023-04-25_09-47-08_2023-04-26_13-25-55
EasyOCR,Chassi,cropped_667_f6953654-9324-4c72-98d0-5e004b8623fd.jpg.png,9BD17122LF7508382,98017122LF7508382,0.11764705882352941,Trocou 'B' por '8' | Trocou 'D' por '0',Apto_2023-04-25_11-08-19_2023-04-25_12-08-01
PaddleOCR,Chassi,cropped_667_f6953654-9324-4c72-98d0-5e004b8623fd.jpg.png,9BD17122LF7508382,9BD171221F7508382,0.058823529411764705,Trocou 'L' por '1',Apto_2023-04-25_11-08-19_2023-04-25_12-08-01
EasyOCR,Motor,cropped_667_c131b0f1-1d5f-45e3-b14c-62b29a38dc02.jpg.png,310A10112344971,,1.0,Omitiu '3' | Omitiu '1' | Omitiu '0' | Omitiu 'A' | Omitiu '1' | Omitiu '0' | Omitiu '1' | Omitiu '1' | Omitiu '2' | Omitiu '3' | Omitiu '4' | Omitiu '4' | Omitiu '9' | Omitiu '7' | Omitiu '1',Apto_2023-04-25_11-08-19_2023-04-25_12-08-01
PaddleOCR,Motor,cropped_667_c131b0f1-1d5f-45e3-b14c-62b29a38dc02.jpg.png,310A10112344971,,1.0,Omitiu '3' | Omitiu '1' | Omitiu '0' | Omitiu 'A' | Omitiu '1' | Omitiu '0' | Omitiu '1' | Omitiu '1' | Omitiu '2' | Omitiu '3' | Omitiu '4' | Omitiu '4' | Omitiu '9' | Omitiu '7' | Omitiu '1',Apto_2023-04-25_11-08-19_2023-04-25_12-08-01
EasyOCR,Chassi,cropped_676_f8cffc5a-5619-4e57-950d-3c26a39917ef.jpg.png,9BG138HU08C436392,JBG1381U08C436392,0.11764705882352941,Trocou '9' por 'J' | Trocou 'H' por '1',Apto_2023-04-25_11-37-37_2023-04-26_04-14-02
PaddleOCR,Chassi,cropped_676_f8cffc5a-5619-4e57-950d-3c26a39917ef.jpg.png,9BG138HU08C436392,9BG13810080436392,0.17647058823529413,Trocou 'H' por '1' | Trocou 'U' por '0' | Trocou 'C' por '0',Apto_2023-04-25_11-37-37_2023-04-26_04-14-02
Qwen_VL,Chassi,cropped_676_f8cffc5a-5619-4e57-950d-3c26a39917ef.jpg.png,9BG138HU08C436392,3BG1381H08C436392,0.17647058823529413,Trocou '9' por '3' | Inventou '1' | Omitiu 'U',Apto_2023-04-25_11-37-37_2023-04-26_04-14-02
EasyOCR,Motor,cropped_676_cf4dc6d7-d7a6-4c08-b40b-330a15db4069.jpg.png,N80021738,4N80021738,0.1111111111111111,Inventou '4',Apto_2023-04-25_11-37-37_2023-04-26_04-14-02
PaddleOCR,Motor,cropped_676_cf4dc6d7-d7a6-4c08-b40b-330a15db4069.jpg.png,N80021738,N8002173,0.1111111111111111,Omitiu '8',Apto_2023-04-25_11-37-37_2023-04-26_04-14-02
PaddleOCR,Chassi,cropped_690_39dc011c-dc00-497f-9708-eb5a1a488ef0.jpg.png,9BWZZZ373WP564123,9BWZ77373WP564123,0.11764705882352941,Trocou 'Z' por '7' | Trocou 'Z' por '7',Apto_2023-04-25_12-26-17_2023-04-26_05-08-34
Qwen_VL,Chassi,cropped_690_39dc011c-dc00-497f-9708-eb5a1a488ef0.jpg.png,9BWZZZ373WP564123,9BWZZ373WP564123,0.058823529411764705,Omitiu 'Z',Apto_2023-04-25_12-26-17_2023-04-26_05-08-34
EasyOCR,Motor,cropped_690_6bde30bd-e56b-4500-8d99-57745d03106e.jpg.png,AFZ317430,,1.0,Omitiu 'A' | Omitiu 'F' | Omitiu 'Z' | Omitiu '3' | Omitiu '1' | Omitiu '7' | Omitiu '4' | Omitiu '3' | Omitiu '0',Apto_2023-04-25_12-26-17_2023-04-26_05-08-34
PaddleOCR,Motor,cropped_690_6bde30bd-e56b-4500-8d99-57745d03106e.jpg.png,AFZ317430,,1.0,Omitiu 'A' | Omitiu 'F' | Omitiu 'Z' | Omitiu '3' | Omitiu '1' | Omitiu '7' | Omitiu '4' | Omitiu '3' | Omitiu '0',Apto_2023-04-25_12-26-17_2023-04-26_05-08-34
Qwen_VL,Motor,cropped_690_6bde30bd-e56b-4500-8d99-57745d03106e.jpg.png,AFZ317430,1234567890,0.8888888888888888,Inventou '1' | Trocou 'A' por '2' | Trocou 'F' por '3' | Trocou 'Z' por '4' | Trocou '3' por '5' | Trocou '1' por '6' | Trocou '4' por '8' | Trocou '3' por '9',Apto_2023-04-25_12-26-17_2023-04-26_05-08-34
EasyOCR,Chassi,cropped_745_d4ff87ba-0230-46ef-9aed-7fdac769512c.jpg.png,9C2KC2500KR022922,SOOXR022922,0.5882352941176471,Trocou '9' por 'S' | Trocou 'C' por 'O' | Trocou '2' por 'O' | Trocou 'K' por 'X' | Omitiu 'C' | Omitiu '2' | Omitiu '5' | Omitiu '0' | Omitiu '0' | Omitiu 'K',Apto_2023-04-26_06-12-39_2023-04-26_07-00-00
PaddleOCR,Chassi,cropped_745_d4ff87ba-0230-46ef-9aed-7fdac769512c.jpg.png,9C2KC2500KR022922,,1.0,Omitiu '9' | Omitiu 'C' | Omitiu '2' | Omitiu 'K' | Omitiu 'C' | Omitiu '2' | Omitiu '5' | Omitiu '0' | Omitiu '0' | Omitiu 'K' | Omitiu 'R' | Omitiu '0' | Omitiu '2' | Omitiu '2' | Omitiu '9' | Omitiu '2' | Omitiu '2',Apto_2023-04-26_06-12-39_2023-04-26_07-00-00
Qwen_VL,Chassi,cropped_745_d4ff87ba-0230-46ef-9aed-7fdac769512c.jpg.png,9C2KC2500KR022922,921510022922,0.4117647058823529,Omitiu 'C' | Trocou 'K' por '1' | Omitiu 'C' | Omitiu '2' | Trocou '0' por '1' | Omitiu 'K' | Omitiu 'R',Apto_2023-04-26_06-12-39_2023-04-26_07-00-00
EasyOCR,Motor,cropped_745_08611ad2-04ce-453d-adce-e34c399416b6.jpg.png,KC25E0K022935,KC2SEOK022935,0.15384615384615385,Trocou '5' por 'S' | Trocou '0' por 'O',Apto_2023-04-26_06-12-39_2023-04-26_07-00-00
PaddleOCR,Motor,cropped_745_08611ad2-04ce-453d-adce-e34c399416b6.jpg.png,KC25E0K022935,,1.0,Omitiu 'K' | Omitiu 'C' | Omitiu '2' | Omitiu '5' | Omitiu 'E' | Omitiu '0' | Omitiu 'K' | Omitiu '0' | Omitiu '2' | Omitiu '2' | Omitiu '9' | Omitiu '3' | Omitiu '5',Apto_2023-04-26_06-12-39_2023-04-26_07-00-00
Qwen_VL,Motor,cropped_745_08611ad2-04ce-453d-adce-e34c399416b6.jpg.png,KC25E0K022935,K026EOK022935,0.23076923076923078,Trocou 'C' por '0' | Trocou '5' por '6' | Trocou '0' por 'O',Apto_2023-04-26_06-12-39_2023-04-26_07-00-00
EasyOCR,Chassi,cropped_774_b40decb7-d98d-466e-a231-d53c78838b14.jpg.png,93XJRKB88TACA20894,93XJRKBBTACA20894,0.1111111111111111,Trocou '8' por 'B' | Omitiu '8',Apto_2023-04-26_08-40-17_2023-04-26_09-58-28
PaddleOCR,Chassi,cropped_774_b40decb7-d98d-466e-a231-d53c78838b14.jpg.png,93XJRKB88TACA20894,93XJRKB8TACA20894,0.05555555555555555,Omitiu '8',Apto_2023-04-26_08-40-17_2023-04-26_09-58-28
Qwen_VL,Chassi,cropped_774_b40decb7-d98d-466e-a231-d53c78838b14.jpg.png,93XJRKB88TACA20894,93XJRKB8TACA20894,0.05555555555555555,Omitiu '8',Apto_2023-04-26_08-40-17_2023-04-26_09-58-28
EasyOCR,Motor,cropped_774_e0ddb02a-2eb7-4547-9b55-e2d4fad2ec53.jpg.png,4M41UCAT2776,AT2776,0.5,Omitiu '4' | Omitiu 'M' | Omitiu '4' | Omitiu '1' | Omitiu 'U' | Omitiu 'C',Apto_2023-04-26_08-40-17_2023-04-26_09-58-28
PaddleOCR,Motor,cropped_774_e0ddb02a-2eb7-4547-9b55-e2d4fad2ec53.jpg.png,4M41UCAT2776,,1.0,Omitiu '4' | Omitiu 'M' | Omitiu '4' | Omitiu '1' | Omitiu 'U' | Omitiu 'C' | Omitiu 'A' | Omitiu 'T' | Omitiu '2' | Omitiu '7' | Omitiu '7' | Omitiu '6',Apto_2023-04-26_08-40-17_2023-04-26_09-58-28
Qwen_VL,Motor,cropped_774_e0ddb02a-2eb7-4547-9b55-e2d4fad2ec53.jpg.png,4M41UCAT2776,19111976,0.75,Trocou '4' por '1' | Trocou 'M' por '9' | Trocou '4' por '1' | Trocou 'U' por '1' | Trocou 'C' por '9' | Omitiu 'A' | Omitiu 'T' | Omitiu '2' | Omitiu '7',Apto_2023-04-26_08-40-17_2023-04-26_09-58-28
EasyOCR,Chassi,cropped_802_80d52ace-b6e3-4a5e-85b2-c919bf733ee1.jpg.png,9BM979078DS018253,03M97907823018252013,0.4117647058823529,Trocou '9' por '0' | Trocou 'B' por '3' | Trocou 'D' por '2' | Trocou 'S' por '3' | Inventou '2' | Inventou '0' | Inventou '1',Apto_2023-04-26_10-35-22_2023-04-26_11-50-57
PaddleOCR,Chassi,cropped_802_80d52ace-b6e3-4a5e-85b2-c919bf733ee1.jpg.png,9BM979078DS018253,QBM9790780S0182532013,0.35294117647058826,Trocou '9' por 'Q' | Trocou 'D' por '0' | Inventou '3' | Inventou '2' | Inventou '0' | Inventou '1',Apto_2023-04-26_10-35-22_2023-04-26_11-50-57
Qwen_VL,Chassi,cropped_802_80d52ace-b6e3-4a5e-85b2-c919bf733ee1.jpg.png,9BM979078DS018253,OBM979078DS0182532013,0.29411764705882354,Trocou '9' por 'O' | Inventou '3' | Inventou '2' | Inventou '0' | Inventou '1',Apto_2023-04-26_10-35-22_2023-04-26_11-50-57
EasyOCR,Motor,cropped_802_b92132e1-4eff-419d-9d98-de72f7bcbb23.jpg.png,924990U1078448,724LANR924990U10QWU6,0.8571428571428571,Inventou '7' | Inventou '2' | Inventou '4' | Inventou 'L' | Inventou 'A' | Inventou 'N' | Inventou 'R' | Trocou '7' por 'Q' | Trocou '8' por 'W' | Trocou '4' por 'U' | Trocou '4' por '6' | Omitiu '8',Apto_2023-04-26_10-35-22_2023-04-26_11-50-57
PaddleOCR,Motor,cropped_802_b92132e1-4eff-419d-9d98-de72f7bcbb23.jpg.png,924990U1078448,NV7H26WC3HN820TN066H26,1.3571428571428572,Inventou 'N' | Inventou 'V' | Inventou '7' | Trocou '9' por 'H' | Inventou '6' | Inventou 'W' | Inventou 'C' | Inventou '3' | Inventou 'H' | Trocou '4' por 'N' | Trocou '9' por '8' | Trocou '9' por '2' | Trocou 'U' por 'T' | Trocou '1' por 'N' | Trocou '7' por '6' | Trocou '8' por '6' | Trocou '4' por 'H' | Trocou '4' por '2' | Trocou '8' por '6',Apto_2023-04-26_10-35-22_2023-04-26_11-50-57
EasyOCR,Chassi,cropped_816_22f78ab7-53cb-49a0-a90b-8694604d2034.jpg.png,9BD27844PD7647949,9B027844P07647949,0.11764705882352941,Trocou 'D' por '0' | Trocou 'D' por '0',Apto_2023-04-26_11-23-48_2023-04-26_12-23-24
PaddleOCR,Chassi,cropped_816_22f78ab7-53cb-49a0-a90b-8694604d2034.jpg.png,9BD27844PD7647949,9BD27844P07647949,0.058823529411764705,Trocou 'D' por '0',Apto_2023-04-26_11-23-48_2023-04-26_12-23-24
Qwen_VL,Chassi,cropped_816_22f78ab7-53cb-49a0-a90b-8694604d2034.jpg.png,9BD27844PD7647949,9BD27844P07647949,0.058823529411764705,Trocou 'D' por '0',Apto_2023-04-26_11-23-48_2023-04-26_12-23-24
EasyOCR,Motor,cropped_816_5f5a5f3a-1673-4008-89d8-63c63185c544.jpg.png,370A00112404250,37MA1112404250,0.2,Trocou '0' por 'M' | Trocou '0' por '1' | Omitiu '0',Apto_2023-04-26_11-23-48_2023-04-26_12-23-24
Qwen_VL,Motor,cropped_816_5f5a5f3a-1673-4008-89d8-63c63185c544.jpg.png,370A00112404250,37GAD0112404250,0.13333333333333333,Trocou '0' por 'G' | Trocou '0' por 'D',Apto_2023-04-26_11-23-48_2023-04-26_12-23-24
EasyOCR,Chassi,cropped_840_31217a47-a771-41b6-a4d6-fe87f5d1a879.jpg.png,9BD15822774912892,RUT822760,0.7647058823529411,Trocou '9' por 'R' | Trocou 'B' por 'U' | Trocou 'D' por 'T' | Omitiu '1' | Omitiu '5' | Trocou '7' por '6' | Trocou '4' por '0' | Omitiu '9' | Omitiu '1' | Omitiu '2' | Omitiu '8' | Omitiu '9' | Omitiu '2',Apto_2023-04-26_12-46-21_2023-04-26_14-12-08
PaddleOCR,Chassi,cropped_840_31217a47-a771-41b6-a4d6-fe87f5d1a879.jpg.png,9BD15822774912892,,1.0,Omitiu '9' | Omitiu 'B' | Omitiu 'D' | Omitiu '1' | Omitiu '5' | Omitiu '8' | Omitiu '2' | Omitiu '2' | Omitiu '7' | Omitiu '7' | Omitiu '4' | Omitiu '9' | Omitiu '1' | Omitiu '2' | Omitiu '8' | Omitiu '9' | Omitiu '2',Apto_2023-04-26_12-46-21_2023-04-26_14-12-08
Qwen_VL,Chassi,cropped_840_31217a47-a771-41b6-a4d6-fe87f5d1a879.jpg.png,9BD15822774912892,1001021,0.8235294117647058,Trocou '9' por '1' | Trocou 'B' por '0' | Trocou 'D' por '0' | Trocou '5' por '0' | Omitiu '8' | Omitiu '2' | Omitiu '7' | Omitiu '7' | Omitiu '4' | Omitiu '9' | Omitiu '2' | Omitiu '8' | Omitiu '9' | Omitiu '2',Apto_2023-04-26_12-46-21_2023-04-26_14-12-08
EasyOCR,Motor,cropped_840_bc13f89c-aea5-4be3-8647-36028ef43874.jpg.png,146E10117304983,73049,0.6666666666666666,Omitiu '1' | Omitiu '4' | Omitiu '6' | Omitiu 'E' | Omitiu '1' | Omitiu '0' | Omitiu '1' | Omitiu '1' | Omitiu '8' | Omitiu '3',Apto_2023-04-26_12-46-21_2023-04-26_14-12-08
PaddleOCR,Motor,cropped_840_bc13f89c-aea5-4be3-8647-36028ef43874.jpg.png,146E10117304983,,1.0,Omitiu '1' | Omitiu '4' | Omitiu '6' | Omitiu 'E' | Omitiu '1' | Omitiu '0' | Omitiu '1' | Omitiu '1' | Omitiu '7' | Omitiu '3' | Omitiu '0' | Omitiu '4' | Omitiu '9' | Omitiu '8' | Omitiu '3',Apto_2023-04-26_12-46-21_2023-04-26_14-12-08
Qwen_VL,Motor,cropped_840_bc13f89c-aea5-4be3-8647-36028ef43874.jpg.png,146E10117304983,784983,0.6666666666666666,Omitiu '1' | Omitiu '4' | Omitiu '6' | Omitiu 'E' | Omitiu '1' | Omitiu '0' | Omitiu '1' | Omitiu '1' | Trocou '3' por '8' | Omitiu '0',Apto_2023-04-26_12-46-21_2023-04-26_14-12-08
EasyOCR,Chassi,cropped_846_af07ed7c-beaa-43cd-aaff-20abe1ae689d.jpg.png,8AP17206LB2202640,84B17206,0.6470588235294118,Trocou 'A' por '4' | Trocou 'P' por 'B' | Omitiu 'L' | Omitiu 'B' | Omitiu '2' | Omitiu '2' | Omitiu '0' | Omitiu '2' | Omitiu '6' | Omitiu '4' | Omitiu '0',Apto_2023-04-26_14-24-34_2023-04-27_03-57-22
PaddleOCR,Chassi,cropped_846_af07ed7c-beaa-43cd-aaff-20abe1ae689d.jpg.png,8AP17206LB2202640,,1.0,Omitiu '8' | Omitiu 'A' | Omitiu 'P' | Omitiu '1' | Omitiu '7' | Omitiu '2' | Omitiu '0' | Omitiu '6' | Omitiu 'L' | Omitiu 'B' | Omitiu '2' | Omitiu '2' | Omitiu '0' | Omitiu '2' | Omitiu '6' | Omitiu '4' | Omitiu '0',Apto_2023-04-26_14-24-34_2023-04-27_03-57-22
Qwen_VL,Chassi,cropped_846_af07ed7c-beaa-43cd-aaff-20abe1ae689d.jpg.png,8AP17206LB2202640,8AP17206B2212640,0.11764705882352941,Omitiu 'L' | Trocou '0' por '1',Apto_2023-04-26_14-24-34_2023-04-27_03-57-22
EasyOCR,Motor,cropped_846_42f9f17b-7fce-4b7c-a062-4d5faf3a37c1.jpg.png,310A10110128988,DAIOIL,0.9333333333333333,Trocou '3' por 'D' | Omitiu '1' | Omitiu '0' | Trocou '1' por 'I' | Trocou '0' por 'O' | Trocou '1' por 'I' | Trocou '1' por 'L' | Omitiu '0' | Omitiu '1' | Omitiu '2' | Omitiu '8' | Omitiu '9' | Omitiu '8' | Omitiu '8',Apto_2023-04-26_14-24-34_2023-04-27_03-57-22
PaddleOCR,Motor,cropped_846_42f9f17b-7fce-4b7c-a062-4d5faf3a37c1.jpg.png,310A10110128988,,1.0,Omitiu '3' | Omitiu '1' | Omitiu '0' | Omitiu 'A' | Omitiu '1' | Omitiu '0' | Omitiu '1' | Omitiu '1' | Omitiu '0' | Omitiu '1' | Omitiu '2' | Omitiu '8' | Omitiu '9' | Omitiu '8' | Omitiu '8',Apto_2023-04-26_14-24-34_2023-04-27_03-57-22
Qwen_VL,Motor,cropped_846_42f9f17b-7fce-4b7c-a062-4d5faf3a37c1.jpg.png,310A10110128988,2020123333,0.7333333333333333,Trocou '3' por '2' | Omitiu '1' | Trocou 'A' por '2' | Omitiu '1' | Omitiu '1' | Omitiu '0' | Omitiu '1' | Trocou '8' por '3' | Trocou '9' por '3' | Trocou '8' por '3' | Trocou '8' por '3',Apto_2023-04-26_14-24-34_2023-04-27_03-57-22
EasyOCR,Chassi,cropped_847_417775d8-9aef-4b29-b1a8-ec9e14a8199e.jpg.png,9A91JBJEVDXDF9276,8191JBAEVDXDF9276,0.17647058823529413,Trocou '9' por '8' | Trocou 'A' por '1' | Trocou 'J' por 'A',Apto_2023-04-26_14-48-55_2023-04-27_03-55-22
PaddleOCR,Chassi,cropped_847_417775d8-9aef-4b29-b1a8-ec9e14a8199e.jpg.png,9A91JBJEVDXDF9276,9A91J3JDXDF9276,0.17647058823529413,Trocou 'B' por '3' | Omitiu 'E' | Omitiu 'V',Apto_2023-04-26_14-48-55_2023-04-27_03-55-22
EasyOCR,Chassi,cropped_866_ebde44bc-ab84-4c2f-98ae-9210ba570518.jpg.png,9C2KC1680DR313714,ZKLIEBDDR3L,0.7647058823529411,Trocou '9' por 'Z' | Omitiu 'C' | Omitiu '2' | Trocou 'C' por 'L' | Trocou '1' por 'I' | Trocou '6' por 'E' | Trocou '8' por 'B' | Trocou '0' por 'D' | Trocou '1' por 'L' | Omitiu '3' | Omitiu '7' | Omitiu '1' | Omitiu '4',Apto_2023-04-27_04-57-22_2023-04-27_05-43-06
PaddleOCR,Chassi,cropped_866_ebde44bc-ab84-4c2f-98ae-9210ba570518.jpg.png,9C2KC1680DR313714,,1.0,Omitiu '9' | Omitiu 'C' | Omitiu '2' | Omitiu 'K' | Omitiu 'C' | Omitiu '1' | Omitiu '6' | Omitiu '8' | Omitiu '0' | Omitiu 'D' | Omitiu 'R' | Omitiu '3' | Omitiu '1' | Omitiu '3' | Omitiu '7' | Omitiu '1' | Omitiu '4',Apto_2023-04-27_04-57-22_2023-04-27_05-43-06
Qwen_VL,Chassi,cropped_866_ebde44bc-ab84-4c2f-98ae-9210ba570518.jpg.png,9C2KC1680DR313714,03520180374,0.6470588235294118,Inventou '0' | Trocou '9' por '3' | Trocou 'C' por '5' | Trocou 'K' por '0' | Omitiu 'C' | Omitiu '6' | Omitiu 'D' | Omitiu 'R' | Omitiu '1' | Omitiu '3' | Omitiu '1',Apto_2023-04-27_04-57-22_2023-04-27_05-43-06
EasyOCR,Motor,cropped_866_aa038588-f254-41fb-981b-4151c98758c7.jpg.png,KC16E8D313714,6ES,0.8461538461538461,Omitiu 'K' | Omitiu 'C' | Omitiu '1' | Trocou '8' por 'S' | Omitiu 'D' | Omitiu '3' | Omitiu '1' | Omitiu '3' | Omitiu '7' | Omitiu '1' | Omitiu '4',Apto_2023-04-27_04-57-22_2023-04-27_05-43-06
PaddleOCR,Motor,cropped_866_aa038588-f254-41fb-981b-4151c98758c7.jpg.png,KC16E8D313714,,1.0,Omitiu 'K' | Omitiu 'C' | Omitiu '1' | Omitiu '6' | Omitiu 'E' | Omitiu '8' | Omitiu 'D' | Omitiu '3' | Omitiu '1' | Omitiu '3' | Omitiu '7' | Omitiu '1' | Omitiu '4',Apto_2023-04-27_04-57-22_2023-04-27_05-43-06
Qwen_VL,Motor,cropped_866_aa038588-f254-41fb-981b-4151c98758c7.jpg.png,KC16E8D313714,1968,0.8461538461538461,Trocou 'K' por '1' | Trocou 'C' por '9' | Omitiu '1' | Omitiu 'E' | Omitiu 'D' | Omitiu '3' | Omitiu '1' | Omitiu '3' | Omitiu '7' | Omitiu '1' | Omitiu '4',Apto_2023-04-27_04-57-22_2023-04-27_05-43-06
EasyOCR,Chassi,cropped_886_624a3c8c-d490-48f6-b564-73d73aab731f.jpg.png,8AJBA3CD4H1583103,8AJBASCD4H1583103,0.058823529411764705,Trocou '3' por 'S',Apto_2023-04-27_05-44-12_2023-04-27_06-40-32
PaddleOCR,Chassi,cropped_886_624a3c8c-d490-48f6-b564-73d73aab731f.jpg.png,8AJBA3CD4H1583103,8AJBA3004H1583103,0.11764705882352941,Trocou 'C' por '0' | Trocou 'D' por '0',Apto_2023-04-27_05-44-12_2023-04-27_06-40-32
EasyOCR,Motor,cropped_886_7f9e15bb-c5da-4e0d-bce1-7978f626818b.jpg.png,1GD4180572,,1.0,Omitiu '1' | Omitiu 'G' | Omitiu 'D' | Omitiu '4' | Omitiu '1' | Omitiu '8' | Omitiu '0' | Omitiu '5' | Omitiu '7' | Omitiu '2',Apto_2023-04-27_05-44-12_2023-04-27_06-40-32
PaddleOCR,Motor,cropped_886_7f9e15bb-c5da-4e0d-bce1-7978f626818b.jpg.png,1GD4180572,,1.0,Omitiu '1' | Omitiu 'G' | Omitiu 'D' | Omitiu '4' | Omitiu '1' | Omitiu '8' | Omitiu '0' | Omitiu '5' | Omitiu '7' | Omitiu '2',Apto_2023-04-27_05-44-12_2023-04-27_06-40-32
Qwen_VL,Motor,cropped_886_7f9e15bb-c5da-4e0d-bce1-7978f626818b.jpg.png,1GD4180572,19572,0.6,Trocou 'G' por '9' | Omitiu 'D' | Omitiu '4' | Omitiu '1' | Omitiu '8' | Omitiu '0',Apto_2023-04-27_05-44-12_2023-04-27_06-40-32
EasyOCR,Chassi,cropped_951_8aec5495-238c-478a-836d-e4fce46af040.jpg.png,9BWN172S17R715536,9BMN1725171713566,0.29411764705882354,Trocou 'W' por 'M' | Trocou 'S' por '5' | Trocou 'R' por '1' | Trocou '5' por '3' | Trocou '3' por '6',Apto_2023-04-27_09-54-47_2023-04-27_12-09-47
Qwen_VL,Chassi,cropped_951_8aec5495-238c-478a-836d-e4fce46af040.jpg.png,9BWN172S17R715536,9BWN172S17RZ015556,0.17647058823529413,Inventou 'Z' | Trocou '7' por '0' | Trocou '3' por '5',Apto_2023-04-27_09-54-47_2023-04-27_12-09-47
EasyOCR,Motor,cropped_951_0c202833-a3d0-4967-8fca-954a91ce5df5.jpg.png,G1T099340,C1TD99344,0.3333333333333333,Trocou 'G' por 'C' | Trocou '0' por 'D' | Trocou '0' por '4',Apto_2023-04-27_09-54-47_2023-04-27_12-09-47
PaddleOCR,Motor,cropped_951_0c202833-a3d0-4967-8fca-954a91ce5df5.jpg.png,G1T099340,GA109934,0.3333333333333333,Inventou 'A' | Omitiu 'T' | Omitiu '0',Apto_2023-04-27_09-54-47_2023-04-27_12-09-47
Qwen_VL,Motor,cropped_951_0c202833-a3d0-4967-8fca-954a91ce5df5.jpg.png,G1T099340,GT0974R,0.4444444444444444,Omitiu '1' | Trocou '9' por '7' | Omitiu '3' | Trocou '0' por 'R',Apto_2023-04-27_09-54-47_2023-04-27_12-09-47
EasyOCR,Chassi,cropped_979_7ab67e57-ac2d-4ddd-b19f-926b46a33a4e.jpg.png,93KP0E0CXBE127828,9OKPOEOCXBE127828,0.17647058823529413,Trocou '3' por 'O' | Trocou '0' por 'O' | Trocou '0' por 'O',Apto_2023-04-27_11-18-07_2023-04-27_12-10-47
Qwen_VL,Chassi,cropped_979_7ab67e57-ac2d-4ddd-b19f-926b46a33a4e.jpg.png,93KP0E0CXBE127828,93KPOEOCXBE127828,0.11764705882352941,Trocou '0' por 'O' | Trocou '0' por 'O',Apto_2023-04-27_11-18-07_2023-04-27_12-10-47
EasyOCR,Motor,cropped_979_2ac4a30e-0d4a-4d59-8922-0046e7feeec8.jpg.png,F1A057931,,1.0,Omitiu 'F' | Omitiu '1' | Omitiu 'A' | Omitiu '0' | Omitiu '5' | Omitiu '7' | Omitiu '9' | Omitiu '3' | Omitiu '1',Apto_2023-04-27_11-18-07_2023-04-27_12-10-47
PaddleOCR,Motor,cropped_979_2ac4a30e-0d4a-4d59-8922-0046e7feeec8.jpg.png,F1A057931,,1.0,Omitiu 'F' | Omitiu '1' | Omitiu 'A' | Omitiu '0' | Omitiu '5' | Omitiu '7' | Omitiu '9' | Omitiu '3' | Omitiu '1',Apto_2023-04-27_11-18-07_2023-04-27_12-10-47
Qwen_VL,Motor,cropped_979_2ac4a30e-0d4a-4d59-8922-0046e7feeec8.jpg.png,F1A057931,MAB7931,0.4444444444444444,Trocou 'F' por 'M' | Omitiu '1' | Trocou '0' por 'B' | Omitiu '5',Apto_2023-04-27_11-18-07_2023-04-27_12-10-47
EasyOCR,Chassi,cropped_986_2dbdff17-ce65-4e56-a243-f1f245ee63aa.jpg.png,9BG148MK0PC421454,1BCI4ZMK0PC421454,0.23529411764705882,Trocou '9' por '1' | Trocou 'G' por 'C' | Trocou '1' por 'I' | Trocou '8' por 'Z',Apto_2023-04-27_11-55-56_2023-04-27_12-44-06
PaddleOCR,Chassi,cropped_986_2dbdff17-ce65-4e56-a243-f1f245ee63aa.jpg.png,9BG148MK0PC421454,98G148MK0PC421457,0.11764705882352941,Trocou 'B' por '8' | Trocou '4' por '7',Apto_2023-04-27_11-55-56_2023-04-27_12-44-06
Qwen_VL,Chassi,cropped_986_2dbdff17-ce65-4e56-a243-f1f245ee63aa.jpg.png,9BG148MK0PC421454,9BG14ZMKOPC421454,0.11764705882352941,Trocou '8' por 'Z' | Trocou '0' por 'O',Apto_2023-04-27_11-55-56_2023-04-27_12-44-06
EasyOCR,Motor,cropped_986_4e62c985-c40e-4658-abce-5c968a82d780.jpg.png,LWNF222431101,43110,0.6153846153846154,Omitiu 'L' | Omitiu 'W' | Omitiu 'N' | Omitiu 'F' | Omitiu '2' | Omitiu '2' | Omitiu '2' | Omitiu '1',Apto_2023-04-27_11-55-56_2023-04-27_12-44-06
PaddleOCR,Motor,cropped_986_4e62c985-c40e-4658-abce-5c968a82d780.jpg.png,LWNF222431101,10,0.8461538461538461,Omitiu 'L' | Omitiu 'W' | Omitiu 'N' | Omitiu 'F' | Omitiu '2' | Omitiu '2' | Omitiu '2' | Omitiu '4' | Omitiu '3' | Omitiu '1' | Omitiu '1',Apto_2023-04-27_11-55-56_2023-04-27_12-44-06
Qwen_VL,Motor,cropped_986_4e62c985-c40e-4658-abce-5c968a82d780.jpg.png,LWNF222431101,F222431101,0.23076923076923078,Omitiu 'L' | Omitiu 'W' | Omitiu 'N',Apto_2023-04-27_11-55-56_2023-04-27_12-44-06
EasyOCR,Chassi,cropped_996_9610c11a-d6fc-4795-8912-fd6e44a3eadb.jpg.png,9BD341A8CJY487532,GVUSH54TALJY488753,0.6470588235294118,Inventou 'G' | Inventou 'V' | Trocou '9' por 'U' | Trocou 'B' por 'S' | Trocou 'D' por 'H' | Trocou '3' por '5' | Trocou '1' por 'T' | Trocou '8' por 'L' | Omitiu 'C' | Inventou '8' | Omitiu '2',Apto_2023-04-27_12-58-03_2023-04-27_13-23-37
PaddleOCR,Chassi,cropped_996_9610c11a-d6fc-4795-8912-fd6e44a3eadb.jpg.png,9BD341A8CJY487532,980341480JY487537,0.29411764705882354,Trocou 'B' por '8' | Trocou 'D' por '0' | Trocou 'A' por '4' | Trocou 'C' por '0' | Trocou '2' por '7',Apto_2023-04-27_12-58-03_2023-04-27_13-23-37
Qwen_VL,Chassi,cropped_996_9610c11a-d6fc-4795-8912-fd6e44a3eadb.jpg.png,9BD341A8CJY487532,9BD347A8CJY487537,0.11764705882352941,Trocou '1' por '7' | Trocou '2' por '7',Apto_2023-04-27_12-58-03_2023-04-27_13-23-37
EasyOCR,Motor,cropped_996_5b169268-d7fa-40b4-a75e-1d5c806373c3.jpg.png,552680237090514,,1.0,Omitiu '5' | Omitiu '5' | Omitiu '2' | Omitiu '6' | Omitiu '8' | Omitiu '0' | Omitiu '2' | Omitiu '3' | Omitiu '7' | Omitiu '0' | Omitiu '9' | Omitiu '0' | Omitiu '5' | Omitiu '1' | Omitiu '4',Apto_2023-04-27_12-58-03_2023-04-27_13-23-37
PaddleOCR,Motor,cropped_996_5b169268-d7fa-40b4-a75e-1d5c806373c3.jpg.png,552680237090514,,1.0,Omitiu '5' | Omitiu '5' | Omitiu '2' | Omitiu '6' | Omitiu '8' | Omitiu '0' | Omitiu '2' | Omitiu '3' | Omitiu '7' | Omitiu '0' | Omitiu '9' | Omitiu '0' | Omitiu '5' | Omitiu '1' | Omitiu '4',Apto_2023-04-27_12-58-03_2023-04-27_13-23-37
Qwen_VL,Motor,cropped_996_5b169268-d7fa-40b4-a75e-1d5c806373c3.jpg.png,552680237090514,213632,0.8666666666666667,Trocou '5' por '2' | Trocou '5' por '1' | Trocou '2' por '3' | Trocou '8' por '3' | Omitiu '0' | Omitiu '3' | Omitiu '7' | Omitiu '0' | Omitiu '9' | Omitiu '0' | Omitiu '5' | Omitiu '1' | Omitiu '4',Apto_2023-04-27_12-58-03_2023-04-27_13-23-37
EasyOCR,Chassi,cropped_1021_a6c51fce-4846-46f1-b436-e3b8f7346b66.jpg.png,9BM386043LB881079,9BM38604311388,0.4117647058823529,Inventou '1' | Trocou 'L' por '1' | Trocou 'B' por '3' | Omitiu '1' | Omitiu '0' | Omitiu '7' | Omitiu '9',Apto_2023-04-28_04-45-51_2023-04-28_06-16-28
PaddleOCR,Chassi,cropped_1021_a6c51fce-4846-46f1-b436-e3b8f7346b66.jpg.png,9BM386043LB881079,3860430884,0.5294117647058824,Omitiu '9' | Omitiu 'B' | Omitiu 'M' | Trocou 'L' por '0' | Omitiu 'B' | Trocou '1' por '4' | Omitiu '0' | Omitiu '7' | Omitiu '9',Apto_2023-04-28_04-45-51_2023-04-28_06-16-28
Qwen_VL,Chassi,cropped_1021_a6c51fce-4846-46f1-b436-e3b8f7346b66.jpg.png,9BM386043LB881079,9BM386043LB881070,0.058823529411764705,Trocou '9' por '0',Apto_2023-04-28_04-45-51_2023-04-28_06-16-28
EasyOCR,Motor,cropped_1021_c9c59f94-f286-44ed-89cc-fe6a89da4a59.jpg.png,37695510050012,OM366A376966210050012,0.6428571428571429,Inventou 'O' | Inventou 'M' | Inventou '6' | Inventou '6' | Inventou 'A' | Inventou '3' | Inventou '6' | Trocou '5' por '6' | Trocou '5' por '2',Apto_2023-04-28_04-45-51_2023-04-28_06-16-28
PaddleOCR,Motor,cropped_1021_c9c59f94-f286-44ed-89cc-fe6a89da4a59.jpg.png,37695510050012,OM36687696610050012,0.5,Inventou 'O' | Inventou 'M' | Inventou '6' | Inventou '6' | Inventou '8' | Trocou '5' por '6' | Trocou '5' por '6',Apto_2023-04-28_04-45-51_2023-04-28_06-16-28
Qwen_VL,Motor,cropped_1021_c9c59f94-f286-44ed-89cc-fe6a89da4a59.jpg.png,37695510050012,OM366A37695510050013,0.5,Inventou 'O' | Inventou 'M' | Inventou '6' | Inventou '6' | Inventou 'A' | Inventou '3' | Trocou '2' por '3',Apto_2023-04-28_04-45-51_2023-04-28_06-16-28
EasyOCR,Chassi,cropped_1057_0b8b1a28-c076-44f9-91cb-f87dc60ccfd8.jpg.png,9BD195162C0335136,920195162C0335136,0.11764705882352941,Trocou 'B' por '2' | Trocou 'D' por '0',Apto_2023-04-28_06-29-13_2023-05-04_11-16-56
PaddleOCR,Chassi,cropped_1057_0b8b1a28-c076-44f9-91cb-f87dc60ccfd8.jpg.png,9BD195162C0335136,930195162C0335136,0.11764705882352941,Trocou 'B' por '3' | Trocou 'D' por '0',Apto_2023-04-28_06-29-13_2023-05-04_11-16-56
EasyOCR,Motor,cropped_1057_e2031d19-8e5e-48c8-8f38-5c65b7780d55.jpg.png,310A10110835484,,1.0,Omitiu '3' | Omitiu '1' | Omitiu '0' | Omitiu 'A' | Omitiu '1' | Omitiu '0' | Omitiu '1' | Omitiu '1' | Omitiu '0' | Omitiu '8' | Omitiu '3' | Omitiu '5' | Omitiu '4' | Omitiu '8' | Omitiu '4',Apto_2023-04-28_06-29-13_2023-05-04_11-16-56
PaddleOCR,Motor,cropped_1057_e2031d19-8e5e-48c8-8f38-5c65b7780d55.jpg.png,310A10110835484,,1.0,Omitiu '3' | Omitiu '1' | Omitiu '0' | Omitiu 'A' | Omitiu '1' | Omitiu '0' | Omitiu '1' | Omitiu '1' | Omitiu '0' | Omitiu '8' | Omitiu '3' | Omitiu '5' | Omitiu '4' | Omitiu '8' | Omitiu '4',Apto_2023-04-28_06-29-13_2023-05-04_11-16-56
Qwen_VL,Motor,cropped_1057_e2031d19-8e5e-48c8-8f38-5c65b7780d55.jpg.png,310A10110835484,20230523,0.8,Trocou '3' por '2' | Omitiu '1' | Trocou 'A' por '2' | Trocou '1' por '3' | Trocou '1' por '5' | Trocou '1' por '2' | Omitiu '0' | Omitiu '8' | Omitiu '5' | Omitiu '4' | Omitiu '8' | Omitiu '4',Apto_2023-04-28_06-29-13_2023-05-04_11-16-56
EasyOCR,Chassi,cropped_1099_06ffe2f2-44b3-4251-96d5-2ac69a2cab0d.jpg.png,9BD341A5XKY581221,9E034145XKY581221,0.17647058823529413,Trocou 'B' por 'E' | Trocou 'D' por '0' | Trocou 'A' por '4',Apto_2023-04-28_09-52-53_2023-04-28_10-34-06
EasyOCR,Motor,cropped_1099_bb957116-766f-4edf-8cd9-7e66e2845c4a.jpg.png,552720663358420,84,0.8666666666666667,Omitiu '5' | Omitiu '5' | Omitiu '2' | Omitiu '7' | Omitiu '2' | Omitiu '0' | Omitiu '6' | Omitiu '6' | Omitiu '3' | Omitiu '3' | Omitiu '5' | Omitiu '2' | Omitiu '0',Apto_2023-04-28_09-52-53_2023-04-28_10-34-06
PaddleOCR,Motor,cropped_1099_bb957116-766f-4edf-8cd9-7e66e2845c4a.jpg.png,552720663358420,,1.0,Omitiu '5' | Omitiu '5' | Omitiu '2' | Omitiu '7' | Omitiu '2' | Omitiu '0' | Omitiu '6' | Omitiu '6' | Omitiu '3' | Omitiu '3' | Omitiu '5' | Omitiu '8' | Omitiu '4' | Omitiu '2' | Omitiu '0',Apto_2023-04-28_09-52-53_2023-04-28_10-34-06
Qwen_VL,Motor,cropped_1099_bb957116-766f-4edf-8cd9-7e66e2845c4a.jpg.png,552720663358420,2016,0.8,Omitiu '5' | Omitiu '5' | Omitiu '7' | Omitiu '2' | Trocou '6' por '1' | Omitiu '3' | Omitiu '3' | Omitiu '5' | Omitiu '8' | Omitiu '4' | Omitiu '2' | Omitiu '0',Apto_2023-04-28_09-52-53_2023-04-28_10-34-06
EasyOCR,Chassi,cropped_1111_56edaebd-b3e0-49a6-b4ed-a76e3059e500.jpg.png,8AJHA3CD9K2073177,8AJHARCDIK2073177,0.11764705882352941,Trocou '3' por 'R' | Trocou '9' por 'I',Apto_2023-04-28_10-35-38_2023-04-28_10-59-37
EasyOCR,Motor,cropped_1111_6e1ae0b3-c715-4a66-856c-5e3a45e28cd2.jpg.png,1GD4529771,TGDL5LSTT,0.7,Trocou '1' por 'T' | Trocou '4' por 'L' | Trocou '2' por 'L' | Trocou '9' por 'S' | Trocou '7' por 'T' | Trocou '7' por 'T' | Omitiu '1',Apto_2023-04-28_10-35-38_2023-04-28_10-59-37
PaddleOCR,Motor,cropped_1111_6e1ae0b3-c715-4a66-856c-5e3a45e28cd2.jpg.png,1GD4529771,,1.0,Omitiu '1' | Omitiu 'G' | Omitiu 'D' | Omitiu '4' | Omitiu '5' | Omitiu '2' | Omitiu '9' | Omitiu '7' | Omitiu '7' | Omitiu '1',Apto_2023-04-28_10-35-38_2023-04-28_10-59-37
Qwen_VL,Motor,cropped_1111_6e1ae0b3-c715-4a66-856c-5e3a45e28cd2.jpg.png,1GD4529771,12075075,0.7,Trocou 'G' por '2' | Trocou 'D' por '0' | Trocou '4' por '7' | Trocou '2' por '0' | Omitiu '9' | Trocou '7' por '5' | Omitiu '1',Apto_2023-04-28_10-35-38_2023-04-28_10-59-37
EasyOCR,Chassi,cropped_1116_5c4a4b01-bf5b-415e-8244-9be10cd71e96.jpg.png,93XHNK7407C628172,93XHNK7L07C628172,0.058823529411764705,Trocou '4' por 'L',Apto_2023-04-28_11-01-34_2023-04-28_12-18-56
Qwen_VL,Chassi,cropped_1116_5c4a4b01-bf5b-415e-8244-9be10cd71e96.jpg.png,93XHNK7407C628172,93XHNK7407G628172,0.058823529411764705,Trocou 'C' por 'G',Apto_2023-04-28_11-01-34_2023-04-28_12-18-56
EasyOCR,Motor,cropped_1116_6b8ef3de-aac8-437d-9f21-97c3fa448ffa.jpg.png,4D56CG5676,6,0.9,Omitiu '4' | Omitiu 'D' | Omitiu '5' | Omitiu '6' | Omitiu 'C' | Omitiu 'G' | Omitiu '5' | Omitiu '6' | Omitiu '7',Apto_2023-04-28_11-01-34_2023-04-28_12-18-56
PaddleOCR,Motor,cropped_1116_6b8ef3de-aac8-437d-9f21-97c3fa448ffa.jpg.png,4D56CG5676,,1.0,Omitiu '4' | Omitiu 'D' | Omitiu '5' | Omitiu '6' | Omitiu 'C' | Omitiu 'G' | Omitiu '5' | Omitiu '6' | Omitiu '7' | Omitiu '6',Apto_2023-04-28_11-01-34_2023-04-28_12-18-56
Qwen_VL,Motor,cropped_1116_6b8ef3de-aac8-437d-9f21-97c3fa448ffa.jpg.png,4D56CG5676,456716,0.6,Omitiu 'D' | Trocou 'C' por '7' | Trocou 'G' por '1' | Omitiu '5' | Omitiu '6' | Omitiu '7',Apto_2023-04-28_11-01-34_2023-04-28_12-18-56
EasyOCR,Chassi,cropped_1122_53600423-64c9-4856-87ef-f8e450661185.jpg.png,9BFYTNYT5YDB62466,9BTNY15Y0B52466,0.29411764705882354,Omitiu 'F' | Omitiu 'Y' | Trocou 'T' por '1' | Trocou 'D' por '0' | Trocou '6' por '5',Apto_2023-04-28_11-13-49_2023-04-28_12-53-10
PaddleOCR,Chassi,cropped_1122_53600423-64c9-4856-87ef-f8e450661185.jpg.png,9BFYTNYT5YDB62466,9B1YTNYT5YDB52466,0.11764705882352941,Trocou 'F' por '1' | Trocou '6' por '5',Apto_2023-04-28_11-13-49_2023-04-28_12-53-10
Qwen_VL,Chassi,cropped_1122_53600423-64c9-4856-87ef-f8e450661185.jpg.png,9BFYTNYT5YDB62466,9BYTNYT5YDB52466,0.11764705882352941,Omitiu 'F' | Trocou '6' por '5',Apto_2023-04-28_11-13-49_2023-04-28_12-53-10
EasyOCR,Chassi,cropped_1127_5f4291e1-da0d-4346-a5fd-8c19dfecc63d.jpg.png,9C2JC4830KR402409,CTOTRU3DKRUOZU,0.7647058823529411,Omitiu '9' | Trocou '2' por 'T' | Trocou 'J' por 'O' | Trocou 'C' por 'T' | Trocou '4' por 'R' | Trocou '8' por 'U' | Trocou '0' por 'D' | Trocou '4' por 'U' | Trocou '0' por 'O' | Trocou '2' por 'Z' | Trocou '4' por 'U' | Omitiu '0' | Omitiu '9',Apto_2023-04-28_11-38-29_2023-04-28_12-15-55
PaddleOCR,Chassi,cropped_1127_5f4291e1-da0d-4346-a5fd-8c19dfecc63d.jpg.png,9C2JC4830KR402409,2013,0.8823529411764706,Omitiu '9' | Omitiu 'C' | Trocou 'J' por '0' | Trocou 'C' por '1' | Omitiu '4' | Omitiu '8' | Omitiu '0' | Omitiu 'K' | Omitiu 'R' | Omitiu '4' | Omitiu '0' | Omitiu '2' | Omitiu '4' | Omitiu '0' | Omitiu '9',Apto_2023-04-28_11-38-29_2023-04-28_12-15-55
Qwen_VL,Chassi,cropped_1127_5f4291e1-da0d-4346-a5fd-8c19dfecc63d.jpg.png,9C2JC4830KR402409,20130930KR402470,0.5294117647058824,Trocou '9' por '2' | Trocou 'C' por '0' | Trocou '2' por '1' | Trocou 'J' por '3' | Trocou 'C' por '0' | Trocou '4' por '9' | Omitiu '8' | Inventou '7' | Omitiu '9',Apto_2023-04-28_11-38-29_2023-04-28_12-15-55
EasyOCR,Motor,cropped_1127_2e875024-e1f7-452b-808b-e442f5139bcf.jpg.png,JC48E3K402434,JCE3K402434,0.15384615384615385,Omitiu '4' | Omitiu '8',Apto_2023-04-28_11-38-29_2023-04-28_12-15-55
PaddleOCR,Motor,cropped_1127_2e875024-e1f7-452b-808b-e442f5139bcf.jpg.png,JC48E3K402434,JCI8E3K402434,0.07692307692307693,Trocou '4' por 'I',Apto_2023-04-28_11-38-29_2023-04-28_12-15-55
Qwen_VL,Motor,cropped_1127_2e875024-e1f7-452b-808b-e442f5139bcf.jpg.png,JC48E3K402434,JC48ESK402434,0.07692307692307693,Trocou '3' por 'S',Apto_2023-04-28_11-38-29_2023-04-28_12-15-55
EasyOCR,Chassi,cropped_1135_ada532f4-b5f9-4600-ac69-07844e5bb87b.jpg.png,9BWKB05U5BP192627,9BVKBO5U58R192627,0.23529411764705882,Trocou 'W' por 'V' | Trocou '0' por 'O' | Trocou 'B' por '8' | Trocou 'P' por 'R',Apto_2023-04-28_12-20-17_2023-04-28_12-57-20
PaddleOCR,Chassi,cropped_1135_ada532f4-b5f9-4600-ac69-07844e5bb87b.jpg.png,9BWKB05U5BP192627,98VR805U53P192627,0.29411764705882354,Trocou 'B' por '8' | Trocou 'W' por 'V' | Trocou 'K' por 'R' | Trocou 'B' por '8' | Trocou 'B' por '3',Apto_2023-04-28_12-20-17_2023-04-28_12-57-20
EasyOCR,Motor,cropped_1135_822e52be-c910-406e-90da-7c2aa4f14091.jpg.png,CCRL08099,GEN203,0.8888888888888888,Trocou 'C' por 'G' | Trocou 'C' por 'E' | Trocou 'R' por 'N' | Trocou 'L' por '2' | Trocou '8' por '3' | Omitiu '0' | Omitiu '9' | Omitiu '9',Apto_2023-04-28_12-20-17_2023-04-28_12-57-20
PaddleOCR,Motor,cropped_1135_822e52be-c910-406e-90da-7c2aa4f14091.jpg.png,CCRL08099,203,0.8888888888888888,Trocou 'C' por '2' | Omitiu 'C' | Omitiu 'R' | Omitiu 'L' | Trocou '8' por '3' | Omitiu '0' | Omitiu '9' | Omitiu '9',Apto_2023-04-28_12-20-17_2023-04-28_12-57-20
Qwen_VL,Motor,cropped_1135_822e52be-c910-406e-90da-7c2aa4f14091.jpg.png,CCRL08099,GARRETT203,1.0,Trocou 'C' por 'G' | Trocou 'C' por 'A' | Inventou 'R' | Inventou 'E' | Trocou 'L' por 'T' | Trocou '0' por 'T' | Trocou '8' por '2' | Trocou '9' por '3' | Omitiu '9',Apto_2023-04-28_12-20-17_2023-04-28_12-57-20
EasyOCR,Chassi,cropped_1141_df01303b-0cef-4f65-a9d6-550137eedbcc.jpg.png,9BD15804AD6848461,9804684LE,0.5882352941176471,Omitiu 'B' | Omitiu 'D' | Omitiu '1' | Omitiu '5' | Omitiu 'A' | Omitiu 'D' | Trocou '8' por 'L' | Trocou '4' por 'E' | Omitiu '6' | Omitiu '1',Apto_2023-04-28_13-19-48_2023-04-28_13-58-17
PaddleOCR,Chassi,cropped_1141_df01303b-0cef-4f65-a9d6-550137eedbcc.jpg.png,9BD15804AD6848461,,1.0,Omitiu '9' | Omitiu 'B' | Omitiu 'D' | Omitiu '1' | Omitiu '5' | Omitiu '8' | Omitiu '0' | Omitiu '4' | Omitiu 'A' | Omitiu 'D' | Omitiu '6' | Omitiu '8' | Omitiu '4' | Omitiu '8' | Omitiu '4' | Omitiu '6' | Omitiu '1',Apto_2023-04-28_13-19-48_2023-04-28_13-58-17
Qwen_VL,Chassi,cropped_1141_df01303b-0cef-4f65-a9d6-550137eedbcc.jpg.png,9BD15804AD6848461,1311504,0.7647058823529411,Trocou '9' por '1' | Trocou 'B' por '3' | Trocou 'D' por '1' | Omitiu '8' | Omitiu 'A' | Omitiu 'D' | Omitiu '6' | Omitiu '8' | Omitiu '4' | Omitiu '8' | Omitiu '4' | Omitiu '6' | Omitiu '1',Apto_2023-04-28_13-19-48_2023-04-28_13-58-17
EasyOCR,Motor,cropped_1141_ff764288-974f-40e9-8410-2e263559e0e7.jpg.png,146E10111564252,6EJ0L1,0.7333333333333333,Omitiu '1' | Omitiu '4' | Trocou '1' por 'J' | Trocou '1' por 'L' | Omitiu '1' | Omitiu '5' | Omitiu '6' | Omitiu '4' | Omitiu '2' | Omitiu '5' | Omitiu '2',Apto_2023-04-28_13-19-48_2023-04-28_13-58-17
PaddleOCR,Motor,cropped_1141_ff764288-974f-40e9-8410-2e263559e0e7.jpg.png,146E10111564252,,1.0,Omitiu '1' | Omitiu '4' | Omitiu '6' | Omitiu 'E' | Omitiu '1' | Omitiu '0' | Omitiu '1' | Omitiu '1' | Omitiu '1' | Omitiu '5' | Omitiu '6' | Omitiu '4' | Omitiu '2' | Omitiu '5' | Omitiu '2',Apto_2023-04-28_13-19-48_2023-04-28_13-58-17
Qwen_VL,Motor,cropped_1141_ff764288-974f-40e9-8410-2e263559e0e7.jpg.png,146E10111564252,1234567890,0.8,Trocou '4' por '2' | Trocou '6' por '3' | Trocou 'E' por '4' | Omitiu '1' | Omitiu '0' | Omitiu '1' | Omitiu '1' | Omitiu '1' | Trocou '4' por '7' | Trocou '2' por '8' | Trocou '5' por '9' | Trocou '2' por '0',Apto_2023-04-28_13-19-48_2023-04-28_13-58-17
EasyOCR,Chassi,cropped_1145_ebe73d63-8d37-4dcd-96d5-7f4161a82702.jpg.png,9BSR6X4A0Y3520961,9BSROXKAOY3520961,0.17647058823529413,Trocou '6' por 'O' | Trocou '4' por 'K' | Trocou '0' por 'O',Apto_2023-04-29_04-39-35_2023-05-03_03-17-02
PaddleOCR,Chassi,cropped_1145_ebe73d63-8d37-4dcd-96d5-7f4161a82702.jpg.png,9BSR6X4A0Y3520961,9BSR6X4A0209617,0.23529411764705882,Omitiu 'Y' | Omitiu '3' | Omitiu '5' | Inventou '7',Apto_2023-04-29_04-39-35_2023-05-03_03-17-02
Qwen_VL,Chassi,cropped_1145_ebe73d63-8d37-4dcd-96d5-7f4161a82702.jpg.png,9BSR6X4A0Y3520961,9BSR6X4A01YB20961,0.17647058823529413,Inventou '1' | Trocou '3' por 'B' | Omitiu '5',Apto_2023-04-29_04-39-35_2023-05-03_03-17-02
EasyOCR,Motor,cropped_1145_21c63886-eff9-4f14-bc0c-6ab8d195e443.jpg.png,8001173,,1.0,Omitiu '8' | Omitiu '0' | Omitiu '0' | Omitiu '1' | Omitiu '1' | Omitiu '7' | Omitiu '3',Apto_2023-04-29_04-39-35_2023-05-03_03-17-02
PaddleOCR,Motor,cropped_1145_21c63886-eff9-4f14-bc0c-6ab8d195e443.jpg.png,8001173,,1.0,Omitiu '8' | Omitiu '0' | Omitiu '0' | Omitiu '1' | Omitiu '1' | Omitiu '7' | Omitiu '3',Apto_2023-04-29_04-39-35_2023-05-03_03-17-02
Qwen_VL,Motor,cropped_1145_21c63886-eff9-4f14-bc0c-6ab8d195e443.jpg.png,8001173,3157,0.7142857142857143,Trocou '8' por '3' | Omitiu '0' | Omitiu '0' | Trocou '1' por '5' | Omitiu '3',Apto_2023-04-29_04-39-35_2023-05-03_03-17-02
EasyOCR,Chassi,cropped_1150_cdf5bf35-b5b3-4553-9056-00f5203ebe26.jpg.png,9BG148FH0DC416145,9BG14FHODC416145,0.11764705882352941,Omitiu '8' | Trocou '0' por 'O',Apto_2023-04-29_05-32-44_2023-04-29_06-13-23
Qwen_VL,Chassi,cropped_1150_cdf5bf35-b5b3-4553-9056-00f5203ebe26.jpg.png,9BG148FH0DC416145,9BG148FHODC416145,0.058823529411764705,Trocou '0' por 'O',Apto_2023-04-29_05-32-44_2023-04-29_06-13-23
EasyOCR,Chassi,cropped_1156_af95c277-6808-4c9a-a236-e8ceb91676bc.jpg.png,00302HI,0U3024KLWERR,1.1428571428571428,Trocou '0' por 'U' | Inventou '4' | Inventou 'K' | Inventou 'L' | Inventou 'W' | Inventou 'E' | Trocou 'H' por 'R' | Trocou 'I' por 'R',Apto_2023-04-29_06-14-50_2023-05-04_04-18-14
PaddleOCR,Chassi,cropped_1156_af95c277-6808-4c9a-a236-e8ceb91676bc.jpg.png,00302HI,CO5LWBRR,1.1428571428571428,Inventou 'C' | Trocou '0' por 'O' | Trocou '0' por '5' | Trocou '3' por 'L' | Trocou '0' por 'W' | Trocou '2' por 'B' | Trocou 'H' por 'R' | Trocou 'I' por 'R',Apto_2023-04-29_06-14-50_2023-05-04_04-18-14
Qwen_VL,Chassi,cropped_1156_af95c277-6808-4c9a-a236-e8ceb91676bc.jpg.png,00302HI,D0302HI035LWBRR,1.2857142857142858,Trocou '0' por 'D' | Inventou '0' | Inventou '3' | Inventou '5' | Inventou 'L' | Inventou 'W' | Inventou 'B' | Inventou 'R' | Inventou 'R',Apto_2023-04-29_06-14-50_2023-05-04_04-18-14
EasyOCR,Chassi,cropped_1157_e9dca605-bdb6-4b2d-8b16-82e3194ab61b.jpg.png,9BVN2B2A0RE641378,9BVNZBZAORE641378,0.17647058823529413,Trocou '2' por 'Z' | Trocou '2' por 'Z' | Trocou '0' por 'O',Apto_2023-04-29_06-40-06_2023-05-19_03-04-56
PaddleOCR,Chassi,cropped_1157_e9dca605-bdb6-4b2d-8b16-82e3194ab61b.jpg.png,9BVN2B2A0RE641378,VN2B2A0R0641578,0.23529411764705882,Omitiu '9' | Omitiu 'B' | Trocou 'E' por '0' | Trocou '3' por '5',Apto_2023-04-29_06-40-06_2023-05-19_03-04-56
Qwen_VL,Chassi,cropped_1157_e9dca605-bdb6-4b2d-8b16-82e3194ab61b.jpg.png,9BVN2B2A0RE641378,89BN2B2AORE641378,0.17647058823529413,Inventou '8' | Omitiu 'V' | Trocou '0' por 'O',Apto_2023-04-29_06-40-06_2023-05-19_03-04-56
EasyOCR,Motor,cropped_1157_aa816864-bc4a-4b5d-aaf7-57272e0d5374.jpg.png,TD102FS130835039,T0102F30835039,0.1875,Trocou 'D' por '0' | Omitiu 'S' | Omitiu '1',Apto_2023-04-29_06-40-06_2023-05-19_03-04-56
PaddleOCR,Motor,cropped_1157_aa816864-bc4a-4b5d-aaf7-57272e0d5374.jpg.png,TD102FS130835039,T0102FS3083503,0.1875,Trocou 'D' por '0' | Omitiu '1' | Omitiu '9',Apto_2023-04-29_06-40-06_2023-05-19_03-04-56
Qwen_VL,Motor,cropped_1157_aa816864-bc4a-4b5d-aaf7-57272e0d5374.jpg.png,TD102FS130835039,TB102FS30835039,0.125,Trocou 'D' por 'B' | Omitiu '1',Apto_2023-04-29_06-40-06_2023-05-19_03-04-56
EasyOCR,Chassi,cropped_1165_4c2e8ff8-1324-467a-8df4-2c9c6ee367c0.jpg.png,V021948,4021948,0.14285714285714285,Trocou 'V' por '4',Apto_2023-05-02_04-07-56_2023-05-02_13-16-06
PaddleOCR,Chassi,cropped_1165_4c2e8ff8-1324-467a-8df4-2c9c6ee367c0.jpg.png,V021948,1021348,0.2857142857142857,Trocou 'V' por '1' | Trocou '9' por '3',Apto_2023-05-02_04-07-56_2023-05-02_13-16-06
Qwen_VL,Chassi,cropped_1165_4c2e8ff8-1324-467a-8df4-2c9c6ee367c0.jpg.png,V021948,N021948,0.14285714285714285,Trocou 'V' por 'N',Apto_2023-05-02_04-07-56_2023-05-02_13-16-06
EasyOCR,Motor,cropped_1165_f8acb1e5-671b-4ba1-b07c-c214627462cc.jpg.png,02290499613MT1360200,5131T1360200,0.5,Trocou '0' por '5' | Omitiu '2' | Omitiu '2' | Omitiu '9' | Omitiu '0' | Omitiu '4' | Omitiu '9' | Omitiu '9' | Omitiu '6' | Trocou 'M' por '1',Apto_2023-05-02_04-07-56_2023-05-02_13-16-06
PaddleOCR,Motor,cropped_1165_f8acb1e5-671b-4ba1-b07c-c214627462cc.jpg.png,02290499613MT1360200,,1.0,Omitiu '0' | Omitiu '2' | Omitiu '2' | Omitiu '9' | Omitiu '0' | Omitiu '4' | Omitiu '9' | Omitiu '9' | Omitiu '6' | Omitiu '1' | Omitiu '3' | Omitiu 'M' | Omitiu 'T' | Omitiu '1' | Omitiu '3' | Omitiu '6' | Omitiu '0' | Omitiu '2' | Omitiu '0' | Omitiu '0',Apto_2023-05-02_04-07-56_2023-05-02_13-16-06
Qwen_VL,Motor,cropped_1165_f8acb1e5-671b-4ba1-b07c-c214627462cc.jpg.png,02290499613MT1360200,0250406134160200,0.35,Trocou '2' por '5' | Omitiu '9' | Trocou '9' por '0' | Omitiu '9' | Trocou 'M' por '4' | Omitiu 'T' | Omitiu '3',Apto_2023-05-02_04-07-56_2023-05-02_13-16-06
EasyOCR,Chassi,cropped_1244_30ef8155-609e-48dd-a11c-9599860bbdcd.jpg.png,9BWCA05X22P018807,9BWCA05X22P01880,0.058823529411764705,Omitiu '7',Apto_2023-05-02_09-16-14_2023-05-03_05-23-28
PaddleOCR,Chassi,cropped_1244_30ef8155-609e-48dd-a11c-9599860bbdcd.jpg.png,9BWCA05X22P018807,9BWCA05X22P01880,0.058823529411764705,Omitiu '7',Apto_2023-05-02_09-16-14_2023-05-03_05-23-28
Qwen_VL,Chassi,cropped_1244_30ef8155-609e-48dd-a11c-9599860bbdcd.jpg.png,9BWCA05X22P018807,9BWCA05X22PD188078,0.11764705882352941,Trocou '0' por 'D' | Inventou '8',Apto_2023-05-02_09-16-14_2023-05-03_05-23-28
EasyOCR,Motor,cropped_1244_7434fd61-db73-4533-b80f-4e3bc8a2f38c.jpg.png,AZP020167,,1.0,Omitiu 'A' | Omitiu 'Z' | Omitiu 'P' | Omitiu '0' | Omitiu '2' | Omitiu '0' | Omitiu '1' | Omitiu '6' | Omitiu '7',Apto_2023-05-02_09-16-14_2023-05-03_05-23-28
PaddleOCR,Motor,cropped_1244_7434fd61-db73-4533-b80f-4e3bc8a2f38c.jpg.png,AZP020167,,1.0,Omitiu 'A' | Omitiu 'Z' | Omitiu 'P' | Omitiu '0' | Omitiu '2' | Omitiu '0' | Omitiu '1' | Omitiu '6' | Omitiu '7',Apto_2023-05-02_09-16-14_2023-05-03_05-23-28
Qwen_VL,Motor,cropped_1244_7434fd61-db73-4533-b80f-4e3bc8a2f38c.jpg.png,AZP020167,A7P87B167,0.4444444444444444,Trocou 'Z' por '7' | Trocou '0' por '8' | Trocou '2' por '7' | Trocou '0' por 'B',Apto_2023-05-02_09-16-14_2023-05-03_05-23-28
EasyOCR,Chassi,cropped_1251_5a40590f-5018-49e1-931f-7458d70a26f6.jpg.png,9BGSC19Z02C105467,9BG5C19Z02C10546,0.11764705882352941,Trocou 'S' por '5' | Omitiu '7',Apto_2023-05-02_09-28-18_2023-05-02_11-06-16
PaddleOCR,Chassi,cropped_1251_5a40590f-5018-49e1-931f-7458d70a26f6.jpg.png,9BGSC19Z02C105467,9865C19202C105467,0.23529411764705882,Trocou 'B' por '8' | Trocou 'G' por '6' | Trocou 'S' por '5' | Trocou 'Z' por '2',Apto_2023-05-02_09-28-18_2023-05-02_11-06-16
Qwen_VL,Chassi,cropped_1251_5a40590f-5018-49e1-931f-7458d70a26f6.jpg.png,9BGSC19Z02C105467,9BCSC19Z02C105467,0.058823529411764705,Trocou 'G' por 'C',Apto_2023-05-02_09-28-18_2023-05-02_11-06-16
EasyOCR,Motor,cropped_1251_575be538-6491-4d84-8e8d-fb410c7dcab7.jpg.png,NL0069108,ML0069108,0.1111111111111111,Trocou 'N' por 'M',Apto_2023-05-02_09-28-18_2023-05-02_11-06-16
EasyOCR,Chassi,cropped_1265_d15598b5-a2ac-4504-9f4d-d37ddaeb9c28.jpg.png,9BWCA05YX2T142923,9BWCAOSYXZT1L2923,0.23529411764705882,Trocou '0' por 'O' | Trocou '5' por 'S' | Trocou '2' por 'Z' | Trocou '4' por 'L',Apto_2023-05-02_10-20-37_2023-05-02_11-20-14
Qwen_VL,Chassi,cropped_1265_d15598b5-a2ac-4504-9f4d-d37ddaeb9c28.jpg.png,9BWCA05YX2T142923,9BWCA05YX2TA42923,0.058823529411764705,Trocou '1' por 'A',Apto_2023-05-02_10-20-37_2023-05-02_11-20-14
EasyOCR,Motor,cropped_1265_b8a010f9-02bb-4667-8861-f3389cb4faab.jpg.png,AFZ726597,AFZ26M,0.4444444444444444,Omitiu '7' | Trocou '5' por 'M' | Omitiu '9' | Omitiu '7',Apto_2023-05-02_10-20-37_2023-05-02_11-20-14
PaddleOCR,Motor,cropped_1265_b8a010f9-02bb-4667-8861-f3389cb4faab.jpg.png,AFZ726597,726597,0.3333333333333333,Omitiu 'A' | Omitiu 'F' | Omitiu 'Z',Apto_2023-05-02_10-20-37_2023-05-02_11-20-14
EasyOCR,Chassi,cropped_1277_6f7ba8d9-c0fb-47df-a75f-de0d998ba485.jpg.png,8AP359A73MU168822,54P359473MI163822,0.29411764705882354,Trocou '8' por '5' | Trocou 'A' por '4' | Trocou 'A' por '4' | Trocou 'U' por 'I' | Trocou '8' por '3',Apto_2023-05-02_11-05-49_2023-05-02_12-27-57
PaddleOCR,Chassi,cropped_1277_6f7ba8d9-c0fb-47df-a75f-de0d998ba485.jpg.png,8AP359A73MU168822,SAP359A73MII168822,0.17647058823529413,Trocou '8' por 'S' | Inventou 'I' | Trocou 'U' por 'I',Apto_2023-05-02_11-05-49_2023-05-02_12-27-57
Qwen_VL,Chassi,cropped_1277_6f7ba8d9-c0fb-47df-a75f-de0d998ba485.jpg.png,8AP359A73MU168822,8AP359A73M1168822,0.058823529411764705,Trocou 'U' por '1',Apto_2023-05-02_11-05-49_2023-05-02_12-27-57
EasyOCR,Chassi,cropped_1300_7a906b4d-8145-4520-bbc7-86c8f6c67d3b.jpg.png,93XHNK340C221322,93XHNK37020221322,0.1875,Trocou '4' por '7' | Inventou '2' | Trocou 'C' por '0',Apto_2023-05-02_12-12-13_2023-05-02_12-48-48
PaddleOCR,Chassi,cropped_1300_7a906b4d-8145-4520-bbc7-86c8f6c67d3b.jpg.png,93XHNK340C221322,93XHNK3402C221322,0.0625,Inventou '2',Apto_2023-05-02_12-12-13_2023-05-02_12-48-48
Qwen_VL,Chassi,cropped_1300_7a906b4d-8145-4520-bbc7-86c8f6c67d3b.jpg.png,93XHNK340C221322,93XHNK34020221322,0.125,Inventou '2' | Trocou 'C' por '0',Apto_2023-05-02_12-12-13_2023-05-02_12-48-48
EasyOCR,Motor,cropped_1300_2d340fc0-3b7f-4056-9a7f-4ed78446b491.jpg.png,MT0003063,038386,0.6666666666666666,Omitiu 'M' | Omitiu 'T' | Trocou '0' por '3' | Trocou '0' por '8' | Trocou '0' por '8' | Omitiu '3',Apto_2023-05-02_12-12-13_2023-05-02_12-48-48
PaddleOCR,Motor,cropped_1300_2d340fc0-3b7f-4056-9a7f-4ed78446b491.jpg.png,MT0003063,MTOO03063,0.2222222222222222,Trocou '0' por 'O' | Trocou '0' por 'O',Apto_2023-05-02_12-12-13_2023-05-02_12-48-48
EasyOCR,Chassi,cropped_1306_81a4b3c0-35a7-4359-9279-ab4681558f62.jpg.png,9BD27804D97166897,9BD2I802097F5689,0.35294117647058826,Trocou '7' por 'I' | Trocou '4' por '2' | Trocou 'D' por '0' | Trocou '1' por 'F' | Trocou '6' por '5' | Omitiu '7',Apto_2023-05-02_12-35-04_2023-05-02_13-08-48
PaddleOCR,Chassi,cropped_1306_81a4b3c0-35a7-4359-9279-ab4681558f62.jpg.png,9BD27804D97166897,9802780409756997,0.35294117647058826,Trocou 'B' por '8' | Trocou 'D' por '0' | Trocou 'D' por '0' | Trocou '1' por '5' | Trocou '6' por '9' | Omitiu '8',Apto_2023-05-02_12-35-04_2023-05-02_13-08-48
Qwen_VL,Chassi,cropped_1306_81a4b3c0-35a7-4359-9279-ab4681558f62.jpg.png,9BD27804D97166897,9802780409716689,0.23529411764705882,Trocou 'B' por '8' | Trocou 'D' por '0' | Trocou 'D' por '0' | Omitiu '7',Apto_2023-05-02_12-35-04_2023-05-02_13-08-48
EasyOCR,Chassi,cropped_1413_0f9608a2-46e6-4bb6-9b90-186e9960a00f.jpg.png,9C2MC35007R047752,SOOTRU4,0.8823529411764706,Trocou '9' por 'S' | Trocou 'C' por 'O' | Trocou '2' por 'O' | Trocou 'M' por 'T' | Omitiu 'C' | Omitiu '3' | Omitiu '5' | Omitiu '0' | Omitiu '0' | Omitiu '7' | Trocou '0' por 'U' | Omitiu '7' | Omitiu '7' | Omitiu '5' | Omitiu '2',Apto_2023-05-03_09-46-19_2023-05-03_11-39-13
PaddleOCR,Chassi,cropped_1413_0f9608a2-46e6-4bb6-9b90-186e9960a00f.jpg.png,9C2MC35007R047752,,1.0,Omitiu '9' | Omitiu 'C' | Omitiu '2' | Omitiu 'M' | Omitiu 'C' | Omitiu '3' | Omitiu '5' | Omitiu '0' | Omitiu '0' | Omitiu '7' | Omitiu 'R' | Omitiu '0' | Omitiu '4' | Omitiu '7' | Omitiu '7' | Omitiu '5' | Omitiu '2',Apto_2023-05-03_09-46-19_2023-05-03_11-39-13
Qwen_VL,Chassi,cropped_1413_0f9608a2-46e6-4bb6-9b90-186e9960a00f.jpg.png,9C2MC35007R047752,YCSNCS507047755,0.4117647058823529,Trocou '9' por 'Y' | Trocou '2' por 'S' | Trocou 'M' por 'N' | Trocou '3' por 'S' | Omitiu '0' | Omitiu 'R' | Trocou '2' por '5',Apto_2023-05-03_09-46-19_2023-05-03_11-39-13
EasyOCR,Motor,cropped_1413_f7ed9f73-11ac-4643-8259-3c24a551b38c.jpg.png,MC35E7047752,HC35E7047762,0.16666666666666666,Trocou 'M' por 'H' | Trocou '5' por '6',Apto_2023-05-03_09-46-19_2023-05-03_11-39-13
PaddleOCR,Motor,cropped_1413_f7ed9f73-11ac-4643-8259-3c24a551b38c.jpg.png,MC35E7047752,MC35E1047752,0.08333333333333333,Trocou '7' por '1',Apto_2023-05-03_09-46-19_2023-05-03_11-39-13
Qwen_VL,Motor,cropped_1413_f7ed9f73-11ac-4643-8259-3c24a551b38c.jpg.png,MC35E7047752,HC35E7047752,0.08333333333333333,Trocou 'M' por 'H',Apto_2023-05-03_09-46-19_2023-05-03_11-39-13
PaddleOCR,Chassi,cropped_1438_78f2ac6c-6100-4226-b89a-30a1795698c3.jpg.png,93ZM2APH048700030,937M2APH048700030,0.058823529411764705,Trocou 'Z' por '7',Apto_2023-05-03_10-53-46_2023-05-03_12-00-38
EasyOCR,Motor,cropped_1438_bac138c7-e7ee-49cf-85b8-1231c994314c.jpg.png,821042KA3000834399,INT821042KA3000832303,0.3333333333333333,Inventou 'I' | Inventou 'N' | Inventou 'T' | Trocou '4' por '2' | Trocou '9' por '0' | Trocou '9' por '3',Apto_2023-05-03_10-53-46_2023-05-03_12-00-38
PaddleOCR,Motor,cropped_1438_bac138c7-e7ee-49cf-85b8-1231c994314c.jpg.png,821042KA3000834399,RI821042KA3000832303,0.2777777777777778,Inventou 'R' | Inventou 'I' | Trocou '4' por '2' | Trocou '9' por '0' | Trocou '9' por '3',Apto_2023-05-03_10-53-46_2023-05-03_12-00-38
Qwen_VL,Motor,cropped_1438_bac138c7-e7ee-49cf-85b8-1231c994314c.jpg.png,821042KA3000834399,821042K3000832303,0.2222222222222222,Omitiu 'A' | Trocou '4' por '2' | Trocou '9' por '0' | Trocou '9' por '3',Apto_2023-05-03_10-53-46_2023-05-03_12-00-38
EasyOCR,Chassi,cropped_1478_94d3d8f5-e774-4587-9e70-3fc334b145d5.jpg.png,943BAS08391003006,943B03083910030062009,0.35294117647058826,Trocou 'A' por '0' | Trocou 'S' por '3' | Inventou '2' | Inventou '0' | Inventou '0' | Inventou '9',Apto_2023-05-04_04-08-02_2023-05-04_09-45-25
PaddleOCR,Chassi,cropped_1478_94d3d8f5-e774-4587-9e70-3fc334b145d5.jpg.png,943BAS08391003006,14388803391001300693000,0.6470588235294118,Trocou '9' por '1' | Trocou 'B' por '8' | Trocou 'A' por '8' | Trocou 'S' por '8' | Trocou '8' por '3' | Inventou '1' | Inventou '9' | Inventou '3' | Inventou '0' | Inventou '0' | Inventou '0',Apto_2023-05-04_04-08-02_2023-05-04_09-45-25
Qwen_VL,Chassi,cropped_1478_94d3d8f5-e774-4587-9e70-3fc334b145d5.jpg.png,943BAS08391003006,943BA90E3910030062009,0.35294117647058826,Trocou 'S' por '9' | Trocou '8' por 'E' | Inventou '2' | Inventou '0' | Inventou '0' | Inventou '9',Apto_2023-05-04_04-08-02_2023-05-04_09-45-25
EasyOCR,Chassi,cropped_1479_d7c938cc-dd55-4b29-a3b9-bdf32d8748c7.jpg.png,9BSR4X2A073607142,PBSRLXZAO7360712,0.29411764705882354,Trocou '9' por 'P' | Trocou '4' por 'L' | Trocou '2' por 'Z' | Trocou '0' por 'O' | Omitiu '4',Apto_2023-05-04_04-12-12_2023-05-04_05-48-44
EasyOCR,Motor,cropped_1479_f5e80f1f-f09f-4e05-bcd8-3bb34fef7971.jpg.png,8088274,0,0.8571428571428571,Omitiu '8' | Omitiu '8' | Omitiu '8' | Omitiu '2' | Omitiu '7' | Omitiu '4',Apto_2023-05-04_04-12-12_2023-05-04_05-48-44
PaddleOCR,Motor,cropped_1479_f5e80f1f-f09f-4e05-bcd8-3bb34fef7971.jpg.png,8088274,,1.0,Omitiu '8' | Omitiu '0' | Omitiu '8' | Omitiu '8' | Omitiu '2' | Omitiu '7' | Omitiu '4',Apto_2023-05-04_04-12-12_2023-05-04_05-48-44
Qwen_VL,Motor,cropped_1479_f5e80f1f-f09f-4e05-bcd8-3bb34fef7971.jpg.png,8088274,502017,0.7142857142857143,Trocou '8' por '5' | Trocou '8' por '2' | Trocou '8' por '0' | Trocou '2' por '1' | Omitiu '4',Apto_2023-05-04_04-12-12_2023-05-04_05-48-44
EasyOCR,Chassi,cropped_1504_541ce99d-5524-41c9-8eaa-a049632c3dcd.jpg.png,8AJBA3CD8H1584206,SAJBA3CD8H1584206,0.058823529411764705,Trocou '8' por 'S',Apto_2023-05-04_05-21-55_2023-05-04_09-31-59
EasyOCR,Motor,cropped_1504_0b5f596f-2de0-449c-992b-b8171fabaf7e.jpg.png,1GD4187702,GD187702,0.2,Omitiu '1' | Omitiu '4',Apto_2023-05-04_05-21-55_2023-05-04_09-31-59
PaddleOCR,Motor,cropped_1504_0b5f596f-2de0-449c-992b-b8171fabaf7e.jpg.png,1GD4187702,GD701187,0.7,Omitiu '1' | Inventou '7' | Trocou '4' por '0' | Inventou '1' | Omitiu '7' | Omitiu '0' | Omitiu '2',Apto_2023-05-04_05-21-55_2023-05-04_09-31-59
PaddleOCR,Chassi,cropped_1549_18ef7d96-8514-4076-8659-26c51feb9b2b.jpg.png,9BWCB21J8Y4002938,98WCB2118Y4002938,0.11764705882352941,Trocou 'B' por '8' | Trocou 'J' por '1',Apto_2023-05-04_09-23-30_2023-05-04_12-55-46
Qwen_VL,Chassi,cropped_1549_18ef7d96-8514-4076-8659-26c51feb9b2b.jpg.png,9BWCB21J8Y4002938,9BWC82118Y4002938,0.11764705882352941,Trocou 'B' por '8' | Trocou 'J' por '1',Apto_2023-05-04_09-23-30_2023-05-04_12-55-46
PaddleOCR,Motor,cropped_1549_95c15247-b460-45a6-b63a-f3273490642a.jpg.png,APK002053,PK002053,0.1111111111111111,Omitiu 'A',Apto_2023-05-04_09-23-30_2023-05-04_12-55-46
EasyOCR,Chassi,cropped_1566_36edd723-1823-4646-b652-66f0e054ec65.jpg.png,9BVAN60C36E721597,98VANGOC36E721597,0.17647058823529413,Trocou 'B' por '8' | Trocou '6' por 'G' | Trocou '0' por 'O',Apto_2023-05-04_10-01-39_2023-05-04_12-24-47
PaddleOCR,Chassi,cropped_1566_36edd723-1823-4646-b652-66f0e054ec65.jpg.png,9BVAN60C36E721597,98VAN60C36E721597,0.058823529411764705,Trocou 'B' por '8',Apto_2023-05-04_10-01-39_2023-05-04_12-24-47
EasyOCR,Motor,cropped_1566_2e7c2656-a228-49ee-b075-71d42e5263c8.jpg.png,D12782043D1E,3XD1,0.8333333333333334,Trocou 'D' por '3' | Trocou '1' por 'X' | Omitiu '2' | Omitiu '7' | Omitiu '8' | Omitiu '2' | Omitiu '0' | Omitiu '4' | Omitiu '3' | Omitiu 'E',Apto_2023-05-04_10-01-39_2023-05-04_12-24-47
PaddleOCR,Motor,cropped_1566_2e7c2656-a228-49ee-b075-71d42e5263c8.jpg.png,D12782043D1E,,1.0,Omitiu 'D' | Omitiu '1' | Omitiu '2' | Omitiu '7' | Omitiu '8' | Omitiu '2' | Omitiu '0' | Omitiu '4' | Omitiu '3' | Omitiu 'D' | Omitiu '1' | Omitiu 'E',Apto_2023-05-04_10-01-39_2023-05-04_12-24-47
Qwen_VL,Motor,cropped_1566_2e7c2656-a228-49ee-b075-71d42e5263c8.jpg.png,D12782043D1E,01278204301,0.25,Trocou 'D' por '0' | Trocou 'D' por '0' | Omitiu 'E',Apto_2023-05-04_10-01-39_2023-05-04_12-24-47
EasyOCR,Chassi,cropped_1580_558a0223-7d12-40d3-81c8-bae7a0668b67.jpg.png,9BD15822786056652,80458220566,0.5294117647058824,Trocou '9' por '8' | Trocou 'B' por '0' | Trocou 'D' por '4' | Omitiu '1' | Omitiu '7' | Omitiu '8' | Omitiu '6' | Omitiu '5' | Omitiu '2',Apto_2023-05-04_10-54-12_2023-05-04_11-32-30
PaddleOCR,Chassi,cropped_1580_558a0223-7d12-40d3-81c8-bae7a0668b67.jpg.png,9BD15822786056652,,1.0,Omitiu '9' | Omitiu 'B' | Omitiu 'D' | Omitiu '1' | Omitiu '5' | Omitiu '8' | Omitiu '2' | Omitiu '2' | Omitiu '7' | Omitiu '8' | Omitiu '6' | Omitiu '0' | Omitiu '5' | Omitiu '6' | Omitiu '6' | Omitiu '5' | Omitiu '2',Apto_2023-05-04_10-54-12_2023-05-04_11-32-30
Qwen_VL,Chassi,cropped_1580_558a0223-7d12-40d3-81c8-bae7a0668b67.jpg.png,9BD15822786056652,98D1582286056652,0.11764705882352941,Trocou 'B' por '8' | Omitiu '7',Apto_2023-05-04_10-54-12_2023-05-04_11-32-30
EasyOCR,Motor,cropped_1580_ededd81c-6130-48aa-a14c-c825a3cae072.jpg.png,146E10117904711,CE6,0.9333333333333333,Trocou '1' por 'C' | Trocou '4' por 'E' | Omitiu 'E' | Omitiu '1' | Omitiu '0' | Omitiu '1' | Omitiu '1' | Omitiu '7' | Omitiu '9' | Omitiu '0' | Omitiu '4' | Omitiu '7' | Omitiu '1' | Omitiu '1',Apto_2023-05-04_10-54-12_2023-05-04_11-32-30
PaddleOCR,Motor,cropped_1580_ededd81c-6130-48aa-a14c-c825a3cae072.jpg.png,146E10117904711,,1.0,Omitiu '1' | Omitiu '4' | Omitiu '6' | Omitiu 'E' | Omitiu '1' | Omitiu '0' | Omitiu '1' | Omitiu '1' | Omitiu '7' | Omitiu '9' | Omitiu '0' | Omitiu '4' | Omitiu '7' | Omitiu '1' | Omitiu '1',Apto_2023-05-04_10-54-12_2023-05-04_11-32-30
Qwen_VL,Motor,cropped_1580_ededd81c-6130-48aa-a14c-c825a3cae072.jpg.png,146E10117904711,1234567890,0.8,Trocou '4' por '2' | Trocou '6' por '3' | Trocou 'E' por '4' | Trocou '1' por '5' | Trocou '0' por '6' | Trocou '1' por '7' | Trocou '1' por '8' | Omitiu '7' | Omitiu '4' | Omitiu '7' | Omitiu '1' | Omitiu '1',Apto_2023-05-04_10-54-12_2023-05-04_11-32-30
EasyOCR,Chassi,cropped_1595_389dd562-173a-4e7b-a345-e3fcedb19811.jpg.png,9BD15822564686126,9BIT682256ER,0.5882352941176471,Trocou 'D' por 'I' | Trocou '1' por 'T' | Trocou '5' por '6' | Trocou '4' por 'E' | Trocou '6' por 'R' | Omitiu '8' | Omitiu '6' | Omitiu '1' | Omitiu '2' | Omitiu '6',Apto_2023-05-04_11-35-51_2023-05-04_12-22-30
PaddleOCR,Chassi,cropped_1595_389dd562-173a-4e7b-a345-e3fcedb19811.jpg.png,9BD15822564686126,9801582256126REM,0.47058823529411764,Trocou 'B' por '8' | Trocou 'D' por '0' | Trocou '4' por '1' | Trocou '6' por '2' | Omitiu '8' | Trocou '1' por 'R' | Trocou '2' por 'E' | Trocou '6' por 'M',Apto_2023-05-04_11-35-51_2023-05-04_12-22-30
Qwen_VL,Chassi,cropped_1595_389dd562-173a-4e7b-a345-e3fcedb19811.jpg.png,9BD15822564686126,9B01582256438F128REM,0.4117647058823529,Trocou 'D' por '0' | Trocou '6' por '3' | Trocou '6' por 'F' | Inventou '8' | Inventou 'R' | Inventou 'E' | Trocou '6' por 'M',Apto_2023-05-04_11-35-51_2023-05-04_12-22-30
EasyOCR,Motor,cropped_1595_3bed34c0-27d3-4818-8bf7-f6fad31d83fb.jpg.png,178D90116382344,178D,0.7333333333333333,Omitiu '9' | Omitiu '0' | Omitiu '1' | Omitiu '1' | Omitiu '6' | Omitiu '3' | Omitiu '8' | Omitiu '2' | Omitiu '3' | Omitiu '4' | Omitiu '4',Apto_2023-05-04_11-35-51_2023-05-04_12-22-30
PaddleOCR,Motor,cropped_1595_3bed34c0-27d3-4818-8bf7-f6fad31d83fb.jpg.png,178D90116382344,,1.0,Omitiu '1' | Omitiu '7' | Omitiu '8' | Omitiu 'D' | Omitiu '9' | Omitiu '0' | Omitiu '1' | Omitiu '1' | Omitiu '6' | Omitiu '3' | Omitiu '8' | Omitiu '2' | Omitiu '3' | Omitiu '4' | Omitiu '4',Apto_2023-05-04_11-35-51_2023-05-04_12-22-30
Qwen_VL,Motor,cropped_1595_3bed34c0-27d3-4818-8bf7-f6fad31d83fb.jpg.png,178D90116382344,19091989,0.6666666666666666,Omitiu '7' | Omitiu '8' | Omitiu 'D' | Trocou '1' por '9' | Trocou '6' por '9' | Omitiu '3' | Trocou '2' por '9' | Omitiu '3' | Omitiu '4' | Omitiu '4',Apto_2023-05-04_11-35-51_2023-05-04_12-22-30
EasyOCR,Chassi,cropped_1607_6d53b9c7-81ab-4617-9d40-e9bd54232ee6.jpg.png,9BFZF55A0E8011583,9BFZF5540E8011583,0.058823529411764705,Trocou 'A' por '4',Apto_2023-05-04_12-46-52_2023-05-04_13-33-50
Qwen_VL,Chassi,cropped_1607_6d53b9c7-81ab-4617-9d40-e9bd54232ee6.jpg.png,9BFZF55A0E8011583,9DFZF55AQE8011583,0.11764705882352941,Trocou 'B' por 'D' | Trocou '0' por 'Q',Apto_2023-05-04_12-46-52_2023-05-04_13-33-50
EasyOCR,Motor,cropped_1607_7a245750-3fb9-4fc2-95db-670b3521a543.jpg.png,SM9AE8011583,SMI5830,0.6666666666666666,Trocou '9' por 'I' | Omitiu 'A' | Omitiu 'E' | Omitiu '8' | Omitiu '0' | Omitiu '1' | Omitiu '1' | Inventou '0',Apto_2023-05-04_12-46-52_2023-05-04_13-33-50
PaddleOCR,Motor,cropped_1607_7a245750-3fb9-4fc2-95db-670b3521a543.jpg.png,SM9AE8011583,SM9AE80115830,0.08333333333333333,Inventou '0',Apto_2023-05-04_12-46-52_2023-05-04_13-33-50
Qwen_VL,Motor,cropped_1607_7a245750-3fb9-4fc2-95db-670b3521a543.jpg.png,SM9AE8011583,SMD150115830,0.4166666666666667,Trocou '9' por 'D' | Trocou 'A' por '1' | Trocou 'E' por '5' | Omitiu '8' | Inventou '0',Apto_2023-05-04_12-46-52_2023-05-04_13-33-50
EasyOCR,Chassi,cropped_1644_5fefded0-8e2c-412a-a82e-91c4eb571952.jpg.png,9C2JC4830JR008198,PO09IS,0.9411764705882353,Trocou '9' por 'P' | Trocou 'C' por 'O' | Omitiu '2' | Omitiu 'J' | Omitiu 'C' | Omitiu '4' | Omitiu '8' | Omitiu '3' | Trocou 'J' por '9' | Trocou 'R' por 'I' | Trocou '0' por 'S' | Omitiu '0' | Omitiu '8' | Omitiu '1' | Omitiu '9' | Omitiu '8',Apto_2023-05-05_06-32-03_2023-05-05_07-14-50
PaddleOCR,Chassi,cropped_1644_5fefded0-8e2c-412a-a82e-91c4eb571952.jpg.png,9C2JC4830JR008198,,1.0,Omitiu '9' | Omitiu 'C' | Omitiu '2' | Omitiu 'J' | Omitiu 'C' | Omitiu '4' | Omitiu '8' | Omitiu '3' | Omitiu '0' | Omitiu 'J' | Omitiu 'R' | Omitiu '0' | Omitiu '0' | Omitiu '8' | Omitiu '1' | Omitiu '9' | Omitiu '8',Apto_2023-05-05_06-32-03_2023-05-05_07-14-50
Qwen_VL,Chassi,cropped_1644_5fefded0-8e2c-412a-a82e-91c4eb571952.jpg.png,9C2JC4830JR008198,3C10180190974,0.7647058823529411,Trocou '9' por '3' | Trocou '2' por '1' | Trocou 'J' por '0' | Trocou 'C' por '1' | Omitiu '4' | Omitiu '3' | Trocou 'J' por '1' | Trocou 'R' por '9' | Trocou '0' por '9' | Trocou '8' por '7' | Trocou '1' por '4' | Omitiu '9' | Omitiu '8',Apto_2023-05-05_06-32-03_2023-05-05_07-14-50
Qwen_VL,Motor,cropped_1644_857f25a6-c235-4e81-9332-264643b17208.jpg.png,JC48E3J007805,JC48E3007805,0.07692307692307693,Omitiu 'J',Apto_2023-05-05_06-32-03_2023-05-05_07-14-50
EasyOCR,Chassi,cropped_1674_197e391c-c81b-41fa-bf92-a4ee2c60b328.jpg.png,93XPNK7409C953655,93XPNK7L09C953652,0.11764705882352941,Trocou '4' por 'L' | Trocou '5' por '2',Apto_2023-05-05_09-36-17_2023-05-05_10-20-31
PaddleOCR,Chassi,cropped_1674_197e391c-c81b-41fa-bf92-a4ee2c60b328.jpg.png,93XPNK7409C953655,3XPNK7409C95365,0.11764705882352941,Omitiu '9' | Omitiu '5',Apto_2023-05-05_09-36-17_2023-05-05_10-20-31
EasyOCR,Motor,cropped_1674_838670e8-8633-454a-b1ec-5498c763fb0f.jpg.png,4D56CL8802,4056CLSS02,0.3,Trocou 'D' por '0' | Trocou '8' por 'S' | Trocou '8' por 'S',Apto_2023-05-05_09-36-17_2023-05-05_10-20-31
EasyOCR,Chassi,cropped_1686_db2d580e-efb0-4bc0-ac82-3026acd718a1.jpg.png,9BHGC813BJP042756,9BHGC8ISBJP042,0.29411764705882354,Trocou '1' por 'I' | Trocou '3' por 'S' | Omitiu '7' | Omitiu '5' | Omitiu '6',Apto_2023-05-05_10-12-44_2023-05-05_11-20-11
PaddleOCR,Chassi,cropped_1686_db2d580e-efb0-4bc0-ac82-3026acd718a1.jpg.png,9BHGC813BJP042756,9BHGC81381P04275,0.17647058823529413,Trocou 'B' por '8' | Trocou 'J' por '1' | Omitiu '6',Apto_2023-05-05_10-12-44_2023-05-05_11-20-11
Qwen_VL,Chassi,cropped_1686_db2d580e-efb0-4bc0-ac82-3026acd718a1.jpg.png,9BHGC813BJP042756,98HGB13E1PD42756,0.35294117647058826,Trocou 'B' por '8' | Trocou 'C' por 'B' | Omitiu '8' | Trocou 'B' por 'E' | Trocou 'J' por '1' | Trocou '0' por 'D',Apto_2023-05-05_10-12-44_2023-05-05_11-20-11
EasyOCR,Motor,cropped_1686_73464544-7905-4aa6-b34a-f3558706bdbb.jpg.png,F4NAHU634940,NAHU654940,0.25,Omitiu 'F' | Omitiu '4' | Trocou '3' por '5',Apto_2023-05-05_10-12-44_2023-05-05_11-20-11
PaddleOCR,Motor,cropped_1686_73464544-7905-4aa6-b34a-f3558706bdbb.jpg.png,F4NAHU634940,ANAHU634940,0.16666666666666666,Trocou 'F' por 'A' | Omitiu '4',Apto_2023-05-05_10-12-44_2023-05-05_11-20-11
Qwen_VL,Motor,cropped_1686_73464544-7905-4aa6-b34a-f3558706bdbb.jpg.png,F4NAHU634940,4NAH634940,0.16666666666666666,Omitiu 'F' | Omitiu 'U',Apto_2023-05-05_10-12-44_2023-05-05_11-20-11
EasyOCR,Chassi,cropped_1693_32bd07cb-5160-49ed-b322-6da0375c1160.jpg.png,98822616CLKC78283,93822815LKGEH82,0.5294117647058824,Trocou '8' por '3' | Trocou '6' por '8' | Trocou '6' por '5' | Omitiu 'C' | Inventou 'G' | Trocou 'C' por 'E' | Trocou '7' por 'H' | Omitiu '8' | Omitiu '3',Apto_2023-05-05_10-24-46_2023-05-08_09-04-55
PaddleOCR,Chassi,cropped_1693_32bd07cb-5160-49ed-b322-6da0375c1160.jpg.png,98822616CLKC78283,908226160878,0.47058823529411764,Trocou '8' por '0' | Trocou 'C' por '0' | Trocou 'L' por '8' | Omitiu 'K' | Omitiu 'C' | Omitiu '2' | Omitiu '8' | Omitiu '3',Apto_2023-05-05_10-24-46_2023-05-08_09-04-55
Qwen_VL,Chassi,cropped_1693_32bd07cb-5160-49ed-b322-6da0375c1160.jpg.png,98822616CLKC78283,98228160K078285,0.35294117647058826,Omitiu '8' | Trocou '6' por '8' | Trocou 'C' por '0' | Omitiu 'L' | Trocou 'C' por '0' | Trocou '3' por '5',Apto_2023-05-05_10-24-46_2023-05-08_09-04-55
EasyOCR,Chassi,cropped_1709_900d8f93-ee80-4814-b613-3e711b7cb845.jpg.png,9BVN2B5A0SE650748,EBWIZ5950650,0.7058823529411765,Trocou '9' por 'E' | Inventou 'W' | Trocou 'V' por 'I' | Trocou 'N' por 'Z' | Trocou '2' por '5' | Trocou 'B' por '9' | Omitiu 'A' | Omitiu 'S' | Omitiu 'E' | Omitiu '7' | Omitiu '4' | Omitiu '8',Apto_2023-05-05_11-33-29_2023-05-06_06-19-31
PaddleOCR,Chassi,cropped_1709_900d8f93-ee80-4814-b613-3e711b7cb845.jpg.png,9BVN2B5A0SE650748,,1.0,Omitiu '9' | Omitiu 'B' | Omitiu 'V' | Omitiu 'N' | Omitiu '2' | Omitiu 'B' | Omitiu '5' | Omitiu 'A' | Omitiu '0' | Omitiu 'S' | Omitiu 'E' | Omitiu '6' | Omitiu '5' | Omitiu '0' | Omitiu '7' | Omitiu '4' | Omitiu '8',Apto_2023-05-05_11-33-29_2023-05-06_06-19-31
Qwen_VL,Chassi,cropped_1709_900d8f93-ee80-4814-b613-3e711b7cb845.jpg.png,9BVN2B5A0SE650748,38WZD5A03E65074C,0.47058823529411764,Trocou '9' por '3' | Trocou 'B' por '8' | Trocou 'V' por 'W' | Trocou 'N' por 'Z' | Trocou '2' por 'D' | Omitiu 'B' | Trocou 'S' por '3' | Trocou '8' por 'C',Apto_2023-05-05_11-33-29_2023-05-06_06-19-31
EasyOCR,Motor,cropped_1709_904fae79-b7ee-485d-acfe-2eb89c6cc321.jpg.png,TD122F135746668,10122X1357668,0.3333333333333333,Trocou 'T' por '1' | Trocou 'D' por '0' | Trocou 'F' por 'X' | Omitiu '4' | Omitiu '6',Apto_2023-05-05_11-33-29_2023-05-06_06-19-31
PaddleOCR,Motor,cropped_1709_904fae79-b7ee-485d-acfe-2eb89c6cc321.jpg.png,TD122F135746668,135740668,0.4666666666666667,Omitiu 'T' | Omitiu 'D' | Omitiu '2' | Omitiu '2' | Omitiu 'F' | Omitiu '1' | Trocou '6' por '0',Apto_2023-05-05_11-33-29_2023-05-06_06-19-31
Qwen_VL,Motor,cropped_1709_904fae79-b7ee-485d-acfe-2eb89c6cc321.jpg.png,TD122F135746668,101221135746668,0.2,Trocou 'T' por '1' | Trocou 'D' por '0' | Trocou 'F' por '1',Apto_2023-05-05_11-33-29_2023-05-06_06-19-31
EasyOCR,Chassi,cropped_1711_c4747681-e398-4ce3-8a67-ce904a2a573b.jpg.png,9BRBD3HE4K0410150,OBRBDSHE4NO410150,0.23529411764705882,Trocou '9' por 'O' | Trocou '3' por 'S' | Trocou 'K' por 'N' | Trocou '0' por 'O',Apto_2023-05-05_11-43-39_2023-05-05_12-17-35
PaddleOCR,Chassi,cropped_1711_c4747681-e398-4ce3-8a67-ce904a2a573b.jpg.png,9BRBD3HE4K0410150,2BRBD3HE4K0410150,0.058823529411764705,Trocou '9' por '2',Apto_2023-05-05_11-43-39_2023-05-05_12-17-35
EasyOCR,Motor,cropped_1711_6b95fbb9-0c5e-45d4-8c6b-4535ed71d4c5.jpg.png,M588024,PZR588024,0.42857142857142855,Inventou 'P' | Inventou 'Z' | Trocou 'M' por 'R',Apto_2023-05-05_11-43-39_2023-05-05_12-17-35
Qwen_VL,Motor,cropped_1711_6b95fbb9-0c5e-45d4-8c6b-4535ed71d4c5.jpg.png,M588024,ZRM588024,0.2857142857142857,Inventou 'Z' | Inventou 'R',Apto_2023-05-05_11-43-39_2023-05-05_12-17-35
EasyOCR,Chassi,cropped_1751_0220cbb5-a73b-4f22-8a1e-24906fbafb4a.jpg.png,9BVAS02D0BE780774,9BVASO2DOBE78077420,0.23529411764705882,Trocou '0' por 'O' | Trocou '0' por 'O' | Inventou '2' | Inventou '0',Apto_2023-05-06_06-22-54_2023-05-08_03-05-57
PaddleOCR,Chassi,cropped_1751_0220cbb5-a73b-4f22-8a1e-24906fbafb4a.jpg.png,9BVAS02D0BE780774,9BVAS02D08E78077420,0.17647058823529413,Trocou 'B' por '8' | Inventou '2' | Inventou '0',Apto_2023-05-06_06-22-54_2023-05-08_03-05-57
Qwen_VL,Chassi,cropped_1751_0220cbb5-a73b-4f22-8a1e-24906fbafb4a.jpg.png,9BVAS02D0BE780774,9BVAS02D0BE7807742011,0.23529411764705882,Inventou '2' | Inventou '0' | Inventou '1' | Inventou '1',Apto_2023-05-06_06-22-54_2023-05-08_03-05-57
EasyOCR,Motor,cropped_1751_4fa347ed-6682-457a-bb28-388554afd8dc.jpg.png,D13848413A1E,0138484,0.5,Trocou 'D' por '0' | Omitiu '1' | Omitiu '3' | Omitiu 'A' | Omitiu '1' | Omitiu 'E',Apto_2023-05-06_06-22-54_2023-05-08_03-05-57
PaddleOCR,Motor,cropped_1751_4fa347ed-6682-457a-bb28-388554afd8dc.jpg.png,D13848413A1E,D138604,0.5833333333333334,Trocou '4' por '6' | Trocou '8' por '0' | Omitiu '1' | Omitiu '3' | Omitiu 'A' | Omitiu '1' | Omitiu 'E',Apto_2023-05-06_06-22-54_2023-05-08_03-05-57
Qwen_VL,Motor,cropped_1751_4fa347ed-6682-457a-bb28-388554afd8dc.jpg.png,D13848413A1E,013848413,0.3333333333333333,Trocou 'D' por '0' | Omitiu 'A' | Omitiu '1' | Omitiu 'E',Apto_2023-05-06_06-22-54_2023-05-08_03-05-57
EasyOCR,Chassi,cropped_1832_4fcc18c1-716c-4a9f-a4ba-ccbfde985cbc.jpg.png,9BG148MH0DC498012,9BG14XMHODG498012,0.17647058823529413,Trocou '8' por 'X' | Trocou '0' por 'O' | Trocou 'C' por 'G',Apto_2023-05-08_09-11-31_2023-05-08_09-51-14
PaddleOCR,Chassi,cropped_1832_4fcc18c1-716c-4a9f-a4ba-ccbfde985cbc.jpg.png,9BG148MH0DC498012,93G148MH0DC498012,0.058823529411764705,Trocou 'B' por '3',Apto_2023-05-08_09-11-31_2023-05-08_09-51-14
Qwen_VL,Chassi,cropped_1832_4fcc18c1-716c-4a9f-a4ba-ccbfde985cbc.jpg.png,9BG148MH0DC498012,9BG148MHODG498012,0.11764705882352941,Trocou '0' por 'O' | Trocou 'C' por 'G',Apto_2023-05-08_09-11-31_2023-05-08_09-51-14
EasyOCR,Motor,cropped_1832_527d35db-5a54-47d4-bc02-9be8943e7bf6.jpg.png,V1A062595,VJAD62525,0.3333333333333333,Trocou '1' por 'J' | Trocou '0' por 'D' | Trocou '9' por '2',Apto_2023-05-08_09-11-31_2023-05-08_09-51-14
PaddleOCR,Motor,cropped_1832_527d35db-5a54-47d4-bc02-9be8943e7bf6.jpg.png,V1A062595,V1A062599,0.1111111111111111,Trocou '5' por '9',Apto_2023-05-08_09-11-31_2023-05-08_09-51-14
Qwen_VL,Motor,cropped_1832_527d35db-5a54-47d4-bc02-9be8943e7bf6.jpg.png,V1A062595,VJAD621449,0.6666666666666666,Trocou '1' por 'J' | Trocou '0' por 'D' | Inventou '1' | Inventou '4' | Trocou '5' por '4' | Omitiu '5',Apto_2023-05-08_09-11-31_2023-05-08_09-51-14
EasyOCR,Chassi,cropped_1845_e22133ef-ff2c-4b21-b8c1-90b061d84329.jpg.png,93HFA66407Z207312,431414664077207312,0.35294117647058826,Trocou '9' por '4' | Inventou '1' | Trocou 'H' por '4' | Trocou 'F' por '1' | Trocou 'A' por '4' | Trocou 'Z' por '7',Apto_2023-05-08_09-45-06_2023-05-08_12-49-39
PaddleOCR,Chassi,cropped_1845_e22133ef-ff2c-4b21-b8c1-90b061d84329.jpg.png,93HFA66407Z207312,931FA66407Z207312,0.058823529411764705,Trocou 'H' por '1',Apto_2023-05-08_09-45-06_2023-05-08_12-49-39
Qwen_VL,Chassi,cropped_1845_e22133ef-ff2c-4b21-b8c1-90b061d84329.jpg.png,93HFA66407Z207312,93HFA66407207312,0.058823529411764705,Omitiu 'Z',Apto_2023-05-08_09-45-06_2023-05-08_12-49-39
EasyOCR,Motor,cropped_1845_9734b071-2b4a-4704-ad90-6a59cc884bba.jpg.png,R18A67Z207304,R8A672207804,0.23076923076923078,Omitiu '1' | Trocou 'Z' por '2' | Trocou '3' por '8',Apto_2023-05-08_09-45-06_2023-05-08_12-49-39
PaddleOCR,Motor,cropped_1845_9734b071-2b4a-4704-ad90-6a59cc884bba.jpg.png,R18A67Z207304,R18A677207304,0.07692307692307693,Trocou 'Z' por '7',Apto_2023-05-08_09-45-06_2023-05-08_12-49-39
Qwen_VL,Motor,cropped_1845_9734b071-2b4a-4704-ad90-6a59cc884bba.jpg.png,R18A67Z207304,R18A6ZZ207304,0.07692307692307693,Trocou '7' por 'Z',Apto_2023-05-08_09-45-06_2023-05-08_12-49-39
EasyOCR,Chassi,cropped_1871_4aef7223-0f6a-44b1-b65d-0410cd51f8b7.jpg.png,9BG138BC04C403969,9B61385004C403969,0.17647058823529413,Trocou 'G' por '6' | Trocou 'B' por '5' | Trocou 'C' por '0',Apto_2023-05-08_11-19-43_2023-05-08_12-10-48
PaddleOCR,Chassi,cropped_1871_4aef7223-0f6a-44b1-b65d-0410cd51f8b7.jpg.png,9BG138BC04C403969,93G1385C04C403969,0.11764705882352941,Trocou 'B' por '3' | Trocou 'B' por '5',Apto_2023-05-08_11-19-43_2023-05-08_12-10-48
EasyOCR,Motor,cropped_1871_46649915-ccca-476e-bbd3-27b354a700b0.jpg.png,40704141418,L0Y04114,0.45454545454545453,Trocou '4' por 'L' | Trocou '7' por 'Y' | Omitiu '4' | Omitiu '1' | Omitiu '8',Apto_2023-05-08_11-19-43_2023-05-08_12-10-48
PaddleOCR,Motor,cropped_1871_46649915-ccca-476e-bbd3-27b354a700b0.jpg.png,40704141418,,1.0,Omitiu '4' | Omitiu '0' | Omitiu '7' | Omitiu '0' | Omitiu '4' | Omitiu '1' | Omitiu '4' | Omitiu '1' | Omitiu '4' | Omitiu '1' | Omitiu '8',Apto_2023-05-08_11-19-43_2023-05-08_12-10-48
EasyOCR,Chassi,cropped_1883_6469616d-e166-4e91-8e6d-d5d392293ca0.jpg.png,9BFYEALEXDBL44999,91Z6YEALEXQPL44UOY,0.47058823529411764,Inventou '1' | Trocou 'B' por 'Z' | Trocou 'F' por '6' | Trocou 'D' por 'Q' | Trocou 'B' por 'P' | Trocou '9' por 'U' | Trocou '9' por 'O' | Trocou '9' por 'Y',Apto_2023-05-08_11-50-09_2023-05-09_11-30-41
PaddleOCR,Chassi,cropped_1883_6469616d-e166-4e91-8e6d-d5d392293ca0.jpg.png,9BFYEALEXDBL44999,ORFYEALEXDRLA499,0.29411764705882354,Trocou '9' por 'O' | Trocou 'B' por 'R' | Trocou 'B' por 'R' | Trocou '4' por 'A' | Omitiu '9',Apto_2023-05-08_11-50-09_2023-05-09_11-30-41
Qwen_VL,Chassi,cropped_1883_6469616d-e166-4e91-8e6d-d5d392293ca0.jpg.png,9BFYEALEXDBL44999,981YEAIEXPL44999,0.29411764705882354,Trocou 'B' por '8' | Trocou 'F' por '1' | Trocou 'L' por 'I' | Trocou 'D' por 'P' | Omitiu 'B',Apto_2023-05-08_11-50-09_2023-05-09_11-30-41
EasyOCR,Motor,cropped_1883_fda0eed0-78a5-4d10-b3e8-65e428940b1c.jpg.png,36442596,36442596UMMINS0613BR,1.5,Inventou 'U' | Inventou 'M' | Inventou 'M' | Inventou 'I' | Inventou 'N' | Inventou 'S' | Inventou '0' | Inventou '6' | Inventou '1' | Inventou '3' | Inventou 'B' | Inventou 'R',Apto_2023-05-08_11-50-09_2023-05-09_11-30-41
PaddleOCR,Motor,cropped_1883_fda0eed0-78a5-4d10-b3e8-65e428940b1c.jpg.png,36442596,MINS061335,1.25,Inventou 'M' | Inventou 'I' | Inventou 'N' | Inventou 'S' | Trocou '3' por '0' | Trocou '4' por '1' | Trocou '4' por '3' | Trocou '2' por '3' | Omitiu '9' | Omitiu '6',Apto_2023-05-08_11-50-09_2023-05-09_11-30-41
Qwen_VL,Motor,cropped_1883_fda0eed0-78a5-4d10-b3e8-65e428940b1c.jpg.png,36442596,364425960613BR,0.75,Inventou '0' | Inventou '6' | Inventou '1' | Inventou '3' | Inventou 'B' | Inventou 'R',Apto_2023-05-08_11-50-09_2023-05-09_11-30-41
EasyOCR,Chassi,cropped_1894_1a657964-e261-4474-9cd9-04c76aad8df1.jpg.png,9BD15844AA6393416,,1.0,Omitiu '9' | Omitiu 'B' | Omitiu 'D' | Omitiu '1' | Omitiu '5' | Omitiu '8' | Omitiu '4' | Omitiu '4' | Omitiu 'A' | Omitiu 'A' | Omitiu '6' | Omitiu '3' | Omitiu '9' | Omitiu '3' | Omitiu '4' | Omitiu '1' | Omitiu '6',Apto_2023-05-08_12-17-18_2023-05-09_03-22-07
PaddleOCR,Chassi,cropped_1894_1a657964-e261-4474-9cd9-04c76aad8df1.jpg.png,9BD15844AA6393416,,1.0,Omitiu '9' | Omitiu 'B' | Omitiu 'D' | Omitiu '1' | Omitiu '5' | Omitiu '8' | Omitiu '4' | Omitiu '4' | Omitiu 'A' | Omitiu 'A' | Omitiu '6' | Omitiu '3' | Omitiu '9' | Omitiu '3' | Omitiu '4' | Omitiu '1' | Omitiu '6',Apto_2023-05-08_12-17-18_2023-05-09_03-22-07
Qwen_VL,Chassi,cropped_1894_1a657964-e261-4474-9cd9-04c76aad8df1.jpg.png,9BD15844AA6393416,1234567890,0.8235294117647058,Omitiu '9' | Omitiu 'B' | Omitiu 'D' | Trocou '5' por '2' | Trocou '8' por '3' | Trocou '4' por '5' | Trocou 'A' por '6' | Trocou 'A' por '7' | Trocou '6' por '8' | Omitiu '3' | Trocou '3' por '0' | Omitiu '4' | Omitiu '1' | Omitiu '6',Apto_2023-05-08_12-17-18_2023-05-09_03-22-07
EasyOCR,Motor,cropped_1894_91b9b103-c0ec-4011-8c36-57426917f847.jpg.png,146E10119238140,,1.0,Omitiu '1' | Omitiu '4' | Omitiu '6' | Omitiu 'E' | Omitiu '1' | Omitiu '0' | Omitiu '1' | Omitiu '1' | Omitiu '9' | Omitiu '2' | Omitiu '3' | Omitiu '8' | Omitiu '1' | Omitiu '4' | Omitiu '0',Apto_2023-05-08_12-17-18_2023-05-09_03-22-07
PaddleOCR,Motor,cropped_1894_91b9b103-c0ec-4011-8c36-57426917f847.jpg.png,146E10119238140,,1.0,Omitiu '1' | Omitiu '4' | Omitiu '6' | Omitiu 'E' | Omitiu '1' | Omitiu '0' | Omitiu '1' | Omitiu '1' | Omitiu '9' | Omitiu '2' | Omitiu '3' | Omitiu '8' | Omitiu '1' | Omitiu '4' | Omitiu '0',Apto_2023-05-08_12-17-18_2023-05-09_03-22-07
Qwen_VL,Motor,cropped_1894_91b9b103-c0ec-4011-8c36-57426917f847.jpg.png,146E10119238140,2014,0.8,Trocou '1' por '2' | Omitiu '4' | Omitiu '6' | Omitiu 'E' | Omitiu '1' | Omitiu '1' | Omitiu '9' | Omitiu '2' | Omitiu '3' | Omitiu '8' | Omitiu '1' | Omitiu '0',Apto_2023-05-08_12-17-18_2023-05-09_03-22-07
EasyOCR,Chassi,cropped_1907_ae425c0c-1406-420a-89a7-18a97a86185a.jpg.png,9BWZZZ30ZSP02348,9BWZZ730ZSP023748,0.125,Trocou 'Z' por '7' | Inventou '7',Apto_2023-05-08_13-06-27_2023-05-08_14-03-38
PaddleOCR,Chassi,cropped_1907_ae425c0c-1406-420a-89a7-18a97a86185a.jpg.png,9BWZZZ30ZSP02348,98WZZ730ZSP023248,0.1875,Trocou 'B' por '8' | Trocou 'Z' por '7' | Inventou '2',Apto_2023-05-08_13-06-27_2023-05-08_14-03-38
Qwen_VL,Chassi,cropped_1907_ae425c0c-1406-420a-89a7-18a97a86185a.jpg.png,9BWZZZ30ZSP02348,9BWZZ30ZSP023248,0.125,Omitiu 'Z' | Inventou '2',Apto_2023-05-08_13-06-27_2023-05-08_14-03-38
EasyOCR,Motor,cropped_1907_4bf16125-fa1b-4679-881c-4527b371fb4f.jpg.png,1876180,1876,0.42857142857142855,Omitiu '1' | Omitiu '8' | Omitiu '0',Apto_2023-05-08_13-06-27_2023-05-08_14-03-38
PaddleOCR,Motor,cropped_1907_4bf16125-fa1b-4679-881c-4527b371fb4f.jpg.png,1876180,,1.0,Omitiu '1' | Omitiu '8' | Omitiu '7' | Omitiu '6' | Omitiu '1' | Omitiu '8' | Omitiu '0',Apto_2023-05-08_13-06-27_2023-05-08_14-03-38
PaddleOCR,Chassi,cropped_1910_f663ff2b-893b-44da-8ec2-168c919c87ae.jpg.png,8AJFR22G3B4549532,3AJER22G3B4549532,0.11764705882352941,Trocou '8' por '3' | Trocou 'F' por 'E',Apto_2023-05-08_13-36-26_2023-05-09_10-01-33
EasyOCR,Motor,cropped_1910_cd12d529-5cd1-40db-9e22-fbea2aab3e62.jpg.png,2KD5275004,5275,0.6,Omitiu '2' | Omitiu 'K' | Omitiu 'D' | Omitiu '0' | Omitiu '0' | Omitiu '4',Apto_2023-05-08_13-36-26_2023-05-09_10-01-33
PaddleOCR,Motor,cropped_1910_cd12d529-5cd1-40db-9e22-fbea2aab3e62.jpg.png,2KD5275004,527590,0.5,Omitiu '2' | Omitiu 'K' | Omitiu 'D' | Trocou '0' por '9' | Omitiu '4',Apto_2023-05-08_13-36-26_2023-05-09_10-01-33
EasyOCR,Chassi,cropped_1912_6ad32fce-822a-4ece-8160-d623af40c7fe.jpg.png,LA7GRS61352,LAZGRS61352,0.09090909090909091,Trocou '7' por 'Z',Apto_2023-05-09_03-27-20_2023-05-09_10-20-28
PaddleOCR,Chassi,cropped_1912_6ad32fce-822a-4ece-8160-d623af40c7fe.jpg.png,LA7GRS61352,LA7GRS6135,0.09090909090909091,Omitiu '2',Apto_2023-05-09_03-27-20_2023-05-09_10-20-28
EasyOCR,Motor,cropped_1912_17aeaf24-071d-4019-8579-f429d9a9a038.jpg.png,02260461095,46,0.8181818181818182,Omitiu '0' | Omitiu '2' | Omitiu '2' | Omitiu '6' | Omitiu '0' | Omitiu '1' | Omitiu '0' | Omitiu '9' | Omitiu '5',Apto_2023-05-09_03-27-20_2023-05-09_10-20-28
PaddleOCR,Motor,cropped_1912_17aeaf24-071d-4019-8579-f429d9a9a038.jpg.png,02260461095,0461095,0.36363636363636365,Omitiu '2' | Omitiu '2' | Omitiu '6' | Omitiu '0',Apto_2023-05-09_03-27-20_2023-05-09_10-20-28
EasyOCR,Chassi,cropped_1913_2f357170-5194-4430-8c93-7e1baf630e68.jpg.png,JA32L434SSPP03964,4LJ2LA3SSFFUSS6Z,0.6470588235294118,Trocou 'J' por '4' | Trocou 'A' por 'L' | Trocou '3' por 'J' | Trocou '4' por 'A' | Omitiu '4' | Trocou 'P' por 'F' | Trocou 'P' por 'F' | Trocou '0' por 'U' | Trocou '3' por 'S' | Trocou '9' por 'S' | Trocou '4' por 'Z',Apto_2023-05-09_03-33-09_2023-05-09_10-23-31
PaddleOCR,Chassi,cropped_1913_2f357170-5194-4430-8c93-7e1baf630e68.jpg.png,JA32L434SSPP03964,32L43499PP03964,0.23529411764705882,Omitiu 'J' | Omitiu 'A' | Trocou 'S' por '9' | Trocou 'S' por '9',Apto_2023-05-09_03-33-09_2023-05-09_10-23-31
Qwen_VL,Chassi,cropped_1913_2f357170-5194-4430-8c93-7e1baf630e68.jpg.png,JA32L434SSPP03964,JL32L43SSPRU964,0.29411764705882354,Trocou 'A' por 'L' | Omitiu '4' | Trocou 'P' por 'R' | Trocou '0' por 'U' | Omitiu '3',Apto_2023-05-09_03-33-09_2023-05-09_10-23-31
EasyOCR,Motor,cropped_1913_e75aa4c9-4d6c-4973-a936-d0bfe8d8b283.jpg.png,4D56GQ7170,4056607170,0.3,Trocou 'D' por '0' | Trocou 'G' por '6' | Trocou 'Q' por '0',Apto_2023-05-09_03-33-09_2023-05-09_10-23-31
PaddleOCR,Motor,cropped_1913_e75aa4c9-4d6c-4973-a936-d0bfe8d8b283.jpg.png,4D56GQ7170,4056GQ7170,0.1,Trocou 'D' por '0',Apto_2023-05-09_03-33-09_2023-05-09_10-23-31
EasyOCR,Chassi,cropped_1914_c9788228-c70b-4d06-8eab-eb5b13ca119f.jpg.png,9BM345008GB724264,95134500842,0.47058823529411764,Trocou 'B' por '5' | Trocou 'M' por '1' | Omitiu 'G' | Omitiu 'B' | Omitiu '7' | Omitiu '2' | Omitiu '6' | Omitiu '4',Apto_2023-05-09_03-49-47_2023-05-09_05-51-08
PaddleOCR,Chassi,cropped_1914_c9788228-c70b-4d06-8eab-eb5b13ca119f.jpg.png,9BM345008GB724264,9BM3450080L,0.47058823529411764,Trocou 'G' por '0' | Trocou 'B' por 'L' | Omitiu '7' | Omitiu '2' | Omitiu '4' | Omitiu '2' | Omitiu '6' | Omitiu '4',Apto_2023-05-09_03-49-47_2023-05-09_05-51-08
Qwen_VL,Chassi,cropped_1914_c9788228-c70b-4d06-8eab-eb5b13ca119f.jpg.png,9BM345008GB724264,9BMS45008AE522254,0.35294117647058826,Trocou '3' por 'S' | Trocou 'G' por 'A' | Trocou 'B' por 'E' | Trocou '7' por '5' | Trocou '4' por '2' | Trocou '6' por '5',Apto_2023-05-09_03-49-47_2023-05-09_05-51-08
EasyOCR,Motor,cropped_1914_0c7a0ec7-eadf-424f-873d-de26a35793e5.jpg.png,37937589687424,0VA334325R59067743,0.8571428571428571,Inventou '0' | Inventou 'V' | Inventou 'A' | Trocou '7' por '3' | Trocou '9' por '4' | Trocou '7' por '2' | Inventou 'R' | Trocou '8' por '5' | Inventou '0' | Trocou '8' por '7' | Trocou '2' por '3' | Omitiu '4',Apto_2023-05-09_03-49-47_2023-05-09_05-51-08
PaddleOCR,Motor,cropped_1914_0c7a0ec7-eadf-424f-873d-de26a35793e5.jpg.png,37937589687424,OM362A37937589087424,0.5,Inventou 'O' | Inventou 'M' | Inventou '6' | Inventou '2' | Inventou 'A' | Inventou '3' | Trocou '6' por '0',Apto_2023-05-09_03-49-47_2023-05-09_05-51-08
Qwen_VL,Motor,cropped_1914_0c7a0ec7-eadf-424f-873d-de26a35793e5.jpg.png,37937589687424,OM352A37937889687424,0.5,Inventou 'O' | Inventou 'M' | Inventou '5' | Inventou '2' | Inventou 'A' | Inventou '3' | Trocou '5' por '8',Apto_2023-05-09_03-49-47_2023-05-09_05-51-08
EasyOCR,Chassi,cropped_1915_47fcdf8d-fc65-4378-b99b-95fa0545f8ff.jpg.png,9BFET7131LDB44239,3417131LLE44239,0.4117647058823529,Trocou '9' por '3' | Trocou 'B' por '4' | Trocou 'F' por '1' | Omitiu 'E' | Omitiu 'T' | Trocou 'D' por 'L' | Trocou 'B' por 'E',Apto_2023-05-09_04-01-50_2023-05-09_04-53-50
PaddleOCR,Chassi,cropped_1915_47fcdf8d-fc65-4378-b99b-95fa0545f8ff.jpg.png,9BFET7131LDB44239,,1.0,Omitiu '9' | Omitiu 'B' | Omitiu 'F' | Omitiu 'E' | Omitiu 'T' | Omitiu '7' | Omitiu '1' | Omitiu '3' | Omitiu '1' | Omitiu 'L' | Omitiu 'D' | Omitiu 'B' | Omitiu '4' | Omitiu '4' | Omitiu '2' | Omitiu '3' | Omitiu '9',Apto_2023-05-09_04-01-50_2023-05-09_04-53-50
Qwen_VL,Chassi,cropped_1915_47fcdf8d-fc65-4378-b99b-95fa0545f8ff.jpg.png,9BFET7131LDB44239,9EFET7131LDB44239,0.058823529411764705,Trocou 'B' por 'E',Apto_2023-05-09_04-01-50_2023-05-09_04-53-50
PaddleOCR,Motor,cropped_1915_45956bf8-5369-4a49-900c-8a8f51a07348.jpg.png,22904255935,,1.0,Omitiu '2' | Omitiu '2' | Omitiu '9' | Omitiu '0' | Omitiu '4' | Omitiu '2' | Omitiu '5' | Omitiu '5' | Omitiu '9' | Omitiu '3' | Omitiu '5',Apto_2023-05-09_04-01-50_2023-05-09_04-53-50
EasyOCR,Chassi,cropped_1962_189805b5-06f2-473b-a7ed-f11996b851e9.jpg.png,9C2KC2210NR047583,,1.0,Omitiu '9' | Omitiu 'C' | Omitiu '2' | Omitiu 'K' | Omitiu 'C' | Omitiu '2' | Omitiu '2' | Omitiu '1' | Omitiu '0' | Omitiu 'N' | Omitiu 'R' | Omitiu '0' | Omitiu '4' | Omitiu '7' | Omitiu '5' | Omitiu '8' | Omitiu '3',Apto_2023-05-09_06-46-14_2023-05-09_07-32-41
PaddleOCR,Chassi,cropped_1962_189805b5-06f2-473b-a7ed-f11996b851e9.jpg.png,9C2KC2210NR047583,,1.0,Omitiu '9' | Omitiu 'C' | Omitiu '2' | Omitiu 'K' | Omitiu 'C' | Omitiu '2' | Omitiu '2' | Omitiu '1' | Omitiu '0' | Omitiu 'N' | Omitiu 'R' | Omitiu '0' | Omitiu '4' | Omitiu '7' | Omitiu '5' | Omitiu '8' | Omitiu '3',Apto_2023-05-09_06-46-14_2023-05-09_07-32-41
Qwen_VL,Chassi,cropped_1962_189805b5-06f2-473b-a7ed-f11996b851e9.jpg.png,9C2KC2210NR047583,4135511111111111,0.9411764705882353,Trocou '9' por '4' | Trocou 'C' por '1' | Trocou '2' por '3' | Trocou 'K' por '5' | Trocou 'C' por '5' | Trocou '2' por '1' | Trocou '2' por '1' | Trocou '0' por '1' | Trocou 'N' por '1' | Trocou 'R' por '1' | Trocou '0' por '1' | Trocou '4' por '1' | Trocou '7' por '1' | Trocou '5' por '1' | Trocou '8' por '1' | Omitiu '3',Apto_2023-05-09_06-46-14_2023-05-09_07-32-41
EasyOCR,Motor,cropped_1962_9c79fd8f-1994-41da-a0e4-8a6ff35225e6.jpg.png,KC22E1N047431,KC22W1NQ731,0.3076923076923077,Trocou 'E' por 'W' | Trocou '0' por 'Q' | Omitiu '4' | Omitiu '4',Apto_2023-05-09_06-46-14_2023-05-09_07-32-41
PaddleOCR,Motor,cropped_1962_9c79fd8f-1994-41da-a0e4-8a6ff35225e6.jpg.png,KC22E1N047431,KC22F1NOUTSI,0.5384615384615384,Trocou 'E' por 'F' | Trocou '0' por 'O' | Trocou '4' por 'U' | Trocou '7' por 'T' | Trocou '4' por 'S' | Trocou '3' por 'I' | Omitiu '1',Apto_2023-05-09_06-46-14_2023-05-09_07-32-41
EasyOCR,Chassi,cropped_1966_1679f73c-ae33-4605-9849-e4e92ee7118d.jpg.png,9BG148FK0HC413925,9BC14ZFKOHC413925,0.17647058823529413,Trocou 'G' por 'C' | Trocou '8' por 'Z' | Trocou '0' por 'O',Apto_2023-05-09_07-02-43_2023-05-09_10-45-43
PaddleOCR,Chassi,cropped_1966_1679f73c-ae33-4605-9849-e4e92ee7118d.jpg.png,9BG148FK0HC413925,9BG148FK0HC41392S,0.058823529411764705,Trocou '5' por 'S',Apto_2023-05-09_07-02-43_2023-05-09_10-45-43
Qwen_VL,Chassi,cropped_1966_1679f73c-ae33-4605-9849-e4e92ee7118d.jpg.png,9BG148FK0HC413925,9BG148FKOHG413925,0.11764705882352941,Trocou '0' por 'O' | Trocou 'C' por 'G',Apto_2023-05-09_07-02-43_2023-05-09_10-45-43
EasyOCR,Motor,cropped_1966_f07404bf-7400-45e8-a10c-134a83541e8f.jpg.png,FX4F162091030,9910352,0.7692307692307693,Trocou 'F' por '9' | Omitiu 'X' | Omitiu '4' | Omitiu 'F' | Omitiu '1' | Omitiu '6' | Omitiu '2' | Omitiu '0' | Inventou '5' | Trocou '0' por '2',Apto_2023-05-09_07-02-43_2023-05-09_10-45-43
PaddleOCR,Motor,cropped_1966_f07404bf-7400-45e8-a10c-134a83541e8f.jpg.png,FX4F162091030,2091030,0.46153846153846156,Omitiu 'F' | Omitiu 'X' | Omitiu '4' | Omitiu 'F' | Omitiu '1' | Omitiu '6',Apto_2023-05-09_07-02-43_2023-05-09_10-45-43
Qwen_VL,Motor,cropped_1966_f07404bf-7400-45e8-a10c-134a83541e8f.jpg.png,FX4F162091030,FXA152091030,0.23076923076923078,Trocou '4' por 'A' | Omitiu 'F' | Trocou '6' por '5',Apto_2023-05-09_07-02-43_2023-05-09_10-45-43
EasyOCR,Chassi,cropped_2065_5894790d-fef4-4281-ad2d-00c58a575479.jpg.png,93YHSR2LAFJ638992,93YHSRZLAFJ638992,0.058823529411764705,Trocou '2' por 'Z',Apto_2023-05-10_04-13-30_2023-05-10_05-21-25
Qwen_VL,Chassi,cropped_2065_5894790d-fef4-4281-ad2d-00c58a575479.jpg.png,93YHSR2LAFJ638992,93YHSR21AFJ638992,0.058823529411764705,Trocou 'L' por '1',Apto_2023-05-10_04-13-30_2023-05-10_05-21-25
EasyOCR,Motor,cropped_2065_defb9973-9a9c-4f9d-8db1-5f079d8c2ed4.jpg.png,F4RD404C004712,,1.0,Omitiu 'F' | Omitiu '4' | Omitiu 'R' | Omitiu 'D' | Omitiu '4' | Omitiu '0' | Omitiu '4' | Omitiu 'C' | Omitiu '0' | Omitiu '0' | Omitiu '4' | Omitiu '7' | Omitiu '1' | Omitiu '2',Apto_2023-05-10_04-13-30_2023-05-10_05-21-25
PaddleOCR,Motor,cropped_2065_defb9973-9a9c-4f9d-8db1-5f079d8c2ed4.jpg.png,F4RD404C004712,,1.0,Omitiu 'F' | Omitiu '4' | Omitiu 'R' | Omitiu 'D' | Omitiu '4' | Omitiu '0' | Omitiu '4' | Omitiu 'C' | Omitiu '0' | Omitiu '0' | Omitiu '4' | Omitiu '7' | Omitiu '1' | Omitiu '2',Apto_2023-05-10_04-13-30_2023-05-10_05-21-25
Qwen_VL,Motor,cropped_2065_defb9973-9a9c-4f9d-8db1-5f079d8c2ed4.jpg.png,F4RD404C004712,20240424,0.7142857142857143,Trocou 'F' por '2' | Trocou '4' por '0' | Trocou 'R' por '2' | Omitiu 'D' | Trocou 'C' por '2' | Omitiu '0' | Omitiu '0' | Omitiu '7' | Omitiu '1' | Omitiu '2',Apto_2023-05-10_04-13-30_2023-05-10_05-21-25
EasyOCR,Chassi,cropped_2083_345fb558-a3ed-4610-a457-9c5fd7458270.jpg.png,9BD11812181016285,98011626401828,0.5294117647058824,Trocou 'B' por '8' | Trocou 'D' por '0' | Trocou '8' por '6' | Omitiu '1' | Trocou '1' por '6' | Trocou '8' por '4' | Omitiu '1' | Trocou '6' por '8' | Omitiu '5',Apto_2023-05-10_05-23-10_2023-05-10_07-28-07
PaddleOCR,Chassi,cropped_2083_345fb558-a3ed-4610-a457-9c5fd7458270.jpg.png,9BD11812181016285,9801104261016705,0.47058823529411764,Trocou 'B' por '8' | Trocou 'D' por '0' | Trocou '8' por '0' | Trocou '1' por '4' | Trocou '1' por '6' | Omitiu '8' | Trocou '2' por '7' | Trocou '8' por '0',Apto_2023-05-10_05-23-10_2023-05-10_07-28-07
Qwen_VL,Chassi,cropped_2083_345fb558-a3ed-4610-a457-9c5fd7458270.jpg.png,9BD11812181016285,980181281016285,0.23529411764705882,Trocou 'B' por '8' | Trocou 'D' por '0' | Omitiu '1' | Omitiu '1',Apto_2023-05-10_05-23-10_2023-05-10_07-28-07
EasyOCR,Motor,cropped_2083_acba8e15-09f8-4c2a-8e37-7e757dba8a0a.jpg.png,310A20117924084,,1.0,Omitiu '3' | Omitiu '1' | Omitiu '0' | Omitiu 'A' | Omitiu '2' | Omitiu '0' | Omitiu '1' | Omitiu '1' | Omitiu '7' | Omitiu '9' | Omitiu '2' | Omitiu '4' | Omitiu '0' | Omitiu '8' | Omitiu '4',Apto_2023-05-10_05-23-10_2023-05-10_07-28-07
PaddleOCR,Motor,cropped_2083_acba8e15-09f8-4c2a-8e37-7e757dba8a0a.jpg.png,310A20117924084,,1.0,Omitiu '3' | Omitiu '1' | Omitiu '0' | Omitiu 'A' | Omitiu '2' | Omitiu '0' | Omitiu '1' | Omitiu '1' | Omitiu '7' | Omitiu '9' | Omitiu '2' | Omitiu '4' | Omitiu '0' | Omitiu '8' | Omitiu '4',Apto_2023-05-10_05-23-10_2023-05-10_07-28-07
Qwen_VL,Motor,cropped_2083_acba8e15-09f8-4c2a-8e37-7e757dba8a0a.jpg.png,310A20117924084,20210101,0.7333333333333333,Trocou '3' por '2' | Omitiu '1' | Trocou 'A' por '2' | Trocou '2' por '1' | Omitiu '1' | Omitiu '7' | Omitiu '9' | Omitiu '2' | Omitiu '4' | Trocou '8' por '1' | Omitiu '4',Apto_2023-05-10_05-23-10_2023-05-10_07-28-07
EasyOCR,Chassi,cropped_2102_8517e16c-197e-4d97-a16a-058548ea01c6.jpg.png,9BM345413HB762825,9BM345413H1B62825,0.11764705882352941,Inventou '1' | Omitiu '7',Apto_2023-05-10_06-24-34_2023-05-11_13-35-12
PaddleOCR,Chassi,cropped_2102_8517e16c-197e-4d97-a16a-058548ea01c6.jpg.png,9BM345413HB762825,93M345413110762826,0.29411764705882354,Trocou 'B' por '3' | Inventou '1' | Trocou 'H' por '1' | Trocou 'B' por '0' | Trocou '5' por '6',Apto_2023-05-10_06-24-34_2023-05-11_13-35-12
Qwen_VL,Chassi,cropped_2102_8517e16c-197e-4d97-a16a-058548ea01c6.jpg.png,9BM345413HB762825,9BM345413HB62825,0.058823529411764705,Omitiu '7',Apto_2023-05-10_06-24-34_2023-05-11_13-35-12
EasyOCR,Chassi,cropped_2123_90a795e2-4970-41b3-a0f8-b02e019a5a9c.jpg.png,93ZM2APH048700030,93ZM2APHO4E70N051,0.29411764705882354,Trocou '0' por 'O' | Trocou '8' por 'E' | Trocou '0' por 'N' | Trocou '3' por '5' | Trocou '0' por '1',Apto_2023-05-10_09-07-37_2023-05-10_11-33-09
EasyOCR,Motor,cropped_2123_66276468-f178-4993-af33-16b435404a25.jpg.png,821042KA3000832303,TINT89402KAX300083250,0.5555555555555556,Inventou 'T' | Inventou 'I' | Inventou 'N' | Inventou 'T' | Trocou '2' por '9' | Trocou '1' por '4' | Omitiu '4' | Inventou 'X' | Trocou '3' por '5' | Omitiu '3',Apto_2023-05-10_09-07-37_2023-05-10_11-33-09
PaddleOCR,Motor,cropped_2123_66276468-f178-4993-af33-16b435404a25.jpg.png,821042KA3000832303,01824042K4300083230,0.2777777777777778,Inventou '0' | Inventou '1' | Trocou '1' por '4' | Trocou 'A' por '4' | Omitiu '3',Apto_2023-05-10_09-07-37_2023-05-10_11-33-09
Qwen_VL,Motor,cropped_2123_66276468-f178-4993-af33-16b435404a25.jpg.png,821042KA3000832303,FIAT821042KA300083230,0.2777777777777778,Inventou 'F' | Inventou 'I' | Inventou 'A' | Inventou 'T' | Omitiu '3',Apto_2023-05-10_09-07-37_2023-05-10_11-33-09
EasyOCR,Chassi,cropped_2124_b8a227ec-f7d1-4ab2-a87e-fc0f302ce9e7.jpg.png,94BG151288V020618,948045L2APVOPUMARU6,0.8235294117647058,Trocou 'B' por '8' | Trocou 'G' por '0' | Trocou '1' por '4' | Trocou '1' por 'L' | Trocou '8' por 'A' | Trocou '8' por 'P' | Inventou 'O' | Inventou 'P' | Trocou '0' por 'U' | Trocou '2' por 'M' | Trocou '0' por 'A' | Trocou '6' por 'R' | Trocou '1' por 'U' | Trocou '8' por '6',Apto_2023-05-10_09-12-02_2023-05-11_10-17-57
PaddleOCR,Chassi,cropped_2124_b8a227ec-f7d1-4ab2-a87e-fc0f302ce9e7.jpg.png,94BG151288V020618,948G1512,0.5882352941176471,Trocou 'B' por '8' | Omitiu '8' | Omitiu '8' | Omitiu 'V' | Omitiu '0' | Omitiu '2' | Omitiu '0' | Omitiu '6' | Omitiu '1' | Omitiu '8',Apto_2023-05-10_09-12-02_2023-05-11_10-17-57
Qwen_VL,Chassi,cropped_2124_b8a227ec-f7d1-4ab2-a87e-fc0f302ce9e7.jpg.png,94BG151288V020618,94BG151288V091848XR,0.35294117647058826,Trocou '2' por '9' | Trocou '0' por '1' | Trocou '6' por '8' | Trocou '1' por '4' | Inventou 'X' | Inventou 'R',Apto_2023-05-10_09-12-02_2023-05-11_10-17-57
EasyOCR,Chassi,cropped_2126_67526120-3ad5-43cf-965e-bd6514b24e78.jpg.png,9AAG12630PC011798,9AA61BL011798,0.4117647058823529,Trocou 'G' por '6' | Trocou '2' por 'B' | Trocou '6' por 'L' | Omitiu '3' | Omitiu '0' | Omitiu 'P' | Omitiu 'C',Apto_2023-05-10_09-15-34_2023-05-11_03-28-38
PaddleOCR,Chassi,cropped_2126_67526120-3ad5-43cf-965e-bd6514b24e78.jpg.png,9AAG12630PC011798,9AAG12600P0011798,0.11764705882352941,Trocou '3' por '0' | Trocou 'C' por '0',Apto_2023-05-10_09-15-34_2023-05-11_03-28-38
Qwen_VL,Chassi,cropped_2126_67526120-3ad5-43cf-965e-bd6514b24e78.jpg.png,9AAG12630PC011798,9AG1260P101798,0.23529411764705882,Omitiu 'A' | Omitiu '3' | Trocou 'C' por '1' | Omitiu '1',Apto_2023-05-10_09-15-34_2023-05-11_03-28-38
EasyOCR,Chassi,cropped_2156_0acfe4ab-700f-4fee-b87c-f0827c3ba89a.jpg.png,9A9B85030H2DF5077,949B650Z0H2DF5077XX2016X,0.5882352941176471,Trocou 'A' por '4' | Trocou '8' por '6' | Trocou '3' por 'Z' | Inventou 'X' | Inventou 'X' | Inventou '2' | Inventou '0' | Inventou '1' | Inventou '6' | Inventou 'X',Apto_2023-05-10_11-09-49_2023-05-11_10-09-15
PaddleOCR,Chassi,cropped_2156_0acfe4ab-700f-4fee-b87c-f0827c3ba89a.jpg.png,9A9B85030H2DF5077,9A9B85030H2DF5077XX2016X,0.4117647058823529,Inventou 'X' | Inventou 'X' | Inventou '2' | Inventou '0' | Inventou '1' | Inventou '6' | Inventou 'X',Apto_2023-05-10_11-09-49_2023-05-11_10-09-15
Qwen_VL,Chassi,cropped_2156_0acfe4ab-700f-4fee-b87c-f0827c3ba89a.jpg.png,9A9B85030H2DF5077,9A9B85030H2DF50772016,0.23529411764705882,Inventou '2' | Inventou '0' | Inventou '1' | Inventou '6',Apto_2023-05-10_11-09-49_2023-05-11_10-09-15
EasyOCR,Chassi,cropped_2158_b30a79ee-23fd-4f6b-9eba-7aaf794bfc2f.jpg.png,9A9S3CBS1H1AH8014,9AGSCBSAL8014,0.35294117647058826,Trocou '9' por 'G' | Omitiu '3' | Omitiu '1' | Omitiu 'H' | Omitiu '1' | Trocou 'H' por 'L',Apto_2023-05-10_11-14-09_2023-05-11_10-07-42
PaddleOCR,Chassi,cropped_2158_b30a79ee-23fd-4f6b-9eba-7aaf794bfc2f.jpg.png,9A9S3CBS1H1AH8014,9A9S3CBS18014,0.23529411764705882,Omitiu 'H' | Omitiu '1' | Omitiu 'A' | Omitiu 'H',Apto_2023-05-10_11-14-09_2023-05-11_10-07-42
Qwen_VL,Chassi,cropped_2158_b30a79ee-23fd-4f6b-9eba-7aaf794bfc2f.jpg.png,9A9S3CBS1H1AH8014,9A9S3CBS0H1AH8014,0.058823529411764705,Trocou '1' por '0',Apto_2023-05-10_11-14-09_2023-05-11_10-07-42
EasyOCR,Chassi,cropped_2165_44d48f49-6719-48e4-a4e2-90f544d2a3ac.jpg.png,9BD17307MC4367138,98047307MC4367138,0.17647058823529413,Trocou 'B' por '8' | Trocou 'D' por '0' | Trocou '1' por '4',Apto_2023-05-10_11-35-44_2023-05-10_12-04-07
EasyOCR,Motor,cropped_2165_2260add8-e265-43d5-a4d6-30b32c3aca28.jpg.png,310A20110559909,,1.0,Omitiu '3' | Omitiu '1' | Omitiu '0' | Omitiu 'A' | Omitiu '2' | Omitiu '0' | Omitiu '1' | Omitiu '1' | Omitiu '0' | Omitiu '5' | Omitiu '5' | Omitiu '9' | Omitiu '9' | Omitiu '0' | Omitiu '9',Apto_2023-05-10_11-35-44_2023-05-10_12-04-07
PaddleOCR,Motor,cropped_2165_2260add8-e265-43d5-a4d6-30b32c3aca28.jpg.png,310A20110559909,,1.0,Omitiu '3' | Omitiu '1' | Omitiu '0' | Omitiu 'A' | Omitiu '2' | Omitiu '0' | Omitiu '1' | Omitiu '1' | Omitiu '0' | Omitiu '5' | Omitiu '5' | Omitiu '9' | Omitiu '9' | Omitiu '0' | Omitiu '9',Apto_2023-05-10_11-35-44_2023-05-10_12-04-07
Qwen_VL,Motor,cropped_2165_2260add8-e265-43d5-a4d6-30b32c3aca28.jpg.png,310A20110559909,2022,0.8666666666666667,Trocou '3' por '2' | Omitiu '1' | Trocou 'A' por '2' | Omitiu '0' | Omitiu '1' | Omitiu '1' | Omitiu '0' | Omitiu '5' | Omitiu '5' | Omitiu '9' | Omitiu '9' | Omitiu '0' | Omitiu '9',Apto_2023-05-10_11-35-44_2023-05-10_12-04-07
EasyOCR,Chassi,cropped_2176_f5e11a52-4ffd-468a-aa76-b2fdf1c5b475.jpg.png,9C2HC1420DR031570,,1.0,Omitiu '9' | Omitiu 'C' | Omitiu '2' | Omitiu 'H' | Omitiu 'C' | Omitiu '1' | Omitiu '4' | Omitiu '2' | Omitiu '0' | Omitiu 'D' | Omitiu 'R' | Omitiu '0' | Omitiu '3' | Omitiu '1' | Omitiu '5' | Omitiu '7' | Omitiu '0',Apto_2023-05-10_12-47-42_2023-05-10_13-21-14
PaddleOCR,Chassi,cropped_2176_f5e11a52-4ffd-468a-aa76-b2fdf1c5b475.jpg.png,9C2HC1420DR031570,,1.0,Omitiu '9' | Omitiu 'C' | Omitiu '2' | Omitiu 'H' | Omitiu 'C' | Omitiu '1' | Omitiu '4' | Omitiu '2' | Omitiu '0' | Omitiu 'D' | Omitiu 'R' | Omitiu '0' | Omitiu '3' | Omitiu '1' | Omitiu '5' | Omitiu '7' | Omitiu '0',Apto_2023-05-10_12-47-42_2023-05-10_13-21-14
Qwen_VL,Chassi,cropped_2176_f5e11a52-4ffd-468a-aa76-b2fdf1c5b475.jpg.png,9C2HC1420DR031570,9C2H3JL30RO91572,0.47058823529411764,Trocou 'C' por '3' | Trocou '1' por 'J' | Trocou '4' por 'L' | Trocou '2' por '3' | Omitiu 'D' | Trocou '0' por 'O' | Trocou '3' por '9' | Trocou '0' por '2',Apto_2023-05-10_12-47-42_2023-05-10_13-21-14
EasyOCR,Motor,cropped_2176_b701e129-b613-41ef-9e5d-babe675acf46.jpg.png,HC14E2D031570,AC1R20031570,0.3076923076923077,Trocou 'H' por 'A' | Trocou '4' por 'R' | Omitiu 'E' | Trocou 'D' por '0',Apto_2023-05-10_12-47-42_2023-05-10_13-21-14
PaddleOCR,Motor,cropped_2176_b701e129-b613-41ef-9e5d-babe675acf46.jpg.png,HC14E2D031570,HCNLER0031570,0.3076923076923077,Trocou '1' por 'N' | Trocou '4' por 'L' | Trocou '2' por 'R' | Trocou 'D' por '0',Apto_2023-05-10_12-47-42_2023-05-10_13-21-14
Qwen_VL,Motor,cropped_2176_b701e129-b613-41ef-9e5d-babe675acf46.jpg.png,HC14E2D031570,HC11E20031570,0.15384615384615385,Trocou '4' por '1' | Trocou 'D' por '0',Apto_2023-05-10_12-47-42_2023-05-10_13-21-14
EasyOCR,Chassi,cropped_2179_3e0e1358-1f24-4640-9607-83628127b791.jpg.png,9EP021120G1000457,3211206100045737,0.4117647058823529,Trocou '9' por '3' | Omitiu 'E' | Omitiu 'P' | Omitiu '0' | Trocou 'G' por '6' | Inventou '7' | Inventou '3',Apto_2023-05-10_12-55-13_2023-05-11_03-22-33
PaddleOCR,Chassi,cropped_2179_3e0e1358-1f24-4640-9607-83628127b791.jpg.png,9EP021120G1000457,9P021120610004572015,0.35294117647058826,Omitiu 'E' | Trocou 'G' por '6' | Inventou '2' | Inventou '0' | Inventou '1' | Inventou '5',Apto_2023-05-10_12-55-13_2023-05-11_03-22-33
Qwen_VL,Chassi,cropped_2179_3e0e1358-1f24-4640-9607-83628127b791.jpg.png,9EP021120G1000457,3H21120G1000457,0.23529411764705882,Trocou '9' por '3' | Trocou 'E' por 'H' | Omitiu 'P' | Omitiu '0',Apto_2023-05-10_12-55-13_2023-05-11_03-22-33
EasyOCR,Chassi,cropped_2182_c61370a2-8334-4f90-80ea-c2cbeb4389cd.jpg.png,9EP021120G1000456,0462024120G10004562015,0.5294117647058824,Inventou '0' | Trocou '9' por '4' | Trocou 'E' por '6' | Trocou 'P' por '2' | Trocou '1' por '4' | Inventou '2' | Inventou '0' | Inventou '1' | Inventou '5',Apto_2023-05-10_13-05-55_2023-05-11_03-23-43
PaddleOCR,Chassi,cropped_2182_c61370a2-8334-4f90-80ea-c2cbeb4389cd.jpg.png,9EP021120G1000456,9EP021120G10004562015,0.23529411764705882,Inventou '2' | Inventou '0' | Inventou '1' | Inventou '5',Apto_2023-05-10_13-05-55_2023-05-11_03-23-43
Qwen_VL,Chassi,cropped_2182_c61370a2-8334-4f90-80ea-c2cbeb4389cd.jpg.png,9EP021120G1000456,88P02112001000456,0.17647058823529413,Trocou '9' por '8' | Trocou 'E' por '8' | Trocou 'G' por '0',Apto_2023-05-10_13-05-55_2023-05-11_03-23-43
EasyOCR,Chassi,cropped_2201_1ce33468-ceb8-488b-bd31-237b952bc570.jpg.png,9BD17122LE5937562,GRI44ZL54Y2,0.8235294117647058,Trocou '9' por 'G' | Trocou 'B' por 'R' | Trocou 'D' por 'I' | Trocou '1' por '4' | Trocou '7' por '4' | Trocou '1' por 'Z' | Omitiu '2' | Omitiu '2' | Omitiu 'E' | Trocou '9' por '4' | Trocou '3' por 'Y' | Omitiu '7' | Omitiu '5' | Omitiu '6',Apto_2023-05-11_04-24-51_2023-05-11_05-19-53
PaddleOCR,Chassi,cropped_2201_1ce33468-ceb8-488b-bd31-237b952bc570.jpg.png,9BD17122LE5937562,9801712E5937562,0.23529411764705882,Trocou 'B' por '8' | Trocou 'D' por '0' | Omitiu '2' | Omitiu 'L',Apto_2023-05-11_04-24-51_2023-05-11_05-19-53
Qwen_VL,Chassi,cropped_2201_1ce33468-ceb8-488b-bd31-237b952bc570.jpg.png,9BD17122LE5937562,9BD111221E5937562,0.11764705882352941,Trocou '7' por '1' | Trocou 'L' por '1',Apto_2023-05-11_04-24-51_2023-05-11_05-19-53
EasyOCR,Motor,cropped_2201_bf2ccabf-4929-44fc-8492-103b93ab7e5a.jpg.png,310A10112034923,,1.0,Omitiu '3' | Omitiu '1' | Omitiu '0' | Omitiu 'A' | Omitiu '1' | Omitiu '0' | Omitiu '1' | Omitiu '1' | Omitiu '2' | Omitiu '0' | Omitiu '3' | Omitiu '4' | Omitiu '9' | Omitiu '2' | Omitiu '3',Apto_2023-05-11_04-24-51_2023-05-11_05-19-53
PaddleOCR,Motor,cropped_2201_bf2ccabf-4929-44fc-8492-103b93ab7e5a.jpg.png,310A10112034923,,1.0,Omitiu '3' | Omitiu '1' | Omitiu '0' | Omitiu 'A' | Omitiu '1' | Omitiu '0' | Omitiu '1' | Omitiu '1' | Omitiu '2' | Omitiu '0' | Omitiu '3' | Omitiu '4' | Omitiu '9' | Omitiu '2' | Omitiu '3',Apto_2023-05-11_04-24-51_2023-05-11_05-19-53
Qwen_VL,Motor,cropped_2201_bf2ccabf-4929-44fc-8492-103b93ab7e5a.jpg.png,310A10112034923,20220202,0.6666666666666666,Trocou '3' por '2' | Omitiu '1' | Trocou 'A' por '2' | Trocou '1' por '2' | Omitiu '1' | Omitiu '1' | Omitiu '3' | Omitiu '4' | Omitiu '9' | Omitiu '3',Apto_2023-05-11_04-24-51_2023-05-11_05-19-53
EasyOCR,Chassi,cropped_2211_fe354a81-65f8-4f6c-8f38-f080ab4fdad6.jpg.png,9BGSU19F0BB133448,YBGSU195030138448,0.29411764705882354,Trocou '9' por 'Y' | Trocou 'F' por '5' | Trocou 'B' por '3' | Trocou 'B' por '0' | Trocou '3' por '8',Apto_2023-05-11_04-50-25_2023-05-11_05-16-22
PaddleOCR,Chassi,cropped_2211_fe354a81-65f8-4f6c-8f38-f080ab4fdad6.jpg.png,9BGSU19F0BB133448,9BGSU19F03B133448,0.058823529411764705,Trocou 'B' por '3',Apto_2023-05-11_04-50-25_2023-05-11_05-16-22
Qwen_VL,Chassi,cropped_2211_fe354a81-65f8-4f6c-8f38-f080ab4fdad6.jpg.png,9BGSU19F0BB133448,9BCSU19F03B133448,0.11764705882352941,Trocou 'G' por 'C' | Trocou 'B' por '3',Apto_2023-05-11_04-50-25_2023-05-11_05-16-22
EasyOCR,Motor,cropped_2211_5161dc2c-48cb-466d-91d7-e234e34c96d8.jpg.png,NAA027296,7A02720,0.4444444444444444,Trocou 'N' por '7' | Omitiu 'A' | Trocou '9' por '0' | Omitiu '6',Apto_2023-05-11_04-50-25_2023-05-11_05-16-22
PaddleOCR,Motor,cropped_2211_5161dc2c-48cb-466d-91d7-e234e34c96d8.jpg.png,NAA027296,NA027206,0.2222222222222222,Omitiu 'A' | Trocou '9' por '0',Apto_2023-05-11_04-50-25_2023-05-11_05-16-22
Qwen_VL,Motor,cropped_2211_5161dc2c-48cb-466d-91d7-e234e34c96d8.jpg.png,NAA027296,WAA027296,0.1111111111111111,Trocou 'N' por 'W',Apto_2023-05-11_04-50-25_2023-05-11_05-16-22
EasyOCR,Chassi,cropped_2223_58963f2a-23ed-477c-8e62-2f3f4b4015f3.jpg.png,93XLNKB8TJCH31779,9JXLNREBTJGHJ1779,0.35294117647058826,Trocou '3' por 'J' | Inventou 'R' | Trocou 'K' por 'E' | Omitiu '8' | Trocou 'C' por 'G' | Trocou '3' por 'J',Apto_2023-05-11_05-31-25_2023-05-11_06-19-26
PaddleOCR,Chassi,cropped_2223_58963f2a-23ed-477c-8e62-2f3f4b4015f3.jpg.png,93XLNKB8TJCH31779,XLNKB8TJCH31779,0.11764705882352941,Omitiu '9' | Omitiu '3',Apto_2023-05-11_05-31-25_2023-05-11_06-19-26
Qwen_VL,Chassi,cropped_2223_58963f2a-23ed-477c-8e62-2f3f4b4015f3.jpg.png,93XLNKB8TJCH31779,93XLKB8TJCH31779,0.058823529411764705,Omitiu 'N',Apto_2023-05-11_05-31-25_2023-05-11_06-19-26
EasyOCR,Motor,cropped_2223_9d66a9f9-33c9-4aa2-bc35-484571fcf720.jpg.png,4M41UCBH1851,LM4UC3H185I,0.3333333333333333,Trocou '4' por 'L' | Omitiu '1' | Trocou 'B' por '3' | Trocou '1' por 'I',Apto_2023-05-11_05-31-25_2023-05-11_06-19-26
PaddleOCR,Motor,cropped_2223_9d66a9f9-33c9-4aa2-bc35-484571fcf720.jpg.png,4M41UCBH1851,4M41LC3H185,0.25,Trocou 'U' por 'L' | Trocou 'B' por '3' | Omitiu '1',Apto_2023-05-11_05-31-25_2023-05-11_06-19-26
EasyOCR,Chassi,cropped_2287_36842220-9c1a-486f-b5fc-39a446efd881.jpg.png,9BM958094DB925946,9BM958094069259462013,0.35294117647058826,Trocou 'D' por '0' | Trocou 'B' por '6' | Inventou '2' | Inventou '0' | Inventou '1' | Inventou '3',Apto_2023-05-11_11-09-07_2023-05-11_13-21-49
PaddleOCR,Chassi,cropped_2287_36842220-9c1a-486f-b5fc-39a446efd881.jpg.png,9BM958094DB925946,93M958094039259462013,0.4117647058823529,Trocou 'B' por '3' | Trocou 'D' por '0' | Trocou 'B' por '3' | Inventou '2' | Inventou '0' | Inventou '1' | Inventou '3',Apto_2023-05-11_11-09-07_2023-05-11_13-21-49
Qwen_VL,Chassi,cropped_2287_36842220-9c1a-486f-b5fc-39a446efd881.jpg.png,9BM958094DB925946,9BM958094DB9259462013,0.23529411764705882,Inventou '2' | Inventou '0' | Inventou '1' | Inventou '3',Apto_2023-05-11_11-09-07_2023-05-11_13-21-49
EasyOCR,Motor,cropped_2287_d0c414b4-4294-47e2-81ef-8abdaf2ab97e.jpg.png,926991U1073730,936951U10ZI,0.5,Trocou '2' por '3' | Trocou '9' por '5' | Trocou '7' por 'Z' | Trocou '3' por 'I' | Omitiu '7' | Omitiu '3' | Omitiu '0',Apto_2023-05-11_11-09-07_2023-05-11_13-21-49
PaddleOCR,Motor,cropped_2287_d0c414b4-4294-47e2-81ef-8abdaf2ab97e.jpg.png,926991U1073730,12699101023738,0.2857142857142857,Trocou '9' por '1' | Trocou 'U' por '0' | Trocou '7' por '2' | Trocou '0' por '8',Apto_2023-05-11_11-09-07_2023-05-11_13-21-49
Qwen_VL,Motor,cropped_2287_d0c414b4-4294-47e2-81ef-8abdaf2ab97e.jpg.png,926991U1073730,02695110370,0.35714285714285715,Trocou '9' por '0' | Trocou '9' por '5' | Omitiu 'U' | Omitiu '7' | Omitiu '3',Apto_2023-05-11_11-09-07_2023-05-11_13-21-49
EasyOCR,Chassi,cropped_2328_cd99575c-fee0-48a7-b2d9-f5b223cafb5e.jpg.png,9BD15802AA6373452,28045424,0.8235294117647058,Trocou '9' por '2' | Trocou 'B' por '8' | Trocou 'D' por '0' | Trocou '1' por '4' | Trocou '8' por '4' | Omitiu '0' | Omitiu 'A' | Omitiu 'A' | Omitiu '6' | Omitiu '3' | Omitiu '7' | Omitiu '3' | Omitiu '5' | Omitiu '2',Apto_2023-05-12_04-20-58_2023-05-12_06-51-16
PaddleOCR,Chassi,cropped_2328_cd99575c-fee0-48a7-b2d9-f5b223cafb5e.jpg.png,9BD15802AA6373452,,1.0,Omitiu '9' | Omitiu 'B' | Omitiu 'D' | Omitiu '1' | Omitiu '5' | Omitiu '8' | Omitiu '0' | Omitiu '2' | Omitiu 'A' | Omitiu 'A' | Omitiu '6' | Omitiu '3' | Omitiu '7' | Omitiu '3' | Omitiu '4' | Omitiu '5' | Omitiu '2',Apto_2023-05-12_04-20-58_2023-05-12_06-51-16
Qwen_VL,Chassi,cropped_2328_cd99575c-fee0-48a7-b2d9-f5b223cafb5e.jpg.png,9BD15802AA6373452,1945024,0.7647058823529411,Inventou '1' | Trocou 'B' por '4' | Omitiu 'D' | Omitiu '1' | Omitiu '8' | Omitiu 'A' | Omitiu 'A' | Omitiu '6' | Omitiu '3' | Omitiu '7' | Omitiu '3' | Omitiu '5' | Omitiu '2',Apto_2023-05-12_04-20-58_2023-05-12_06-51-16
EasyOCR,Motor,cropped_2328_274b322f-d005-4a74-9522-f14f8c38331a.jpg.png,146E10119156388,146E1049156388,0.13333333333333333,Trocou '1' por '4' | Omitiu '1',Apto_2023-05-12_04-20-58_2023-05-12_06-51-16
PaddleOCR,Motor,cropped_2328_274b322f-d005-4a74-9522-f14f8c38331a.jpg.png,146E10119156388,HEES,0.9333333333333333,Trocou '1' por 'H' | Trocou '4' por 'E' | Omitiu '6' | Trocou '1' por 'S' | Omitiu '0' | Omitiu '1' | Omitiu '1' | Omitiu '9' | Omitiu '1' | Omitiu '5' | Omitiu '6' | Omitiu '3' | Omitiu '8' | Omitiu '8',Apto_2023-05-12_04-20-58_2023-05-12_06-51-16
Qwen_VL,Motor,cropped_2328_274b322f-d005-4a74-9522-f14f8c38331a.jpg.png,146E10119156388,146E16115156354,0.26666666666666666,Trocou '0' por '6' | Trocou '9' por '5' | Trocou '8' por '5' | Trocou '8' por '4',Apto_2023-05-12_04-20-58_2023-05-12_06-51-16
EasyOCR,Chassi,cropped_2390_4994d1bb-52af-45d7-a8fb-f41a227f4c25.jpg.png,9BFZZZ55ZSB933723,9RFZZZ557589371,0.4117647058823529,Trocou 'B' por 'R' | Trocou 'Z' por '7' | Trocou 'S' por '5' | Trocou 'B' por '8' | Omitiu '3' | Trocou '2' por '1' | Omitiu '3',Apto_2023-05-12_09-15-19_2023-05-12_10-03-46
PaddleOCR,Chassi,cropped_2390_4994d1bb-52af-45d7-a8fb-f41a227f4c25.jpg.png,9BFZZZ55ZSB933723,,1.0,Omitiu '9' | Omitiu 'B' | Omitiu 'F' | Omitiu 'Z' | Omitiu 'Z' | Omitiu 'Z' | Omitiu '5' | Omitiu '5' | Omitiu 'Z' | Omitiu 'S' | Omitiu 'B' | Omitiu '9' | Omitiu '3' | Omitiu '3' | Omitiu '7' | Omitiu '2' | Omitiu '3',Apto_2023-05-12_09-15-19_2023-05-12_10-03-46
Qwen_VL,Chassi,cropped_2390_4994d1bb-52af-45d7-a8fb-f41a227f4c25.jpg.png,9BFZZZ55ZSB933723,9BFZ7755738933723,0.29411764705882354,Trocou 'Z' por '7' | Trocou 'Z' por '7' | Trocou 'Z' por '7' | Trocou 'S' por '3' | Trocou 'B' por '8',Apto_2023-05-12_09-15-19_2023-05-12_10-03-46
EasyOCR,Motor,cropped_2390_d0c5e2f1-0ae3-4a72-8739-2ae0bbf91a9a.jpg.png,UNA025427,VNA02542,0.2222222222222222,Trocou 'U' por 'V' | Omitiu '7',Apto_2023-05-12_09-15-19_2023-05-12_10-03-46
PaddleOCR,Motor,cropped_2390_d0c5e2f1-0ae3-4a72-8739-2ae0bbf91a9a.jpg.png,UNA025427,NA05,0.5555555555555556,Omitiu 'U' | Omitiu '2' | Omitiu '4' | Omitiu '2' | Omitiu '7',Apto_2023-05-12_09-15-19_2023-05-12_10-03-46
EasyOCR,Chassi,cropped_2401_9124d3af-ed96-43e1-8f66-1825dde387fd.jpg.png,9BD281B41NYW74142,380284B41NYWT4142,0.29411764705882354,Trocou '9' por '3' | Trocou 'B' por '8' | Trocou 'D' por '0' | Trocou '1' por '4' | Trocou '7' por 'T',Apto_2023-05-12_10-04-12_2023-05-12_10-56-41
PaddleOCR,Chassi,cropped_2401_9124d3af-ed96-43e1-8f66-1825dde387fd.jpg.png,9BD281B41NYW74142,980284841NYN74142,0.29411764705882354,Trocou 'B' por '8' | Trocou 'D' por '0' | Trocou '1' por '4' | Trocou 'B' por '8' | Trocou 'W' por 'N',Apto_2023-05-12_10-04-12_2023-05-12_10-56-41
Qwen_VL,Chassi,cropped_2401_9124d3af-ed96-43e1-8f66-1825dde387fd.jpg.png,9BD281B41NYW74142,9BD281B41NYW14142,0.058823529411764705,Trocou '7' por '1',Apto_2023-05-12_10-04-12_2023-05-12_10-56-41
PaddleOCR,Motor,cropped_2401_9ac6530e-2541-45b4-9d6a-423ad7e41d47.jpg.png,552681768001086,552681788001086,0.06666666666666667,Trocou '6' por '8',Apto_2023-05-12_10-04-12_2023-05-12_10-56-41
EasyOCR,Chassi,cropped_2419_632fe854-6160-4ff0-9667-8a5c617866fb.jpg.png,9APB08530VP000095,9APPO8530VP000095,0.11764705882352941,Trocou 'B' por 'P' | Trocou '0' por 'O',Apto_2023-05-12_11-16-53_2023-05-12_12-23-38
PaddleOCR,Chassi,cropped_2419_632fe854-6160-4ff0-9667-8a5c617866fb.jpg.png,9APB08530VP000095,9APB085301P000095,0.058823529411764705,Trocou 'V' por '1',Apto_2023-05-12_11-16-53_2023-05-12_12-23-38
Qwen_VL,Chassi,cropped_2419_632fe854-6160-4ff0-9667-8a5c617866fb.jpg.png,9APB08530VP000095,9APB08530V0000095,0.058823529411764705,Trocou 'P' por '0',Apto_2023-05-12_11-16-53_2023-05-12_12-23-38
EasyOCR,Chassi,cropped_2566_a6a50875-d664-4b12-8ac1-7600c7d05a3c.jpg.png,9BRBL3HE1J0105013,MPBLMK1J0105013,0.35294117647058826,Trocou '9' por 'M' | Trocou 'B' por 'P' | Omitiu 'R' | Trocou '3' por 'M' | Trocou 'H' por 'K' | Omitiu 'E',Apto_2023-05-16_04-02-23_2023-05-16_04-47-19
PaddleOCR,Chassi,cropped_2566_a6a50875-d664-4b12-8ac1-7600c7d05a3c.jpg.png,9BRBL3HE1J0105013,J0PBL3HE1J0105013,0.17647058823529413,Trocou '9' por 'J' | Trocou 'B' por '0' | Trocou 'R' por 'P',Apto_2023-05-16_04-02-23_2023-05-16_04-47-19
Qwen_VL,Chassi,cropped_2566_a6a50875-d664-4b12-8ac1-7600c7d05a3c.jpg.png,9BRBL3HE1J0105013,J0105013,0.5294117647058824,Omitiu '9' | Omitiu 'B' | Omitiu 'R' | Omitiu 'B' | Omitiu 'L' | Omitiu '3' | Omitiu 'H' | Omitiu 'E' | Omitiu '1',Apto_2023-05-16_04-02-23_2023-05-16_04-47-19
EasyOCR,Motor,cropped_2566_48b920fa-1b4c-4238-802a-9e064e3debb9.jpg.png,M457743,2Z2M457,0.8571428571428571,Inventou '2' | Inventou 'Z' | Inventou '2' | Omitiu '7' | Omitiu '4' | Omitiu '3',Apto_2023-05-16_04-02-23_2023-05-16_04-47-19
PaddleOCR,Motor,cropped_2566_48b920fa-1b4c-4238-802a-9e064e3debb9.jpg.png,M457743,,1.0,Omitiu 'M' | Omitiu '4' | Omitiu '5' | Omitiu '7' | Omitiu '7' | Omitiu '4' | Omitiu '3',Apto_2023-05-16_04-02-23_2023-05-16_04-47-19
Qwen_VL,Motor,cropped_2566_48b920fa-1b4c-4238-802a-9e064e3debb9.jpg.png,M457743,2ZR457743,0.42857142857142855,Inventou '2' | Inventou 'Z' | Trocou 'M' por 'R',Apto_2023-05-16_04-02-23_2023-05-16_04-47-19
EasyOCR,Chassi,cropped_2573_e00e50e3-6058-4f1b-96da-7930f478d50e.jpg.png,WV1DB42H7KA029827,WVADBL2HZKA029827,0.17647058823529413,Trocou '1' por 'A' | Trocou '4' por 'L' | Trocou '7' por 'Z',Apto_2023-05-16_04-51-04_2023-05-16_09-55-25
Qwen_VL,Chassi,cropped_2573_e00e50e3-6058-4f1b-96da-7930f478d50e.jpg.png,WV1DB42H7KA029827,WV1DB42H7KAQ29827,0.058823529411764705,Trocou '0' por 'Q',Apto_2023-05-16_04-51-04_2023-05-16_09-55-25
EasyOCR,Motor,cropped_2573_c3140b01-af5a-49a4-908e-746d83db1c86.jpg.png,CSH227351,,1.0,Omitiu 'C' | Omitiu 'S' | Omitiu 'H' | Omitiu '2' | Omitiu '2' | Omitiu '7' | Omitiu '3' | Omitiu '5' | Omitiu '1',Apto_2023-05-16_04-51-04_2023-05-16_09-55-25
PaddleOCR,Motor,cropped_2573_c3140b01-af5a-49a4-908e-746d83db1c86.jpg.png,CSH227351,,1.0,Omitiu 'C' | Omitiu 'S' | Omitiu 'H' | Omitiu '2' | Omitiu '2' | Omitiu '7' | Omitiu '3' | Omitiu '5' | Omitiu '1',Apto_2023-05-16_04-51-04_2023-05-16_09-55-25
Qwen_VL,Motor,cropped_2573_c3140b01-af5a-49a4-908e-746d83db1c86.jpg.png,CSH227351,1234567890,1.0,Inventou '1' | Trocou 'C' por '2' | Trocou 'S' por '3' | Trocou 'H' por '4' | Trocou '2' por '5' | Trocou '2' por '6' | Trocou '3' por '8' | Trocou '5' por '9' | Trocou '1' por '0',Apto_2023-05-16_04-51-04_2023-05-16_09-55-25
EasyOCR,Chassi,cropped_2594_e77da87d-74f8-4b60-891c-6eac96897ead.jpg.png,9BGJC69Z0FB103924,98GJC69Z0FB103924,0.058823529411764705,Trocou 'B' por '8',Apto_2023-05-16_06-08-52_2023-05-16_10-01-06
PaddleOCR,Chassi,cropped_2594_e77da87d-74f8-4b60-891c-6eac96897ead.jpg.png,9BGJC69Z0FB103924,9BGJC6970FB103924,0.058823529411764705,Trocou 'Z' por '7',Apto_2023-05-16_06-08-52_2023-05-16_10-01-06
PaddleOCR,Motor,cropped_2594_2f405ba1-e8e9-4af6-8f9e-242b9a31ac43.jpg.png,CM8073062,SM807306,0.2222222222222222,Trocou 'C' por 'S' | Omitiu '2',Apto_2023-05-16_06-08-52_2023-05-16_10-01-06
EasyOCR,Chassi,cropped_2606_0f734f5c-ee85-4aec-97be-20d0e4910f83.jpg.png,8AJFY29G8D8542130,SAJFY29G808542130,0.11764705882352941,Trocou '8' por 'S' | Trocou 'D' por '0',Apto_2023-05-16_06-57-31_2023-05-16_13-17-36
PaddleOCR,Chassi,cropped_2606_0f734f5c-ee85-4aec-97be-20d0e4910f83.jpg.png,8AJFY29G8D8542130,3AJFY29G8D8542130,0.058823529411764705,Trocou '8' por '3',Apto_2023-05-16_06-57-31_2023-05-16_13-17-36
EasyOCR,Motor,cropped_2606_3da776c4-1af5-4d9b-9805-ff691a2a10e4.jpg.png,1KDA254389,LDF25438,0.4,Trocou '1' por 'L' | Omitiu 'K' | Trocou 'A' por 'F' | Omitiu '9',Apto_2023-05-16_06-57-31_2023-05-16_13-17-36
PaddleOCR,Motor,cropped_2606_3da776c4-1af5-4d9b-9805-ff691a2a10e4.jpg.png,1KDA254389,,1.0,Omitiu '1' | Omitiu 'K' | Omitiu 'D' | Omitiu 'A' | Omitiu '2' | Omitiu '5' | Omitiu '4' | Omitiu '3' | Omitiu '8' | Omitiu '9',Apto_2023-05-16_06-57-31_2023-05-16_13-17-36
Qwen_VL,Motor,cropped_2606_3da776c4-1af5-4d9b-9805-ff691a2a10e4.jpg.png,1KDA254389,1KD254389,0.1,Omitiu 'A',Apto_2023-05-16_06-57-31_2023-05-16_13-17-36
EasyOCR,Chassi,cropped_2609_2e40de0e-951a-4694-bb43-e9098bce670e.jpg.png,9BRBB48E5A5109352,9BRBBA8EBAL109352,0.17647058823529413,Trocou '4' por 'A' | Trocou '5' por 'B' | Trocou '5' por 'L',Apto_2023-05-16_07-06-21_2023-05-16_11-05-55
PaddleOCR,Chassi,cropped_2609_2e40de0e-951a-4694-bb43-e9098bce670e.jpg.png,9BRBB48E5A5109352,9BRB348E5A5109352,0.058823529411764705,Trocou 'B' por '3',Apto_2023-05-16_07-06-21_2023-05-16_11-05-55
Qwen_VL,Chassi,cropped_2609_2e40de0e-951a-4694-bb43-e9098bce670e.jpg.png,9BRBB48E5A5109352,9BBB48E5A5109352,0.058823529411764705,Omitiu 'R',Apto_2023-05-16_07-06-21_2023-05-16_11-05-55
EasyOCR,Motor,cropped_2609_983a8448-1c4e-452c-bdec-9f0314c9561a.jpg.png,4944103,,1.0,Omitiu '4' | Omitiu '9' | Omitiu '4' | Omitiu '4' | Omitiu '1' | Omitiu '0' | Omitiu '3',Apto_2023-05-16_07-06-21_2023-05-16_11-05-55
PaddleOCR,Motor,cropped_2609_983a8448-1c4e-452c-bdec-9f0314c9561a.jpg.png,4944103,,1.0,Omitiu '4' | Omitiu '9' | Omitiu '4' | Omitiu '4' | Omitiu '1' | Omitiu '0' | Omitiu '3',Apto_2023-05-16_07-06-21_2023-05-16_11-05-55
Qwen_VL,Motor,cropped_2609_983a8448-1c4e-452c-bdec-9f0314c9561a.jpg.png,4944103,1944103,0.14285714285714285,Trocou '4' por '1',Apto_2023-05-16_07-06-21_2023-05-16_11-05-55
EasyOCR,Chassi,cropped_2642_0af0a056-6696-4f62-80e7-71e6690a53a9.jpg.png,9BWLB05U2CP022554,OEEBOSUZEP022534,0.5294117647058824,Trocou '9' por 'O' | Trocou 'B' por 'E' | Trocou 'W' por 'E' | Omitiu 'L' | Trocou '0' por 'O' | Trocou '5' por 'S' | Trocou '2' por 'Z' | Trocou 'C' por 'E' | Trocou '5' por '3',Apto_2023-05-16_10-09-52_2023-05-17_05-26-02
PaddleOCR,Chassi,cropped_2642_0af0a056-6696-4f62-80e7-71e6690a53a9.jpg.png,9BWLB05U2CP022554,9311805U2CP02254,0.29411764705882354,Trocou 'B' por '3' | Trocou 'W' por '1' | Trocou 'L' por '1' | Trocou 'B' por '8' | Omitiu '5',Apto_2023-05-16_10-09-52_2023-05-17_05-26-02
Qwen_VL,Chassi,cropped_2642_0af0a056-6696-4f62-80e7-71e6690a53a9.jpg.png,9BWLB05U2CP022554,9HJL805U2EP022554,0.23529411764705882,Trocou 'B' por 'H' | Trocou 'W' por 'J' | Trocou 'B' por '8' | Trocou 'C' por 'E',Apto_2023-05-16_10-09-52_2023-05-17_05-26-02
EasyOCR,Motor,cropped_2642_532daa7a-062c-43b2-84b3-ad9801463067.jpg.png,CCR490659,CCP490,0.4444444444444444,Trocou 'R' por 'P' | Omitiu '6' | Omitiu '5' | Omitiu '9',Apto_2023-05-16_10-09-52_2023-05-17_05-26-02
PaddleOCR,Motor,cropped_2642_532daa7a-062c-43b2-84b3-ad9801463067.jpg.png,CCR490659,,1.0,Omitiu 'C' | Omitiu 'C' | Omitiu 'R' | Omitiu '4' | Omitiu '9' | Omitiu '0' | Omitiu '6' | Omitiu '5' | Omitiu '9',Apto_2023-05-16_10-09-52_2023-05-17_05-26-02
Qwen_VL,Motor,cropped_2642_532daa7a-062c-43b2-84b3-ad9801463067.jpg.png,CCR490659,CCP190659,0.2222222222222222,Trocou 'R' por 'P' | Trocou '4' por '1',Apto_2023-05-16_10-09-52_2023-05-17_05-26-02
EasyOCR,Chassi,cropped_2660_5aa09daf-3b9a-4a35-933a-f73e7474c383.jpg.png,9BRB33BE5P2130485,9BRBSSBESF213043,0.35294117647058826,Trocou '3' por 'S' | Trocou '3' por 'S' | Trocou '5' por 'S' | Trocou 'P' por 'F' | Trocou '8' por '3' | Omitiu '5',Apto_2023-05-16_11-17-33_2023-05-17_05-14-10
PaddleOCR,Chassi,cropped_2660_5aa09daf-3b9a-4a35-933a-f73e7474c383.jpg.png,9BRB33BE5P2130485,OBRB3OBPDPO1O0485,0.35294117647058826,Trocou '9' por 'O' | Trocou '3' por 'O' | Trocou 'E' por 'P' | Trocou '5' por 'D' | Trocou '2' por 'O' | Trocou '3' por 'O',Apto_2023-05-16_11-17-33_2023-05-17_05-14-10
EasyOCR,Motor,cropped_2660_722f266e-1f5a-41cf-8a02-e0054d142c2d.jpg.png,AC05361,4C053620A,0.5714285714285714,Trocou 'A' por '4' | Inventou '2' | Inventou '0' | Trocou '1' por 'A',Apto_2023-05-16_11-17-33_2023-05-17_05-14-10
PaddleOCR,Motor,cropped_2660_722f266e-1f5a-41cf-8a02-e0054d142c2d.jpg.png,AC05361,AC0536M20A,0.5714285714285714,Inventou 'M' | Inventou '2' | Inventou '0' | Trocou '1' por 'A',Apto_2023-05-16_11-17-33_2023-05-17_05-14-10
Qwen_VL,Motor,cropped_2660_722f266e-1f5a-41cf-8a02-e0054d142c2d.jpg.png,AC05361,AC0536N20A,0.5714285714285714,Inventou 'N' | Inventou '2' | Inventou '0' | Trocou '1' por 'A',Apto_2023-05-16_11-17-33_2023-05-17_05-14-10
EasyOCR,Chassi,cropped_2735_9ad0194e-3320-448f-b4d7-07fb11ce2875.jpg.png,8AWZZZ9ZZ1A615281,94LLL9LL1A61528,0.5294117647058824,Trocou '8' por '9' | Trocou 'A' por '4' | Trocou 'W' por 'L' | Trocou 'Z' por 'L' | Trocou 'Z' por 'L' | Omitiu 'Z' | Trocou 'Z' por 'L' | Trocou 'Z' por 'L' | Omitiu '1',Apto_2023-05-17_06-09-57_2023-05-17_09-34-19
PaddleOCR,Chassi,cropped_2735_9ad0194e-3320-448f-b4d7-07fb11ce2875.jpg.png,8AWZZZ9ZZ1A615281,,1.0,Omitiu '8' | Omitiu 'A' | Omitiu 'W' | Omitiu 'Z' | Omitiu 'Z' | Omitiu 'Z' | Omitiu '9' | Omitiu 'Z' | Omitiu 'Z' | Omitiu '1' | Omitiu 'A' | Omitiu '6' | Omitiu '1' | Omitiu '5' | Omitiu '2' | Omitiu '8' | Omitiu '1',Apto_2023-05-17_06-09-57_2023-05-17_09-34-19
Qwen_VL,Chassi,cropped_2735_9ad0194e-3320-448f-b4d7-07fb11ce2875.jpg.png,8AWZZZ9ZZ1A615281,2AWZZ9ZZ1A615281,0.11764705882352941,Trocou '8' por '2' | Omitiu 'Z',Apto_2023-05-17_06-09-57_2023-05-17_09-34-19
EasyOCR,Motor,cropped_2735_a7a5ef14-64ed-4817-b2e9-4408c8724ea4.jpg.png,AKL902350,,1.0,Omitiu 'A' | Omitiu 'K' | Omitiu 'L' | Omitiu '9' | Omitiu '0' | Omitiu '2' | Omitiu '3' | Omitiu '5' | Omitiu '0',Apto_2023-05-17_06-09-57_2023-05-17_09-34-19
PaddleOCR,Motor,cropped_2735_a7a5ef14-64ed-4817-b2e9-4408c8724ea4.jpg.png,AKL902350,,1.0,Omitiu 'A' | Omitiu 'K' | Omitiu 'L' | Omitiu '9' | Omitiu '0' | Omitiu '2' | Omitiu '3' | Omitiu '5' | Omitiu '0',Apto_2023-05-17_06-09-57_2023-05-17_09-34-19
Qwen_VL,Motor,cropped_2735_a7a5ef14-64ed-4817-b2e9-4408c8724ea4.jpg.png,AKL902350,H123456789,1.1111111111111112,Inventou 'H' | Trocou 'A' por '1' | Trocou 'K' por '2' | Trocou 'L' por '3' | Trocou '9' por '4' | Trocou '0' por '5' | Trocou '2' por '6' | Trocou '3' por '7' | Trocou '5' por '8' | Trocou '0' por '9',Apto_2023-05-17_06-09-57_2023-05-17_09-34-19
EasyOCR,Chassi,cropped_2800_1b224ae6-3fbe-47b3-9572-8b0d45bc3863.jpg.png,9BFLF47PXFB002542,9BFLF47FXFB002542,0.058823529411764705,Trocou 'P' por 'F',Apto_2023-05-17_11-34-44_2023-05-17_13-37-08
Qwen_VL,Chassi,cropped_2800_1b224ae6-3fbe-47b3-9572-8b0d45bc3863.jpg.png,9BFLF47PXFB002542,9BFLF47PXB002542,0.058823529411764705,Omitiu 'F',Apto_2023-05-17_11-34-44_2023-05-17_13-37-08
EasyOCR,Motor,cropped_2800_faeeb641-73dc-4c47-bfce-bae077d8b0fa.jpg.png,89644049,396440,0.375,Trocou '8' por '3' | Omitiu '4' | Omitiu '9',Apto_2023-05-17_11-34-44_2023-05-17_13-37-08
PaddleOCR,Motor,cropped_2800_faeeb641-73dc-4c47-bfce-bae077d8b0fa.jpg.png,89644049,3964404,0.25,Trocou '8' por '3' | Omitiu '9',Apto_2023-05-17_11-34-44_2023-05-17_13-37-08
Qwen_VL,Motor,cropped_2800_faeeb641-73dc-4c47-bfce-bae077d8b0fa.jpg.png,89644049,29644049,0.125,Trocou '8' por '2',Apto_2023-05-17_11-34-44_2023-05-17_13-37-08
EasyOCR,Chassi,cropped_2827_70d01057-494d-449a-b88d-59d3dd85193f.jpg.png,9BD27803M97166922,9B027803MJZ56922,0.29411764705882354,Trocou 'D' por '0' | Trocou '9' por 'J' | Trocou '7' por 'Z' | Trocou '1' por '5' | Omitiu '6',Apto_2023-05-18_04-53-11_2023-05-18_06-32-27
PaddleOCR,Chassi,cropped_2827_70d01057-494d-449a-b88d-59d3dd85193f.jpg.png,9BD27803M97166922,98027803M6922,0.35294117647058826,Trocou 'B' por '8' | Trocou 'D' por '0' | Omitiu '9' | Omitiu '7' | Omitiu '1' | Omitiu '6',Apto_2023-05-18_04-53-11_2023-05-18_06-32-27
Qwen_VL,Chassi,cropped_2827_70d01057-494d-449a-b88d-59d3dd85193f.jpg.png,9BD27803M97166922,9B027803M9766922,0.11764705882352941,Trocou 'D' por '0' | Omitiu '1',Apto_2023-05-18_04-53-11_2023-05-18_06-32-27
EasyOCR,Motor,cropped_2827_6e0571db-2549-487c-909c-e7030239e65b.jpg.png,310A20118877127,3IOAL8877,0.6,Trocou '1' por 'I' | Trocou '0' por 'O' | Trocou '2' por 'L' | Omitiu '0' | Omitiu '1' | Omitiu '1' | Omitiu '7' | Omitiu '1' | Omitiu '2',Apto_2023-05-18_04-53-11_2023-05-18_06-32-27
PaddleOCR,Motor,cropped_2827_6e0571db-2549-487c-909c-e7030239e65b.jpg.png,310A20118877127,,1.0,Omitiu '3' | Omitiu '1' | Omitiu '0' | Omitiu 'A' | Omitiu '2' | Omitiu '0' | Omitiu '1' | Omitiu '1' | Omitiu '8' | Omitiu '8' | Omitiu '7' | Omitiu '7' | Omitiu '1' | Omitiu '2' | Omitiu '7',Apto_2023-05-18_04-53-11_2023-05-18_06-32-27
Qwen_VL,Motor,cropped_2827_6e0571db-2549-487c-909c-e7030239e65b.jpg.png,310A20118877127,20170707,0.6666666666666666,Omitiu '3' | Omitiu '1' | Omitiu '0' | Omitiu 'A' | Trocou '1' por '7' | Trocou '8' por '0' | Omitiu '8' | Trocou '7' por '0' | Omitiu '1' | Omitiu '2',Apto_2023-05-18_04-53-11_2023-05-18_06-32-27
EasyOCR,Chassi,cropped_2854_fa61a88f-90eb-40d1-8846-ff01d365c61c.jpg.png,9C2ND07006R004866,9C2NDO7OO6R004866,0.17647058823529413,Trocou '0' por 'O' | Trocou '0' por 'O' | Trocou '0' por 'O',Apto_2023-05-18_06-53-54_2023-05-18_07-25-07
EasyOCR,Motor,cropped_2854_8f245c76-f494-461f-8bab-ff08a7dea375.jpg.png,ND07E6004866,NDO7E6004866,0.08333333333333333,Trocou '0' por 'O',Apto_2023-05-18_06-53-54_2023-05-18_07-25-07
PaddleOCR,Motor,cropped_2854_8f245c76-f494-461f-8bab-ff08a7dea375.jpg.png,ND07E6004866,ND07E99817009,0.6666666666666666,Inventou '9' | Trocou '6' por '9' | Trocou '0' por '8' | Trocou '0' por '1' | Trocou '4' por '7' | Trocou '8' por '0' | Trocou '6' por '0' | Trocou '6' por '9',Apto_2023-05-18_06-53-54_2023-05-18_07-25-07
EasyOCR,Chassi,cropped_2869_a8a14074-4008-4aea-803c-dd12a42bf535.jpg.png,9BD15822544496900,9BD45822596900,0.23529411764705882,Trocou '1' por '4' | Omitiu '4' | Omitiu '4' | Omitiu '4',Apto_2023-05-18_09-21-12_2023-05-18_10-06-08
PaddleOCR,Chassi,cropped_2869_a8a14074-4008-4aea-803c-dd12a42bf535.jpg.png,9BD15822544496900,OBDAS,0.8823529411764706,Trocou '9' por 'O' | Trocou '1' por 'A' | Trocou '5' por 'S' | Omitiu '8' | Omitiu '2' | Omitiu '2' | Omitiu '5' | Omitiu '4' | Omitiu '4' | Omitiu '4' | Omitiu '9' | Omitiu '6' | Omitiu '9' | Omitiu '0' | Omitiu '0',Apto_2023-05-18_09-21-12_2023-05-18_10-06-08
Qwen_VL,Chassi,cropped_2869_a8a14074-4008-4aea-803c-dd12a42bf535.jpg.png,9BD15822544496900,YBD15822524496000,0.17647058823529413,Trocou '9' por 'Y' | Trocou '4' por '2' | Trocou '9' por '0',Apto_2023-05-18_09-21-12_2023-05-18_10-06-08
EasyOCR,Motor,cropped_2869_7847f0b6-ca62-44bf-bf43-bfdb9cc7f896.jpg.png,178D90115783088,,1.0,Omitiu '1' | Omitiu '7' | Omitiu '8' | Omitiu 'D' | Omitiu '9' | Omitiu '0' | Omitiu '1' | Omitiu '1' | Omitiu '5' | Omitiu '7' | Omitiu '8' | Omitiu '3' | Omitiu '0' | Omitiu '8' | Omitiu '8',Apto_2023-05-18_09-21-12_2023-05-18_10-06-08
PaddleOCR,Motor,cropped_2869_7847f0b6-ca62-44bf-bf43-bfdb9cc7f896.jpg.png,178D90115783088,,1.0,Omitiu '1' | Omitiu '7' | Omitiu '8' | Omitiu 'D' | Omitiu '9' | Omitiu '0' | Omitiu '1' | Omitiu '1' | Omitiu '5' | Omitiu '7' | Omitiu '8' | Omitiu '3' | Omitiu '0' | Omitiu '8' | Omitiu '8',Apto_2023-05-18_09-21-12_2023-05-18_10-06-08
Qwen_VL,Motor,cropped_2869_7847f0b6-ca62-44bf-bf43-bfdb9cc7f896.jpg.png,178D90115783088,19911990,0.6666666666666666,Trocou '7' por '9' | Omitiu '8' | Omitiu 'D' | Omitiu '0' | Trocou '5' por '9' | Trocou '7' por '9' | Omitiu '8' | Omitiu '3' | Omitiu '8' | Omitiu '8',Apto_2023-05-18_09-21-12_2023-05-18_10-06-08
EasyOCR,Chassi,cropped_2933_899c6c3f-b5ee-4127-87cc-5b59cd8ee556.jpg.png,9ADB0902CDM362472,9ADBO9O2CDN36247262012,0.47058823529411764,Trocou '0' por 'O' | Trocou '0' por 'O' | Trocou 'M' por 'N' | Inventou '2' | Inventou '6' | Inventou '2' | Inventou '0' | Inventou '1',Apto_2023-05-19_04-19-23_2023-05-19_10-24-24
PaddleOCR,Chassi,cropped_2933_899c6c3f-b5ee-4127-87cc-5b59cd8ee556.jpg.png,9ADB0902CDM362472,9ADB0902CDM3624722012X,0.29411764705882354,Inventou '2' | Inventou '0' | Inventou '1' | Inventou '2' | Inventou 'X',Apto_2023-05-19_04-19-23_2023-05-19_10-24-24
Qwen_VL,Chassi,cropped_2933_899c6c3f-b5ee-4127-87cc-5b59cd8ee556.jpg.png,9ADB0902CDM362472,9ADB0902CDM3624722012,0.23529411764705882,Inventou '2' | Inventou '0' | Inventou '1' | Inventou '2',Apto_2023-05-19_04-19-23_2023-05-19_10-24-24
EasyOCR,Chassi,cropped_2935_fee223a9-2800-4b51-a601-8ca61965b86d.jpg.png,9BRBDWHE5G0289105,9BRBDWHESC0289105,0.11764705882352941,Trocou '5' por 'S' | Trocou 'G' por 'C',Apto_2023-05-19_04-31-29_2023-05-19_06-49-14
PaddleOCR,Chassi,cropped_2935_fee223a9-2800-4b51-a601-8ca61965b86d.jpg.png,9BRBDWHE5G0289105,93R3DW0E5G0289105,0.17647058823529413,Trocou 'B' por '3' | Trocou 'B' por '3' | Trocou 'H' por '0',Apto_2023-05-19_04-31-29_2023-05-19_06-49-14
EasyOCR,Motor,cropped_2935_91535bfe-9aa0-42c2-b4b7-0fb01ac9fece.jpg.png,M340466,ZRAM340466,0.42857142857142855,Inventou 'Z' | Inventou 'R' | Inventou 'A',Apto_2023-05-19_04-31-29_2023-05-19_06-49-14
PaddleOCR,Motor,cropped_2935_91535bfe-9aa0-42c2-b4b7-0fb01ac9fece.jpg.png,M340466,M34046,0.14285714285714285,Omitiu '6',Apto_2023-05-19_04-31-29_2023-05-19_06-49-14
EasyOCR,Chassi,cropped_3021_da055de9-9709-4db5-9aa9-9ba85d236115.jpg.png,9BWCA01J814069407,9B1IA0181L069207,0.29411764705882354,Trocou 'W' por '1' | Trocou 'C' por 'I' | Omitiu 'J' | Trocou '4' por 'L' | Trocou '4' por '2',Apto_2023-05-19_09-57-13_2023-05-19_12-53-51
PaddleOCR,Chassi,cropped_3021_da055de9-9709-4db5-9aa9-9ba85d236115.jpg.png,9BWCA01J814069407,,1.0,Omitiu '9' | Omitiu 'B' | Omitiu 'W' | Omitiu 'C' | Omitiu 'A' | Omitiu '0' | Omitiu '1' | Omitiu 'J' | Omitiu '8' | Omitiu '1' | Omitiu '4' | Omitiu '0' | Omitiu '6' | Omitiu '9' | Omitiu '4' | Omitiu '0' | Omitiu '7',Apto_2023-05-19_09-57-13_2023-05-19_12-53-51
Qwen_VL,Chassi,cropped_3021_da055de9-9709-4db5-9aa9-9ba85d236115.jpg.png,9BWCA01J814069407,9BWCAD11814059407,0.17647058823529413,Trocou '0' por 'D' | Trocou 'J' por '1' | Trocou '6' por '5',Apto_2023-05-19_09-57-13_2023-05-19_12-53-51
EasyOCR,Motor,cropped_3021_f6a5e0e8-6fb0-4979-811b-0b0abe80d80f.jpg.png,BAH007722,,1.0,Omitiu 'B' | Omitiu 'A' | Omitiu 'H' | Omitiu '0' | Omitiu '0' | Omitiu '7' | Omitiu '7' | Omitiu '2' | Omitiu '2',Apto_2023-05-19_09-57-13_2023-05-19_12-53-51
PaddleOCR,Motor,cropped_3021_f6a5e0e8-6fb0-4979-811b-0b0abe80d80f.jpg.png,BAH007722,,1.0,Omitiu 'B' | Omitiu 'A' | Omitiu 'H' | Omitiu '0' | Omitiu '0' | Omitiu '7' | Omitiu '7' | Omitiu '2' | Omitiu '2',Apto_2023-05-19_09-57-13_2023-05-19_12-53-51
Qwen_VL,Motor,cropped_3021_f6a5e0e8-6fb0-4979-811b-0b0abe80d80f.jpg.png,BAH007722,THEYDEPTHS,1.1111111111111112,Inventou 'T' | Trocou 'B' por 'H' | Trocou 'A' por 'E' | Trocou 'H' por 'Y' | Trocou '0' por 'D' | Trocou '0' por 'E' | Trocou '7' por 'P' | Trocou '7' por 'T' | Trocou '2' por 'H' | Trocou '2' por 'S',Apto_2023-05-19_09-57-13_2023-05-19_12-53-51
EasyOCR,Chassi,cropped_3042_00562cf1-2433-4fe8-9053-aa76a0a49cda.jpg.png,9BGJK69RSRB006721,GBGJK69RSRBO0872,0.23529411764705882,Trocou '9' por 'G' | Trocou '0' por 'O' | Trocou '6' por '8' | Omitiu '1',Apto_2023-05-19_11-10-16_2023-05-19_12-47-43
PaddleOCR,Chassi,cropped_3042_00562cf1-2433-4fe8-9053-aa76a0a49cda.jpg.png,9BGJK69RSRB006721,9BGJK69RSRBOO672,0.17647058823529413,Trocou '0' por 'O' | Trocou '0' por 'O' | Omitiu '1',Apto_2023-05-19_11-10-16_2023-05-19_12-47-43
Qwen_VL,Chassi,cropped_3042_00562cf1-2433-4fe8-9053-aa76a0a49cda.jpg.png,9BGJK69RSRB006721,9BGJK69RSRB000672,0.11764705882352941,Inventou '0' | Omitiu '1',Apto_2023-05-19_11-10-16_2023-05-19_12-47-43
EasyOCR,Motor,cropped_3042_a534d7ea-665d-4067-842e-3af88e3aed60.jpg.png,B20NZ31099531,BZONZ31090531,0.23076923076923078,Trocou '2' por 'Z' | Trocou '0' por 'O' | Trocou '9' por '0',Apto_2023-05-19_11-10-16_2023-05-19_12-47-43
PaddleOCR,Motor,cropped_3042_a534d7ea-665d-4067-842e-3af88e3aed60.jpg.png,B20NZ31099531,B2ONZ31099531,0.07692307692307693,Trocou '0' por 'O',Apto_2023-05-19_11-10-16_2023-05-19_12-47-43
EasyOCR,Chassi,cropped_3084_11434913-e16e-40ac-9df0-250980c2fd07.jpg.png,9BVAG30D0EE823447,9BVAG3ODOEE03L47,0.29411764705882354,Trocou '0' por 'O' | Trocou '0' por 'O' | Trocou '8' por '0' | Omitiu '2' | Trocou '4' por 'L',Apto_2023-05-20_06-39-02_2023-05-20_07-40-32
Qwen_VL,Chassi,cropped_3084_11434913-e16e-40ac-9df0-250980c2fd07.jpg.png,9BVAG30D0EE823447,9BVAG30D0EE823L47,0.058823529411764705,Trocou '4' por 'L',Apto_2023-05-20_06-39-02_2023-05-20_07-40-32
EasyOCR,Motor,cropped_3084_8cacf987-2a15-48e3-b659-0feb5407bf7c.jpg.png,D13887786C1E,0138778,0.5,Trocou 'D' por '0' | Omitiu '8' | Omitiu '6' | Omitiu 'C' | Omitiu '1' | Omitiu 'E',Apto_2023-05-20_06-39-02_2023-05-20_07-40-32
PaddleOCR,Motor,cropped_3084_8cacf987-2a15-48e3-b659-0feb5407bf7c.jpg.png,D13887786C1E,,1.0,Omitiu 'D' | Omitiu '1' | Omitiu '3' | Omitiu '8' | Omitiu '8' | Omitiu '7' | Omitiu '7' | Omitiu '8' | Omitiu '6' | Omitiu 'C' | Omitiu '1' | Omitiu 'E',Apto_2023-05-20_06-39-02_2023-05-20_07-40-32
Qwen_VL,Motor,cropped_3084_8cacf987-2a15-48e3-b659-0feb5407bf7c.jpg.png,D13887786C1E,013X887796X,0.5,Trocou 'D' por '0' | Inventou 'X' | Trocou '8' por '9' | Trocou 'C' por 'X' | Omitiu '1' | Omitiu 'E',Apto_2023-05-20_06-39-02_2023-05-20_07-40-32
EasyOCR,Chassi,cropped_3094_39f23c20-2907-4cfe-aab3-2b22140039cc.jpg.png,93XSYKL1TKCJ12886,93XSYKLITKCJ12886,0.058823529411764705,Trocou '1' por 'I',Apto_2023-05-22_04-21-02_2023-05-22_05-22-05
EasyOCR,Motor,cropped_3094_e850a508-d74c-46f3-8c61-6e32bd32d987.jpg.png,4N15BAB3119,6JGN15BABB3I,0.6363636363636364,Inventou '6' | Inventou 'J' | Trocou '4' por 'G' | Inventou 'B' | Trocou '1' por 'I' | Omitiu '1' | Omitiu '9',Apto_2023-05-22_04-21-02_2023-05-22_05-22-05
PaddleOCR,Motor,cropped_3094_e850a508-d74c-46f3-8c61-6e32bd32d987.jpg.png,4N15BAB3119,9N15BAB3119,0.09090909090909091,Trocou '4' por '9',Apto_2023-05-22_04-21-02_2023-05-22_05-22-05
Qwen_VL,Motor,cropped_3094_e850a508-d74c-46f3-8c61-6e32bd32d987.jpg.png,4N15BAB3119,N15BAB3119,0.09090909090909091,Omitiu '4',Apto_2023-05-22_04-21-02_2023-05-22_05-22-05
PaddleOCR,Chassi,cropped_3098_5f69aab2-84c9-44db-9a38-b0a21012e8e6.jpg.png,93ZS2MSH0B8809473,93752MSH0B8809473,0.11764705882352941,Trocou 'Z' por '7' | Trocou 'S' por '5',Apto_2023-05-22_04-28-14_2023-05-22_06-53-12
Qwen_VL,Chassi,cropped_3098_5f69aab2-84c9-44db-9a38-b0a21012e8e6.jpg.png,93ZS2MSH0B8809473,93782M3H0B8809473,0.17647058823529413,Trocou 'Z' por '7' | Trocou 'S' por '8' | Trocou 'S' por '3',Apto_2023-05-22_04-28-14_2023-05-22_06-53-12
EasyOCR,Motor,cropped_3098_bb69546c-e7c1-44e6-ba97-8b5b36687528.jpg.png,F3BE06815022962,FJBEV68,0.6666666666666666,Trocou '3' por 'J' | Trocou '0' por 'V' | Omitiu '1' | Omitiu '5' | Omitiu '0' | Omitiu '2' | Omitiu '2' | Omitiu '9' | Omitiu '6' | Omitiu '2',Apto_2023-05-22_04-28-14_2023-05-22_06-53-12
PaddleOCR,Motor,cropped_3098_bb69546c-e7c1-44e6-ba97-8b5b36687528.jpg.png,F3BE06815022962,,1.0,Omitiu 'F' | Omitiu '3' | Omitiu 'B' | Omitiu 'E' | Omitiu '0' | Omitiu '6' | Omitiu '8' | Omitiu '1' | Omitiu '5' | Omitiu '0' | Omitiu '2' | Omitiu '2' | Omitiu '9' | Omitiu '6' | Omitiu '2',Apto_2023-05-22_04-28-14_2023-05-22_06-53-12
Qwen_VL,Motor,cropped_3098_bb69546c-e7c1-44e6-ba97-8b5b36687528.jpg.png,F3BE06815022962,F38868145822962,0.3333333333333333,Trocou 'B' por '8' | Trocou 'E' por '8' | Omitiu '0' | Inventou '4' | Trocou '0' por '8',Apto_2023-05-22_04-28-14_2023-05-22_06-53-12
EasyOCR,Chassi,cropped_3138_740cc4f3-71e4-4308-bcfc-1ec6f16256bc.jpg.png,93YHSR3H5KJ757194,JYHSRJHEKJ757194,0.23529411764705882,Trocou '9' por 'J' | Omitiu '3' | Trocou '3' por 'J' | Trocou '5' por 'E',Apto_2023-05-22_06-01-05_2023-05-22_09-28-11
PaddleOCR,Chassi,cropped_3138_740cc4f3-71e4-4308-bcfc-1ec6f16256bc.jpg.png,93YHSR3H5KJ757194,3YHSR3H5KJ757194,0.058823529411764705,Omitiu '9',Apto_2023-05-22_06-01-05_2023-05-22_09-28-11
Qwen_VL,Chassi,cropped_3138_740cc4f3-71e4-4308-bcfc-1ec6f16256bc.jpg.png,93YHSR3H5KJ757194,3YHSR3H5KJ757194,0.058823529411764705,Omitiu '9',Apto_2023-05-22_06-01-05_2023-05-22_09-28-11
EasyOCR,Motor,cropped_3138_e17be183-ff61-4d42-8f07-c92e10b1582b.jpg.png,H4MF735Q044381,KANF,0.9285714285714286,Trocou 'H' por 'K' | Trocou '4' por 'A' | Trocou 'M' por 'N' | Omitiu '7' | Omitiu '3' | Omitiu '5' | Omitiu 'Q' | Omitiu '0' | Omitiu '4' | Omitiu '4' | Omitiu '3' | Omitiu '8' | Omitiu '1',Apto_2023-05-22_06-01-05_2023-05-22_09-28-11
PaddleOCR,Motor,cropped_3138_e17be183-ff61-4d42-8f07-c92e10b1582b.jpg.png,H4MF735Q044381,,1.0,Omitiu 'H' | Omitiu '4' | Omitiu 'M' | Omitiu 'F' | Omitiu '7' | Omitiu '3' | Omitiu '5' | Omitiu 'Q' | Omitiu '0' | Omitiu '4' | Omitiu '4' | Omitiu '3' | Omitiu '8' | Omitiu '1',Apto_2023-05-22_06-01-05_2023-05-22_09-28-11
Qwen_VL,Motor,cropped_3138_e17be183-ff61-4d42-8f07-c92e10b1582b.jpg.png,H4MF735Q044381,HAM75084691,0.5,Trocou '4' por 'A' | Omitiu 'F' | Omitiu '3' | Omitiu 'Q' | Trocou '4' por '8' | Trocou '3' por '6' | Trocou '8' por '9',Apto_2023-05-22_06-01-05_2023-05-22_09-28-11
EasyOCR,Chassi,cropped_3170_e5c984d5-c2b0-4b46-bd20-49595ff23cb7.jpg.png,9BG148MH0DC473278,9BG14XMHODC473272,0.17647058823529413,Trocou '8' por 'X' | Trocou '0' por 'O' | Trocou '8' por '2',Apto_2023-05-22_09-29-43_2023-05-22_10-25-03
PaddleOCR,Chassi,cropped_3170_e5c984d5-c2b0-4b46-bd20-49595ff23cb7.jpg.png,9BG148MH0DC473278,9B5748MH0DC473278,0.11764705882352941,Trocou 'G' por '5' | Trocou '1' por '7',Apto_2023-05-22_09-29-43_2023-05-22_10-25-03
Qwen_VL,Chassi,cropped_3170_e5c984d5-c2b0-4b46-bd20-49595ff23cb7.jpg.png,9BG148MH0DC473278,9BG148MHODG473278,0.11764705882352941,Trocou '0' por 'O' | Trocou 'C' por 'G',Apto_2023-05-22_09-29-43_2023-05-22_10-25-03
EasyOCR,Motor,cropped_3170_f8ff27fa-42f3-4ff8-b840-3d3af5464371.jpg.png,V1A047373,VC47373,0.3333333333333333,Trocou '1' por 'C' | Omitiu 'A' | Omitiu '0',Apto_2023-05-22_09-29-43_2023-05-22_10-25-03
PaddleOCR,Motor,cropped_3170_f8ff27fa-42f3-4ff8-b840-3d3af5464371.jpg.png,V1A047373,V1A04733,0.1111111111111111,Omitiu '7',Apto_2023-05-22_09-29-43_2023-05-22_10-25-03
EasyOCR,Chassi,cropped_3203_13c9bd0d-d4f3-4ad9-b05f-550793eddcc7.jpg.png,9BWAB01J694025180,9BWABO11694025180,0.11764705882352941,Trocou '0' por 'O' | Trocou 'J' por '1',Apto_2023-05-22_11-01-25_2023-05-22_12-27-43
Qwen_VL,Chassi,cropped_3203_13c9bd0d-d4f3-4ad9-b05f-550793eddcc7.jpg.png,9BWAB01J694025180,9BVAB01J694025180,0.058823529411764705,Trocou 'W' por 'V',Apto_2023-05-22_11-01-25_2023-05-22_12-27-43
EasyOCR,Motor,cropped_3203_96d0b710-e196-4169-b9fb-5021ad6c9136.jpg.png,CCR103385,ECR70385,0.3333333333333333,Trocou 'C' por 'E' | Trocou '1' por '7' | Omitiu '3',Apto_2023-05-22_11-01-25_2023-05-22_12-27-43
PaddleOCR,Motor,cropped_3203_96d0b710-e196-4169-b9fb-5021ad6c9136.jpg.png,CCR103385,CCR1O3385,0.1111111111111111,Trocou '0' por 'O',Apto_2023-05-22_11-01-25_2023-05-22_12-27-43
Qwen_VL,Motor,cropped_3203_96d0b710-e196-4169-b9fb-5021ad6c9136.jpg.png,CCR103385,103785,0.4444444444444444,Omitiu 'C' | Omitiu 'C' | Omitiu 'R' | Trocou '3' por '7',Apto_2023-05-22_11-01-25_2023-05-22_12-27-43
EasyOCR,Chassi,cropped_3210_f122aa62-4948-4e11-a72a-bab535fdef63.jpg.png,98822617CLKC86755,83226TKC86755,0.35294117647058826,Omitiu '9' | Trocou '8' por '3' | Trocou '1' por 'T' | Omitiu '7' | Omitiu 'C' | Omitiu 'L',Apto_2023-05-22_11-24-39_2023-05-22_12-36-14
PaddleOCR,Chassi,cropped_3210_f122aa62-4948-4e11-a72a-bab535fdef63.jpg.png,98822617CLKC86755,882261768675,0.35294117647058826,Omitiu '9' | Trocou 'C' por '6' | Omitiu 'L' | Omitiu 'K' | Omitiu 'C' | Omitiu '5',Apto_2023-05-22_11-24-39_2023-05-22_12-36-14
Qwen_VL,Chassi,cropped_3210_f122aa62-4948-4e11-a72a-bab535fdef63.jpg.png,98822617CLKC86755,988226170LK86755,0.11764705882352941,Trocou 'C' por '0' | Omitiu 'C',Apto_2023-05-22_11-24-39_2023-05-22_12-36-14
EasyOCR,Motor,cropped_3210_30179759-2849-411d-8569-dfe4543e1ab2.jpg.png,552616748839573,552646748839573,0.06666666666666667,Trocou '1' por '4',Apto_2023-05-22_11-24-39_2023-05-22_12-36-14
PaddleOCR,Motor,cropped_3210_30179759-2849-411d-8569-dfe4543e1ab2.jpg.png,552616748839573,X883957355261674,0.9333333333333333,Trocou '5' por 'X' | Trocou '5' por '8' | Trocou '2' por '8' | Trocou '6' por '3' | Trocou '1' por '9' | Trocou '6' por '5' | Inventou '3' | Trocou '4' por '5' | Trocou '8' por '5' | Trocou '8' por '2' | Trocou '3' por '6' | Trocou '9' por '1' | Trocou '5' por '6' | Trocou '3' por '4',Apto_2023-05-22_11-24-39_2023-05-22_12-36-14
Qwen_VL,Motor,cropped_3210_30179759-2849-411d-8569-dfe4543e1ab2.jpg.png,552616748839573,552616148839573,0.06666666666666667,Trocou '7' por '1',Apto_2023-05-22_11-24-39_2023-05-22_12-36-14
EasyOCR,Chassi,cropped_3232_a4ca641b-6868-46ab-a633-40028ed152b2.jpg.png,9C2PC4820JR000658,,1.0,Omitiu '9' | Omitiu 'C' | Omitiu '2' | Omitiu 'P' | Omitiu 'C' | Omitiu '4' | Omitiu '8' | Omitiu '2' | Omitiu '0' | Omitiu 'J' | Omitiu 'R' | Omitiu '0' | Omitiu '0' | Omitiu '0' | Omitiu '6' | Omitiu '5' | Omitiu '8',Apto_2023-05-22_12-28-20_2023-06-02_07-42-15
PaddleOCR,Chassi,cropped_3232_a4ca641b-6868-46ab-a633-40028ed152b2.jpg.png,9C2PC4820JR000658,,1.0,Omitiu '9' | Omitiu 'C' | Omitiu '2' | Omitiu 'P' | Omitiu 'C' | Omitiu '4' | Omitiu '8' | Omitiu '2' | Omitiu '0' | Omitiu 'J' | Omitiu 'R' | Omitiu '0' | Omitiu '0' | Omitiu '0' | Omitiu '6' | Omitiu '5' | Omitiu '8',Apto_2023-05-22_12-28-20_2023-06-02_07-42-15
Qwen_VL,Chassi,cropped_3232_a4ca641b-6868-46ab-a633-40028ed152b2.jpg.png,9C2PC4820JR000658,22748201500453,0.5294117647058824,Trocou '9' por '2' | Omitiu 'C' | Trocou 'P' por '7' | Omitiu 'C' | Trocou 'J' por '1' | Trocou 'R' por '5' | Trocou '0' por '4' | Omitiu '6' | Trocou '8' por '3',Apto_2023-05-22_12-28-20_2023-06-02_07-42-15
EasyOCR,Motor,cropped_3232_46e0dc40-688c-4164-b44b-1a7be6a3ac0b.jpg.png,PC48E2J000658,P48E23000658,0.15384615384615385,Omitiu 'C' | Trocou 'J' por '3',Apto_2023-05-22_12-28-20_2023-06-02_07-42-15
PaddleOCR,Motor,cropped_3232_46e0dc40-688c-4164-b44b-1a7be6a3ac0b.jpg.png,PC48E2J000658,PCL8E23000658,0.15384615384615385,Trocou '4' por 'L' | Trocou 'J' por '3',Apto_2023-05-22_12-28-20_2023-06-02_07-42-15
Qwen_VL,Motor,cropped_3232_46e0dc40-688c-4164-b44b-1a7be6a3ac0b.jpg.png,PC48E2J000658,PC48E25000658,0.07692307692307693,Trocou 'J' por '5',Apto_2023-05-22_12-28-20_2023-06-02_07-42-15
EasyOCR,Chassi,cropped_3266_6c0196b2-955e-4d36-968d-29370ea35c19.jpg.png,9BM345413HB762825,9BM346413HB62825,0.11764705882352941,Trocou '5' por '6' | Omitiu '7',Apto_2023-05-23_05-30-27_2023-05-23_14-18-06
PaddleOCR,Chassi,cropped_3266_6c0196b2-955e-4d36-968d-29370ea35c19.jpg.png,9BM345413HB762825,93M34541313762825,0.17647058823529413,Trocou 'B' por '3' | Trocou 'H' por '1' | Trocou 'B' por '3',Apto_2023-05-23_05-30-27_2023-05-23_14-18-06
Qwen_VL,Motor,cropped_3266_afb9f228-6553-437f-96b6-1938199a86a8.jpg.png,SP0307102,SP0307182,0.1111111111111111,Trocou '0' por '8',Apto_2023-05-23_05-30-27_2023-05-23_14-18-06
EasyOCR,Motor,cropped_3288_18d08a19-5df1-4ced-9c0c-293b85feb960.jpg.png,GK8057084,GK805034,0.2222222222222222,Omitiu '7' | Trocou '8' por '3',Apto_2023-05-23_06-51-22_2023-05-23_09-28-05
PaddleOCR,Motor,cropped_3288_18d08a19-5df1-4ced-9c0c-293b85feb960.jpg.png,GK8057084,GK805208,0.2222222222222222,Trocou '7' por '2' | Omitiu '4',Apto_2023-05-23_06-51-22_2023-05-23_09-28-05
EasyOCR,Chassi,cropped_3303_1a66193e-48d1-419e-af47-5d5c3465061b.jpg.png,9C2JC7000MR027723,A2I7OCONRO277,0.6470588235294118,Trocou '9' por 'A' | Omitiu 'C' | Trocou 'J' por 'I' | Omitiu 'C' | Trocou '0' por 'O' | Trocou '0' por 'C' | Trocou '0' por 'O' | Trocou 'M' por 'N' | Trocou '0' por 'O' | Omitiu '2' | Omitiu '3',Apto_2023-05-23_09-15-55_2023-05-23_10-25-30
PaddleOCR,Chassi,cropped_3303_1a66193e-48d1-419e-af47-5d5c3465061b.jpg.png,9C2JC7000MR027723,,1.0,Omitiu '9' | Omitiu 'C' | Omitiu '2' | Omitiu 'J' | Omitiu 'C' | Omitiu '7' | Omitiu '0' | Omitiu '0' | Omitiu '0' | Omitiu 'M' | Omitiu 'R' | Omitiu '0' | Omitiu '2' | Omitiu '7' | Omitiu '7' | Omitiu '2' | Omitiu '3',Apto_2023-05-23_09-15-55_2023-05-23_10-25-30
Qwen_VL,Chassi,cropped_3303_1a66193e-48d1-419e-af47-5d5c3465061b.jpg.png,9C2JC7000MR027723,20230223,0.6470588235294118,Omitiu '9' | Omitiu 'C' | Omitiu 'J' | Omitiu 'C' | Omitiu '7' | Trocou '0' por '2' | Trocou '0' por '3' | Omitiu 'M' | Omitiu 'R' | Omitiu '7' | Omitiu '7',Apto_2023-05-23_09-15-55_2023-05-23_10-25-30
EasyOCR,Motor,cropped_3303_54e891c1-c5e6-42d8-960b-8ce6a0fca395.jpg.png,JC70E0M027781,JC7OEOMO2778,0.3076923076923077,Trocou '0' por 'O' | Trocou '0' por 'O' | Trocou '0' por 'O' | Omitiu '1',Apto_2023-05-23_09-15-55_2023-05-23_10-25-30
PaddleOCR,Motor,cropped_3303_54e891c1-c5e6-42d8-960b-8ce6a0fca395.jpg.png,JC70E0M027781,JC70E0MO27781,0.07692307692307693,Trocou '0' por 'O',Apto_2023-05-23_09-15-55_2023-05-23_10-25-30
EasyOCR,Chassi,cropped_3306_10af656e-c0c8-4672-851c-774e06c83725.jpg.png,9BW2M82T95R536876,9B12M895859676,0.35294117647058826,Trocou 'W' por '1' | Omitiu '2' | Omitiu 'T' | Trocou 'R' por '8' | Trocou '3' por '9' | Omitiu '8',Apto_2023-05-23_09-26-39_2023-05-23_12-03-59
PaddleOCR,Chassi,cropped_3306_10af656e-c0c8-4672-851c-774e06c83725.jpg.png,9BW2M82T95R536876,93W2M82795R566876,0.17647058823529413,Trocou 'B' por '3' | Trocou 'T' por '7' | Trocou '3' por '6',Apto_2023-05-23_09-26-39_2023-05-23_12-03-59
Qwen_VL,Chassi,cropped_3306_10af656e-c0c8-4672-851c-774e06c83725.jpg.png,9BW2M82T95R536876,9B12M82T95R566876,0.11764705882352941,Trocou 'W' por '1' | Trocou '3' por '6',Apto_2023-05-23_09-26-39_2023-05-23_12-03-59
EasyOCR,Motor,cropped_3306_89d6dc79-92cb-49ae-8be3-230e2699fb9c.jpg.png,30553873,95883077,0.75,Trocou '3' por '9' | Trocou '0' por '5' | Trocou '5' por '8' | Trocou '5' por '8' | Trocou '8' por '0' | Trocou '3' por '7',Apto_2023-05-23_09-26-39_2023-05-23_12-03-59
PaddleOCR,Motor,cropped_3306_89d6dc79-92cb-49ae-8be3-230e2699fb9c.jpg.png,30553873,,1.0,Omitiu '3' | Omitiu '0' | Omitiu '5' | Omitiu '5' | Omitiu '3' | Omitiu '8' | Omitiu '7' | Omitiu '3',Apto_2023-05-23_09-26-39_2023-05-23_12-03-59
Qwen_VL,Motor,cropped_3306_89d6dc79-92cb-49ae-8be3-230e2699fb9c.jpg.png,30553873,3453373,0.375,Trocou '0' por '4' | Trocou '5' por '3' | Omitiu '8',Apto_2023-05-23_09-26-39_2023-05-23_12-03-59
EasyOCR,Chassi,cropped_3344_2c6504d2-b8cd-4a70-b97b-c5a8eab5d126.jpg.png,93YHJD204MJ635453,93YHJD204NJ635453,0.058823529411764705,Trocou 'M' por 'N',Apto_2023-05-23_12-04-05_2023-05-23_13-04-20
EasyOCR,Motor,cropped_3344_e565fadc-3076-4b48-9ad2-86752c71cab7.jpg.png,H4MG736Q120425,H4RG7012742,0.42857142857142855,Trocou 'M' por 'R' | Trocou '3' por '0' | Omitiu '6' | Omitiu 'Q' | Trocou '0' por '7' | Omitiu '5',Apto_2023-05-23_12-04-05_2023-05-23_13-04-20
PaddleOCR,Motor,cropped_3344_e565fadc-3076-4b48-9ad2-86752c71cab7.jpg.png,H4MG736Q120425,H4MG701774,0.5,Trocou '3' por '0' | Omitiu '6' | Omitiu 'Q' | Trocou '2' por '7' | Trocou '0' por '7' | Omitiu '2' | Omitiu '5',Apto_2023-05-23_12-04-05_2023-05-23_13-04-20
Qwen_VL,Motor,cropped_3344_e565fadc-3076-4b48-9ad2-86752c71cab7.jpg.png,H4MG736Q120425,H4N67360120133,0.42857142857142855,Trocou 'M' por 'N' | Trocou 'G' por '6' | Trocou 'Q' por '0' | Trocou '4' por '1' | Trocou '2' por '3' | Trocou '5' por '3',Apto_2023-05-23_12-04-05_2023-05-23_13-04-20
EasyOCR,Chassi,cropped_3356_9dc6690d-54e0-4138-9771-af34644ed96d.jpg.png,9BD17164LC5766129,980174641C5756129,0.29411764705882354,Trocou 'B' por '8' | Trocou 'D' por '0' | Trocou '1' por '4' | Trocou 'L' por '1' | Trocou '6' por '5',Apto_2023-05-23_12-53-32_2023-05-23_13-33-14
PaddleOCR,Chassi,cropped_3356_9dc6690d-54e0-4138-9771-af34644ed96d.jpg.png,9BD17164LC5766129,98017164C5766129,0.17647058823529413,Trocou 'B' por '8' | Trocou 'D' por '0' | Omitiu 'L',Apto_2023-05-23_12-53-32_2023-05-23_13-33-14
EasyOCR,Motor,cropped_3356_c166feef-9009-43f1-904b-d3edd318126d.jpg.png,310A10110344431,,1.0,Omitiu '3' | Omitiu '1' | Omitiu '0' | Omitiu 'A' | Omitiu '1' | Omitiu '0' | Omitiu '1' | Omitiu '1' | Omitiu '0' | Omitiu '3' | Omitiu '4' | Omitiu '4' | Omitiu '4' | Omitiu '3' | Omitiu '1',Apto_2023-05-23_12-53-32_2023-05-23_13-33-14
PaddleOCR,Motor,cropped_3356_c166feef-9009-43f1-904b-d3edd318126d.jpg.png,310A10110344431,,1.0,Omitiu '3' | Omitiu '1' | Omitiu '0' | Omitiu 'A' | Omitiu '1' | Omitiu '0' | Omitiu '1' | Omitiu '1' | Omitiu '0' | Omitiu '3' | Omitiu '4' | Omitiu '4' | Omitiu '4' | Omitiu '3' | Omitiu '1',Apto_2023-05-23_12-53-32_2023-05-23_13-33-14
Qwen_VL,Motor,cropped_3356_c166feef-9009-43f1-904b-d3edd318126d.jpg.png,310A10110344431,20170101,0.6666666666666666,Trocou '3' por '2' | Omitiu '1' | Trocou 'A' por '1' | Trocou '1' por '7' | Omitiu '1' | Omitiu '3' | Omitiu '4' | Omitiu '4' | Omitiu '4' | Omitiu '3',Apto_2023-05-23_12-53-32_2023-05-23_13-33-14
EasyOCR,Chassi,cropped_3370_8e7128ed-1d4f-4676-9fd2-73d5794b1e48.jpg.png,9BVAS02C28E742222,9BVAS02628E762222200,0.29411764705882354,Trocou 'C' por '6' | Trocou '4' por '6' | Inventou '2' | Inventou '0' | Inventou '0',Apto_2023-05-24_04-12-07_2023-05-24_06-06-51
PaddleOCR,Chassi,cropped_3370_8e7128ed-1d4f-4676-9fd2-73d5794b1e48.jpg.png,9BVAS02C28E742222,93VAS02C28E7422222008,0.29411764705882354,Trocou 'B' por '3' | Inventou '2' | Inventou '0' | Inventou '0' | Inventou '8',Apto_2023-05-24_04-12-07_2023-05-24_06-06-51
Qwen_VL,Chassi,cropped_3370_8e7128ed-1d4f-4676-9fd2-73d5794b1e48.jpg.png,9BVAS02C28E742222,9BVAS02C28E7422222008,0.23529411764705882,Inventou '2' | Inventou '0' | Inventou '0' | Inventou '8',Apto_2023-05-24_04-12-07_2023-05-24_06-06-51
EasyOCR,Motor,cropped_3370_aa10162a-4f6c-4222-8d12-7305b162a43a.jpg.png,D13812235A1E,013812235ATSE,0.25,Trocou 'D' por '0' | Inventou 'T' | Trocou '1' por 'S',Apto_2023-05-24_04-12-07_2023-05-24_06-06-51
PaddleOCR,Motor,cropped_3370_aa10162a-4f6c-4222-8d12-7305b162a43a.jpg.png,D13812235A1E,D13812235,0.25,Omitiu 'A' | Omitiu '1' | Omitiu 'E',Apto_2023-05-24_04-12-07_2023-05-24_06-06-51
Qwen_VL,Motor,cropped_3370_aa10162a-4f6c-4222-8d12-7305b162a43a.jpg.png,D13812235A1E,D13X812235A1XE,0.16666666666666666,Inventou 'X' | Inventou 'X',Apto_2023-05-24_04-12-07_2023-05-24_06-06-51
EasyOCR,Chassi,cropped_3374_6a6acddb-2334-410c-9292-991c814dfb70.jpg.png,9APB08820KP000101,20199APBOB8ZOKPOQO1O,0.7647058823529411,Inventou '2' | Inventou '0' | Inventou '1' | Inventou '9' | Trocou '0' por 'O' | Trocou '8' por 'B' | Trocou '2' por 'Z' | Trocou '0' por 'O' | Trocou '0' por 'O' | Trocou '0' por 'Q' | Trocou '0' por 'O' | Trocou '0' por 'O' | Omitiu '1',Apto_2023-05-24_04-27-36_2023-05-24_10-51-07
PaddleOCR,Chassi,cropped_3374_6a6acddb-2334-410c-9292-991c814dfb70.jpg.png,9APB08820KP000101,20199AP806620KP000101,0.4117647058823529,Inventou '2' | Inventou '0' | Inventou '1' | Inventou '9' | Trocou 'B' por '8' | Trocou '8' por '6' | Trocou '8' por '6',Apto_2023-05-24_04-27-36_2023-05-24_10-51-07
Qwen_VL,Chassi,cropped_3374_6a6acddb-2334-410c-9292-991c814dfb70.jpg.png,9APB08820KP000101,20199APB08820KP000101,0.23529411764705882,Inventou '2' | Inventou '0' | Inventou '1' | Inventou '9',Apto_2023-05-24_04-27-36_2023-05-24_10-51-07
EasyOCR,Chassi,cropped_3384_d44105c8-31b8-4bdf-bf15-88229fc90d94.jpg.png,8AP372171D6035549,8AP57247116035549,0.17647058823529413,Trocou '3' por '5' | Trocou '1' por '4' | Trocou 'D' por '1',Apto_2023-05-24_05-05-41_2023-05-24_06-10-42
PaddleOCR,Chassi,cropped_3384_d44105c8-31b8-4bdf-bf15-88229fc90d94.jpg.png,8AP372171D6035549,8AP372471D6035549,0.058823529411764705,Trocou '1' por '4',Apto_2023-05-24_05-05-41_2023-05-24_06-10-42
EasyOCR,Motor,cropped_3384_e9077a8e-1c5a-40f6-9fb5-381f6fc8a94a.jpg.png,310A20110780123,,1.0,Omitiu '3' | Omitiu '1' | Omitiu '0' | Omitiu 'A' | Omitiu '2' | Omitiu '0' | Omitiu '1' | Omitiu '1' | Omitiu '0' | Omitiu '7' | Omitiu '8' | Omitiu '0' | Omitiu '1' | Omitiu '2' | Omitiu '3',Apto_2023-05-24_05-05-41_2023-05-24_06-10-42
PaddleOCR,Motor,cropped_3384_e9077a8e-1c5a-40f6-9fb5-381f6fc8a94a.jpg.png,310A20110780123,,1.0,Omitiu '3' | Omitiu '1' | Omitiu '0' | Omitiu 'A' | Omitiu '2' | Omitiu '0' | Omitiu '1' | Omitiu '1' | Omitiu '0' | Omitiu '7' | Omitiu '8' | Omitiu '0' | Omitiu '1' | Omitiu '2' | Omitiu '3',Apto_2023-05-24_05-05-41_2023-05-24_06-10-42
Qwen_VL,Motor,cropped_3384_e9077a8e-1c5a-40f6-9fb5-381f6fc8a94a.jpg.png,310A20110780123,1234567890,0.7333333333333333,Omitiu '3' | Omitiu '0' | Omitiu 'A' | Trocou '0' por '3' | Trocou '1' por '4' | Trocou '1' por '5' | Trocou '0' por '6' | Inventou '9' | Omitiu '1' | Omitiu '2' | Omitiu '3',Apto_2023-05-24_05-05-41_2023-05-24_06-10-42
EasyOCR,Chassi,cropped_3424_7a591224-6661-4563-831e-61c066d1c84d.jpg.png,9C2HA070WWR016950,CZHAOTOWORO6950ICZHANR018750,1.1764705882352942,Omitiu '9' | Trocou '2' por 'Z' | Trocou '0' por 'O' | Trocou '7' por 'T' | Trocou '0' por 'O' | Trocou 'W' por 'O' | Inventou 'O' | Inventou '6' | Inventou '9' | Inventou '5' | Inventou 'I' | Inventou 'C' | Inventou 'Z' | Inventou 'H' | Inventou 'A' | Inventou 'N' | Inventou 'R' | Inventou '0' | Trocou '6' por '8' | Trocou '9' por '7',Apto_2023-05-24_09-49-26_2023-05-24_10-21-25
PaddleOCR,Chassi,cropped_3424_7a591224-6661-4563-831e-61c066d1c84d.jpg.png,9C2HA070WWR016950,9C2HA070F8R0169509C2H007087R016950,1.1176470588235294,Inventou 'F' | Inventou '8' | Inventou 'R' | Inventou '0' | Inventou '1' | Inventou '6' | Inventou '9' | Inventou '5' | Inventou '0' | Inventou '9' | Inventou 'C' | Inventou '2' | Inventou 'H' | Inventou '0' | Inventou '0' | Inventou '7' | Inventou '0' | Trocou 'W' por '8' | Trocou 'W' por '7',Apto_2023-05-24_09-49-26_2023-05-24_10-21-25
Qwen_VL,Chassi,cropped_3424_7a591224-6661-4563-831e-61c066d1c84d.jpg.png,9C2HA070WWR016950,9C2HA070WKR016950,0.058823529411764705,Trocou 'W' por 'K',Apto_2023-05-24_09-49-26_2023-05-24_10-21-25
EasyOCR,Motor,cropped_3424_d282e8b8-73c6-48b6-8928-a4707db0ad35.jpg.png,HA07EW016950,HAOEWO16950,0.25,Trocou '0' por 'O' | Omitiu '7' | Trocou '0' por 'O',Apto_2023-05-24_09-49-26_2023-05-24_10-21-25
PaddleOCR,Motor,cropped_3424_d282e8b8-73c6-48b6-8928-a4707db0ad35.jpg.png,HA07EW016950,HAOZEW016950,0.16666666666666666,Trocou '0' por 'O' | Trocou '7' por 'Z',Apto_2023-05-24_09-49-26_2023-05-24_10-21-25
Qwen_VL,Motor,cropped_3424_d282e8b8-73c6-48b6-8928-a4707db0ad35.jpg.png,HA07EW016950,HAO7EV016450,0.25,Trocou '0' por 'O' | Trocou 'W' por 'V' | Trocou '9' por '4',Apto_2023-05-24_09-49-26_2023-05-24_10-21-25
PaddleOCR,Chassi,cropped_3433_882c8fb0-9277-4d34-94c2-8dca434303fe.jpg.png,8AJZX62G9F5011329,8AJZX6269F5011329,0.058823529411764705,Trocou 'G' por '6',Apto_2023-05-24_10-22-02_2023-05-24_11-09-53
EasyOCR,Motor,cropped_3433_f507bd86-19db-4766-ad23-df6def786a38.jpg.png,2TR8843344,842834285,0.8,Trocou '2' por '8' | Trocou 'T' por '4' | Trocou 'R' por '2' | Trocou '8' por '3' | Trocou '3' por '2' | Trocou '3' por '8' | Trocou '4' por '5' | Omitiu '4',Apto_2023-05-24_10-22-02_2023-05-24_11-09-53
PaddleOCR,Motor,cropped_3433_f507bd86-19db-4766-ad23-df6def786a38.jpg.png,2TR8843344,,1.0,Omitiu '2' | Omitiu 'T' | Omitiu 'R' | Omitiu '8' | Omitiu '8' | Omitiu '4' | Omitiu '3' | Omitiu '3' | Omitiu '4' | Omitiu '4',Apto_2023-05-24_10-22-02_2023-05-24_11-09-53
Qwen_VL,Motor,cropped_3433_f507bd86-19db-4766-ad23-df6def786a38.jpg.png,2TR8843344,88433442TR,0.6,Omitiu '2' | Omitiu 'T' | Omitiu 'R' | Inventou '2' | Inventou 'T' | Inventou 'R',Apto_2023-05-24_10-22-02_2023-05-24_11-09-53
EasyOCR,Chassi,cropped_3443_b36ad09c-3301-41ea-8342-2c783a697c47.jpg.png,9BG443NARRC032874,VEBLZHARRCO32874,0.47058823529411764,Inventou 'V' | Trocou '9' por 'E' | Trocou 'G' por 'L' | Trocou '4' por 'Z' | Trocou '4' por 'H' | Omitiu '3' | Omitiu 'N' | Trocou '0' por 'O',Apto_2023-05-24_10-56-24_2023-05-24_12-39-51
PaddleOCR,Chassi,cropped_3443_b36ad09c-3301-41ea-8342-2c783a697c47.jpg.png,9BG443NARRC032874,B6443NARRC032874,0.11764705882352941,Omitiu '9' | Trocou 'G' por '6',Apto_2023-05-24_10-56-24_2023-05-24_12-39-51
Qwen_VL,Chassi,cropped_3443_b36ad09c-3301-41ea-8342-2c783a697c47.jpg.png,9BG443NARRC032874,V8G443NARRC032874,0.11764705882352941,Trocou '9' por 'V' | Trocou 'B' por '8',Apto_2023-05-24_10-56-24_2023-05-24_12-39-51
EasyOCR,Motor,cropped_3443_fb604299-5106-4d4d-a515-e06f0162683e.jpg.png,SB8885B504171Z,SK880585041712,0.2857142857142857,Trocou 'B' por 'K' | Trocou '8' por '0' | Trocou 'B' por '8' | Trocou 'Z' por '2',Apto_2023-05-24_10-56-24_2023-05-24_12-39-51
PaddleOCR,Motor,cropped_3443_fb604299-5106-4d4d-a515-e06f0162683e.jpg.png,SB8885B504171Z,C88885B504171,0.21428571428571427,Trocou 'S' por 'C' | Trocou 'B' por '8' | Omitiu 'Z',Apto_2023-05-24_10-56-24_2023-05-24_12-39-51
Qwen_VL,Motor,cropped_3443_fb604299-5106-4d4d-a515-e06f0162683e.jpg.png,SB8885B504171Z,SB885B504171Z,0.07142857142857142,Omitiu '8',Apto_2023-05-24_10-56-24_2023-05-24_12-39-51
EasyOCR,Chassi,cropped_3457_061a315b-4fcc-44b4-9ee7-ad594670c6f2.jpg.png,9BWAB01J6A4012515,GBWABO1J6A4012515,0.11764705882352941,Trocou '9' por 'G' | Trocou '0' por 'O',Apto_2023-05-24_11-45-06_2023-05-24_12-07-49
EasyOCR,Motor,cropped_3457_435eef56-64cd-412f-84e4-b063e8fb5827.jpg.png,CCR815345,CCR81534,0.1111111111111111,Omitiu '5',Apto_2023-05-24_11-45-06_2023-05-24_12-07-49
PaddleOCR,Motor,cropped_3457_435eef56-64cd-412f-84e4-b063e8fb5827.jpg.png,CCR815345,CCR81534,0.1111111111111111,Omitiu '5',Apto_2023-05-24_11-45-06_2023-05-24_12-07-49
Qwen_VL,Motor,cropped_3457_435eef56-64cd-412f-84e4-b063e8fb5827.jpg.png,CCR815345,GAR816342,0.4444444444444444,Trocou 'C' por 'G' | Trocou 'C' por 'A' | Trocou '5' por '6' | Trocou '5' por '2',Apto_2023-05-24_11-45-06_2023-05-24_12-07-49
EasyOCR,Motor,cropped_3462_3bc317f5-9407-4db8-ba67-b73b517b2091.jpg.png,F1A007423,FLA27423,0.3333333333333333,Trocou '1' por 'L' | Trocou '0' por '2' | Omitiu '0',Apto_2023-05-24_12-13-37_2023-05-24_12-52-00
PaddleOCR,Motor,cropped_3462_3bc317f5-9407-4db8-ba67-b73b517b2091.jpg.png,F1A007423,F10007423,0.1111111111111111,Trocou 'A' por '0',Apto_2023-05-24_12-13-37_2023-05-24_12-52-00
EasyOCR,Chassi,cropped_3474_b9263950-c8e1-4966-88d3-4400907b5804.jpg.png,94BG147244R001441,94BG147244R0014412004,0.23529411764705882,Inventou '2' | Inventou '0' | Inventou '0' | Inventou '4',Apto_2023-05-24_12-51-41_2023-05-24_14-05-33
PaddleOCR,Chassi,cropped_3474_b9263950-c8e1-4966-88d3-4400907b5804.jpg.png,94BG147244R001441,94BG147244R0Q1442004,0.29411764705882354,Trocou '0' por 'Q' | Inventou '2' | Inventou '0' | Inventou '0' | Trocou '1' por '4',Apto_2023-05-24_12-51-41_2023-05-24_14-05-33
Qwen_VL,Chassi,cropped_3474_b9263950-c8e1-4966-88d3-4400907b5804.jpg.png,94BG147244R001441,94BG147244R0014412004,0.23529411764705882,Inventou '2' | Inventou '0' | Inventou '0' | Inventou '4',Apto_2023-05-24_12-51-41_2023-05-24_14-05-33
EasyOCR,Chassi,cropped_3487_ba8dabd4-db61-4bf4-b3f3-369c7a89ecef.jpg.png,9BVN0A1A0EE604920,GBVNOAVACEE3U4920,0.35294117647058826,Trocou '9' por 'G' | Trocou '0' por 'O' | Trocou '1' por 'V' | Trocou '0' por 'C' | Trocou '6' por '3' | Trocou '0' por 'U',Apto_2023-05-25_03-55-41_2023-05-25_09-49-50
PaddleOCR,Chassi,cropped_3487_ba8dabd4-db61-4bf4-b3f3-369c7a89ecef.jpg.png,9BVN0A1A0EE604920,93VNOAVACPFO04920,0.4117647058823529,Trocou 'B' por '3' | Trocou '0' por 'O' | Trocou '1' por 'V' | Trocou '0' por 'C' | Trocou 'E' por 'P' | Trocou 'E' por 'F' | Trocou '6' por 'O',Apto_2023-05-25_03-55-41_2023-05-25_09-49-50
Qwen_VL,Chassi,cropped_3487_ba8dabd4-db61-4bf4-b3f3-369c7a89ecef.jpg.png,9BVN0A1A0EE604920,9BV40A1A0EE004920,0.11764705882352941,Trocou 'N' por '4' | Trocou '6' por '0',Apto_2023-05-25_03-55-41_2023-05-25_09-49-50
EasyOCR,Motor,cropped_3487_f4269dbe-c0a0-44ba-b7d7-a4f7b9214f64.jpg.png,TD101G113501591,T0101611350159,0.2,Trocou 'D' por '0' | Trocou 'G' por '6' | Omitiu '1',Apto_2023-05-25_03-55-41_2023-05-25_09-49-50
PaddleOCR,Motor,cropped_3487_f4269dbe-c0a0-44ba-b7d7-a4f7b9214f64.jpg.png,TD101G113501591,D10G0159,0.4666666666666667,Omitiu 'T' | Omitiu '1' | Omitiu '1' | Omitiu '1' | Omitiu '3' | Omitiu '5' | Omitiu '1',Apto_2023-05-25_03-55-41_2023-05-25_09-49-50
EasyOCR,Chassi,cropped_3515_4613ef51-3a6c-4247-b255-419b9ade050c.jpg.png,94BL0262LLR005219,9L8L0262L4R40S2192020,0.5294117647058824,Trocou '4' por 'L' | Trocou 'B' por '8' | Trocou 'L' por '4' | Trocou '0' por '4' | Trocou '5' por 'S' | Inventou '2' | Inventou '0' | Inventou '2' | Inventou '0',Apto_2023-05-25_05-24-17_2023-05-25_09-44-35
PaddleOCR,Chassi,cropped_3515_4613ef51-3a6c-4247-b255-419b9ade050c.jpg.png,94BL0262LLR005219,948L0262LLR0052192020,0.29411764705882354,Trocou 'B' por '8' | Inventou '2' | Inventou '0' | Inventou '2' | Inventou '0',Apto_2023-05-25_05-24-17_2023-05-25_09-44-35
Qwen_VL,Chassi,cropped_3515_4613ef51-3a6c-4247-b255-419b9ade050c.jpg.png,94BL0262LLR005219,94BL0262LLR0052192020,0.23529411764705882,Inventou '2' | Inventou '0' | Inventou '2' | Inventou '0',Apto_2023-05-25_05-24-17_2023-05-25_09-44-35
EasyOCR,Chassi,cropped_3528_0f4a83c8-4dfe-43b5-9dd2-d0773c0195cf.jpg.png,9BFFF25LXYD027188,9BFFF2ULXYN07188,0.17647058823529413,Trocou '5' por 'U' | Trocou 'D' por 'N' | Omitiu '2',Apto_2023-05-25_06-32-32_2023-05-25_09-33-27
PaddleOCR,Chassi,cropped_3528_0f4a83c8-4dfe-43b5-9dd2-d0773c0195cf.jpg.png,9BFFF25LXYD027188,9BFFF25LXYD07188,0.058823529411764705,Omitiu '2',Apto_2023-05-25_06-32-32_2023-05-25_09-33-27
Qwen_VL,Chassi,cropped_3528_0f4a83c8-4dfe-43b5-9dd2-d0773c0195cf.jpg.png,9BFFF25LXYD027188,9BFF25LXYD027188,0.058823529411764705,Omitiu 'F',Apto_2023-05-25_06-32-32_2023-05-25_09-33-27
EasyOCR,Motor,cropped_3528_f941fa55-21c6-4967-a53f-2498a55fc597.jpg.png,00000362145,00000362,0.2727272727272727,Omitiu '1' | Omitiu '4' | Omitiu '5',Apto_2023-05-25_06-32-32_2023-05-25_09-33-27
Qwen_VL,Motor,cropped_3528_f941fa55-21c6-4967-a53f-2498a55fc597.jpg.png,00000362145,00000362745,0.09090909090909091,Trocou '1' por '7',Apto_2023-05-25_06-32-32_2023-05-25_09-33-27
EasyOCR,Chassi,cropped_3538_8e4cd15f-b954-4852-9ff9-34958deecedc.jpg.png,34504512664274,34566427404542,0.7142857142857143,Inventou '6' | Trocou '0' por '6' | Inventou '2' | Trocou '5' por '7' | Trocou '1' por '4' | Trocou '2' por '0' | Trocou '6' por '4' | Trocou '6' por '5' | Omitiu '7' | Omitiu '4',Apto_2023-05-25_07-32-41_2023-05-25_10-22-07
EasyOCR,Motor,cropped_3538_23c01041-e37e-4066-ae7c-327dc56106de.jpg.png,34591510071938,OM356534521510071938,0.5,Inventou 'O' | Inventou 'M' | Inventou '5' | Inventou '6' | Inventou '5' | Inventou '3' | Trocou '9' por '2',Apto_2023-05-25_07-32-41_2023-05-25_10-22-07
PaddleOCR,Motor,cropped_3538_23c01041-e37e-4066-ae7c-327dc56106de.jpg.png,34591510071938,0M35554591510071938,0.35714285714285715,Inventou '0' | Inventou 'M' | Inventou '5' | Inventou '5' | Inventou '5',Apto_2023-05-25_07-32-41_2023-05-25_10-22-07
Qwen_VL,Motor,cropped_3538_23c01041-e37e-4066-ae7c-327dc56106de.jpg.png,34591510071938,0M355564591510071938,0.42857142857142855,Inventou '0' | Inventou 'M' | Inventou '5' | Inventou '5' | Inventou '5' | Inventou '6',Apto_2023-05-25_07-32-41_2023-05-25_10-22-07
EasyOCR,Chassi,cropped_3561_9fdd1a49-e16b-421c-9c67-f941da7e85f1.jpg.png,93ZE2HMH0D8923537,P3ZE2HNH0D8923537,0.11764705882352941,Trocou '9' por 'P' | Trocou 'M' por 'N',Apto_2023-05-25_10-02-32_2023-05-26_03-17-42
EasyOCR,Motor,cropped_3561_95883cbc-92ab-4138-99ee-a3294249a6f6.jpg.png,F4AEE681F6061844,F4AEE63IF50618,0.3125,Trocou '8' por '3' | Trocou '1' por 'I' | Trocou '6' por '5' | Omitiu '4' | Omitiu '4',Apto_2023-05-25_10-02-32_2023-05-26_03-17-42
PaddleOCR,Motor,cropped_3561_95883cbc-92ab-4138-99ee-a3294249a6f6.jpg.png,F4AEE681F6061844,,1.0,Omitiu 'F' | Omitiu '4' | Omitiu 'A' | Omitiu 'E' | Omitiu 'E' | Omitiu '6' | Omitiu '8' | Omitiu '1' | Omitiu 'F' | Omitiu '6' | Omitiu '0' | Omitiu '6' | Omitiu '1' | Omitiu '8' | Omitiu '4' | Omitiu '4',Apto_2023-05-25_10-02-32_2023-05-26_03-17-42
Qwen_VL,Motor,cropped_3561_95883cbc-92ab-4138-99ee-a3294249a6f6.jpg.png,F4AEE681F6061844,E4AEB81F6061844,0.1875,Trocou 'F' por 'E' | Trocou 'E' por 'B' | Omitiu '6',Apto_2023-05-25_10-02-32_2023-05-26_03-17-42
EasyOCR,Chassi,cropped_3570_d2def2a4-0c24-442e-9893-e85cd1143363.jpg.png,9BHBG51DAEP152971,9BHIBGSIDAEP15297,0.23529411764705882,Inventou 'I' | Trocou '5' por 'S' | Trocou '1' por 'I' | Omitiu '1',Apto_2023-05-25_10-36-52_2023-05-25_12-06-25
PaddleOCR,Chassi,cropped_3570_d2def2a4-0c24-442e-9893-e85cd1143363.jpg.png,9BHBG51DAEP152971,9B1BC51DAEP152971,0.11764705882352941,Trocou 'H' por '1' | Trocou 'G' por 'C',Apto_2023-05-25_10-36-52_2023-05-25_12-06-25
Qwen_VL,Chassi,cropped_3570_d2def2a4-0c24-442e-9893-e85cd1143363.jpg.png,9BHBG51DAEP152971,9BHBC51DAEP152971,0.058823529411764705,Trocou 'G' por 'C',Apto_2023-05-25_10-36-52_2023-05-25_12-06-25
EasyOCR,Motor,cropped_3570_63a7de4f-40d2-466f-a681-22bf954c88dc.jpg.png,F4FADU099479,FAFA9476,0.5,Trocou '4' por 'A' | Omitiu 'D' | Omitiu 'U' | Omitiu '0' | Omitiu '9' | Trocou '9' por '6',Apto_2023-05-25_10-36-52_2023-05-25_12-06-25
PaddleOCR,Motor,cropped_3570_63a7de4f-40d2-466f-a681-22bf954c88dc.jpg.png,F4FADU099479,,1.0,Omitiu 'F' | Omitiu '4' | Omitiu 'F' | Omitiu 'A' | Omitiu 'D' | Omitiu 'U' | Omitiu '0' | Omitiu '9' | Omitiu '9' | Omitiu '4' | Omitiu '7' | Omitiu '9',Apto_2023-05-25_10-36-52_2023-05-25_12-06-25
Qwen_VL,Motor,cropped_3570_63a7de4f-40d2-466f-a681-22bf954c88dc.jpg.png,F4FADU099479,F4FADUNG9479,0.16666666666666666,Trocou '0' por 'N' | Trocou '9' por 'G',Apto_2023-05-25_10-36-52_2023-05-25_12-06-25
EasyOCR,Chassi,cropped_3619_48dda703-6645-4d81-92f9-8e7f5737f5bd.jpg.png,9ADB0902CDM362472,DADBO9OZCDM3624722012,0.47058823529411764,Trocou '9' por 'D' | Trocou '0' por 'O' | Trocou '0' por 'O' | Trocou '2' por 'Z' | Inventou '2' | Inventou '2' | Inventou '0' | Inventou '1',Apto_2023-05-26_04-44-18_2023-05-26_05-49-49
PaddleOCR,Chassi,cropped_3619_48dda703-6645-4d81-92f9-8e7f5737f5bd.jpg.png,9ADB0902CDM362472,9ADB0902CDM362472X2012X,0.35294117647058826,Inventou 'X' | Inventou '2' | Inventou '0' | Inventou '1' | Inventou '2' | Inventou 'X',Apto_2023-05-26_04-44-18_2023-05-26_05-49-49
Qwen_VL,Chassi,cropped_3619_48dda703-6645-4d81-92f9-8e7f5737f5bd.jpg.png,9ADB0902CDM362472,9ADB0902CDM3624722012,0.23529411764705882,Inventou '2' | Inventou '0' | Inventou '1' | Inventou '2',Apto_2023-05-26_04-44-18_2023-05-26_05-49-49
EasyOCR,Chassi,cropped_3726_86d58ba2-7221-4fd3-a923-1bfd44fbf0fa.jpg.png,9ADB0902CDM362472,9A0BO902C0M3624722012,0.4117647058823529,Trocou 'D' por '0' | Trocou '0' por 'O' | Trocou 'D' por '0' | Inventou '2' | Inventou '2' | Inventou '0' | Inventou '1',Apto_2023-05-26_12-20-37_2023-05-29_06-13-19
PaddleOCR,Chassi,cropped_3726_86d58ba2-7221-4fd3-a923-1bfd44fbf0fa.jpg.png,9ADB0902CDM362472,9ADB0902CDM362472K2012X,0.35294117647058826,Inventou 'K' | Inventou '2' | Inventou '0' | Inventou '1' | Inventou '2' | Inventou 'X',Apto_2023-05-26_12-20-37_2023-05-29_06-13-19
Qwen_VL,Chassi,cropped_3726_86d58ba2-7221-4fd3-a923-1bfd44fbf0fa.jpg.png,9ADB0902CDM362472,9ADB0902CDM3624722012,0.23529411764705882,Inventou '2' | Inventou '0' | Inventou '1' | Inventou '2',Apto_2023-05-26_12-20-37_2023-05-29_06-13-19
EasyOCR,Chassi,cropped_3731_6f5ff13a-d461-4c82-a8be-02f5cf1a6f0c.jpg.png,30830212009136,3U890212009136REM,0.35714285714285715,Trocou '0' por 'U' | Trocou '3' por '9' | Inventou 'R' | Inventou 'E' | Inventou 'M',Apto_2023-05-26_12-44-51_2023-05-26_13-49-40
PaddleOCR,Chassi,cropped_3731_6f5ff13a-d461-4c82-a8be-02f5cf1a6f0c.jpg.png,30830212009136,30830212009136REM,0.21428571428571427,Inventou 'R' | Inventou 'E' | Inventou 'M',Apto_2023-05-26_12-44-51_2023-05-26_13-49-40
EasyOCR,Motor,cropped_3731_5a604f9b-f355-4c97-91e7-6601f9bbbdba.jpg.png,34393210009333,0M3134393210009333,0.2857142857142857,Inventou '0' | Inventou 'M' | Inventou '3' | Inventou '1',Apto_2023-05-26_12-44-51_2023-05-26_13-49-40
PaddleOCR,Motor,cropped_3731_5a604f9b-f355-4c97-91e7-6601f9bbbdba.jpg.png,34393210009333,0M31434393210009333,0.35714285714285715,Inventou '0' | Inventou 'M' | Inventou '3' | Inventou '1' | Inventou '4',Apto_2023-05-26_12-44-51_2023-05-26_13-49-40
Qwen_VL,Motor,cropped_3731_5a604f9b-f355-4c97-91e7-6601f9bbbdba.jpg.png,34393210009333,0M31434393210009333,0.35714285714285715,Inventou '0' | Inventou 'M' | Inventou '3' | Inventou '1' | Inventou '4',Apto_2023-05-26_12-44-51_2023-05-26_13-49-40
EasyOCR,Chassi,cropped_3737_73520181-4d8a-4642-bbf1-7870005aa36e.jpg.png,98861110XJK163295,88861110X163295,0.17647058823529413,Trocou '9' por '8' | Omitiu 'J' | Omitiu 'K',Apto_2023-05-26_13-04-03_2023-05-26_13-42-01
PaddleOCR,Chassi,cropped_3737_73520181-4d8a-4642-bbf1-7870005aa36e.jpg.png,98861110XJK163295,18861110XK163295,0.11764705882352941,Trocou '9' por '1' | Omitiu 'J',Apto_2023-05-26_13-04-03_2023-05-26_13-42-01
Qwen_VL,Chassi,cropped_3737_73520181-4d8a-4642-bbf1-7870005aa36e.jpg.png,98861110XJK163295,38861110XK163295,0.11764705882352941,Trocou '9' por '3' | Omitiu 'J',Apto_2023-05-26_13-04-03_2023-05-26_13-42-01
PaddleOCR,Motor,cropped_3737_cd47c7f0-cf40-4389-8f74-3784b04f6566.jpg.png,552771353257909,552271353257909,0.06666666666666667,Trocou '7' por '2',Apto_2023-05-26_13-04-03_2023-05-26_13-42-01
Qwen_VL,Motor,cropped_3737_cd47c7f0-cf40-4389-8f74-3784b04f6566.jpg.png,552771353257909,272135257929,0.3333333333333333,Omitiu '5' | Omitiu '5' | Trocou '7' por '2' | Omitiu '3' | Trocou '0' por '2',Apto_2023-05-26_13-04-03_2023-05-26_13-42-01
EasyOCR,Chassi,cropped_3769_b044a697-1c88-462c-9dc7-27f8a32733f9.jpg.png,9BD17141322113028,1BD744322443028,0.35294117647058826,Trocou '9' por '1' | Omitiu '1' | Trocou '1' por '4' | Omitiu '1' | Trocou '1' por '4' | Trocou '1' por '4',Apto_2023-05-29_03-46-52_2023-05-29_05-17-11
PaddleOCR,Chassi,cropped_3769_b044a697-1c88-462c-9dc7-27f8a32733f9.jpg.png,9BD17141322113028,38017141322113028,0.17647058823529413,Trocou '9' por '3' | Trocou 'B' por '8' | Trocou 'D' por '0',Apto_2023-05-29_03-46-52_2023-05-29_05-17-11
Qwen_VL,Chassi,cropped_3769_b044a697-1c88-462c-9dc7-27f8a32733f9.jpg.png,9BD17141322113028,9BD17141322143020,0.11764705882352941,Trocou '1' por '4' | Trocou '8' por '0',Apto_2023-05-29_03-46-52_2023-05-29_05-17-11
EasyOCR,Motor,cropped_3769_fae4431e-230a-438d-9074-0bdf82a789ab.jpg.png,5182961,178060616296,1.2857142857142858,Inventou '1' | Inventou '7' | Inventou '8' | Inventou '0' | Inventou '6' | Inventou '0' | Trocou '5' por '6' | Trocou '8' por '6' | Omitiu '1',Apto_2023-05-29_03-46-52_2023-05-29_05-17-11
PaddleOCR,Motor,cropped_3769_fae4431e-230a-438d-9074-0bdf82a789ab.jpg.png,5182961,06060110192961,1.2857142857142858,Inventou '0' | Inventou '6' | Inventou '0' | Inventou '6' | Trocou '5' por '0' | Inventou '1' | Inventou '0' | Inventou '1' | Trocou '8' por '9',Apto_2023-05-29_03-46-52_2023-05-29_05-17-11
EasyOCR,Chassi,cropped_3802_6b8cb7af-5e26-44cc-bbcb-fdb78caaeb7f.jpg.png,9BD37417DH5095479,9R03741708455095479,0.35294117647058826,Trocou 'B' por 'R' | Trocou 'D' por '0' | Inventou '0' | Inventou '8' | Trocou 'D' por '4' | Trocou 'H' por '5',Apto_2023-05-29_06-24-57_2023-05-29_06-51-59
PaddleOCR,Chassi,cropped_3802_6b8cb7af-5e26-44cc-bbcb-fdb78caaeb7f.jpg.png,9BD37417DH5095479,98D37417015095479,0.17647058823529413,Trocou 'B' por '8' | Trocou 'D' por '0' | Trocou 'H' por '1',Apto_2023-05-29_06-24-57_2023-05-29_06-51-59
EasyOCR,Motor,cropped_3802_1006b491-4d5f-46ab-98a6-a522bd98f049.jpg.png,370A00113077557,57DA00113072557,0.2,Trocou '3' por '5' | Trocou '0' por 'D' | Trocou '7' por '2',Apto_2023-05-29_06-24-57_2023-05-29_06-51-59
PaddleOCR,Motor,cropped_3802_1006b491-4d5f-46ab-98a6-a522bd98f049.jpg.png,370A00113077557,70A001,0.6,Omitiu '3' | Omitiu '1' | Omitiu '3' | Omitiu '0' | Omitiu '7' | Omitiu '7' | Omitiu '5' | Omitiu '5' | Omitiu '7',Apto_2023-05-29_06-24-57_2023-05-29_06-51-59
Qwen_VL,Motor,cropped_3802_1006b491-4d5f-46ab-98a6-a522bd98f049.jpg.png,370A00113077557,372A00113077557,0.06666666666666667,Trocou '0' por '2',Apto_2023-05-29_06-24-57_2023-05-29_06-51-59
PaddleOCR,Chassi,cropped_3845_0ed7fffd-6406-4077-80ec-850a8e00ce25.jpg.png,8AJBA3CD2H1590549,8A3BA3CD2H1590549,0.058823529411764705,Trocou 'J' por '3',Apto_2023-05-29_09-49-15_2023-05-29_10-24-49
EasyOCR,Motor,cropped_3845_bf95731a-fdc8-430b-bf89-4f9d291f98f4.jpg.png,1GDG015495,1GD66015495,0.2,Inventou '6' | Trocou 'G' por '6',Apto_2023-05-29_09-49-15_2023-05-29_10-24-49
PaddleOCR,Motor,cropped_3845_bf95731a-fdc8-430b-bf89-4f9d291f98f4.jpg.png,1GDG015495,1GD6015495,0.1,Trocou 'G' por '6',Apto_2023-05-29_09-49-15_2023-05-29_10-24-49
EasyOCR,Chassi,cropped_3846_c4eeab1a-533f-4eb4-9f75-2f6639e88aaa.jpg.png,9BFZZZ4ZSB721130,9BF2Z25425072112,0.5,Inventou '2' | Trocou 'Z' por '2' | Trocou 'Z' por '5' | Trocou 'Z' por '2' | Trocou 'S' por '5' | Trocou 'B' por '0' | Trocou '3' por '2' | Omitiu '0',Apto_2023-05-29_09-53-36_2023-05-29_11-51-35
PaddleOCR,Chassi,cropped_3846_c4eeab1a-533f-4eb4-9f75-2f6639e88aaa.jpg.png,9BFZZZ4ZSB721130,9377754796721130,0.5,Trocou 'B' por '3' | Trocou 'F' por '7' | Trocou 'Z' por '7' | Trocou 'Z' por '7' | Trocou 'Z' por '5' | Trocou 'Z' por '7' | Trocou 'S' por '9' | Trocou 'B' por '6',Apto_2023-05-29_09-53-36_2023-05-29_11-51-35
Qwen_VL,Chassi,cropped_3846_c4eeab1a-533f-4eb4-9f75-2f6639e88aaa.jpg.png,9BFZZZ4ZSB721130,9BFZZ54ZS1721130,0.125,Trocou 'Z' por '5' | Trocou 'B' por '1',Apto_2023-05-29_09-53-36_2023-05-29_11-51-35
EasyOCR,Motor,cropped_3846_19cadca0-c44a-4a3f-b984-6617a756d69e.jpg.png,USG065328,065328,0.3333333333333333,Omitiu 'U' | Omitiu 'S' | Omitiu 'G',Apto_2023-05-29_09-53-36_2023-05-29_11-51-35
PaddleOCR,Motor,cropped_3846_19cadca0-c44a-4a3f-b984-6617a756d69e.jpg.png,USG065328,166537,0.6666666666666666,Trocou 'U' por '1' | Trocou 'S' por '6' | Omitiu 'G' | Omitiu '0' | Trocou '2' por '7' | Omitiu '8',Apto_2023-05-29_09-53-36_2023-05-29_11-51-35
Qwen_VL,Motor,cropped_3846_19cadca0-c44a-4a3f-b984-6617a756d69e.jpg.png,USG065328,USC065318,0.2222222222222222,Trocou 'G' por 'C' | Trocou '2' por '1',Apto_2023-05-29_09-53-36_2023-05-29_11-51-35
EasyOCR,Chassi,cropped_3872_a420c8ec-c7a2-4090-8f70-edbbcc2eedc6.jpg.png,9BHBG41DAGP623974,984BG4DAGP62390,0.29411764705882354,Trocou 'B' por '8' | Trocou 'H' por '4' | Omitiu '1' | Trocou '7' por '0' | Omitiu '4',Apto_2023-05-29_11-34-00_2023-05-29_12-09-17
PaddleOCR,Chassi,cropped_3872_a420c8ec-c7a2-4090-8f70-edbbcc2eedc6.jpg.png,9BHBG41DAGP623974,9BHBG41DAGP52397,0.11764705882352941,Trocou '6' por '5' | Omitiu '4',Apto_2023-05-29_11-34-00_2023-05-29_12-09-17
EasyOCR,Motor,cropped_3872_02f401e7-f62f-4676-a293-80dce3bc7a65.jpg.png,F4FAGU144717,FAFA44717,0.3333333333333333,Trocou '4' por 'A' | Omitiu 'G' | Omitiu 'U' | Omitiu '1',Apto_2023-05-29_11-34-00_2023-05-29_12-09-17
PaddleOCR,Motor,cropped_3872_02f401e7-f62f-4676-a293-80dce3bc7a65.jpg.png,F4FAGU144717,F4FA924717,0.3333333333333333,Trocou 'G' por '9' | Trocou 'U' por '2' | Omitiu '1' | Omitiu '4',Apto_2023-05-29_11-34-00_2023-05-29_12-09-17
Qwen_VL,Motor,cropped_3872_02f401e7-f62f-4676-a293-80dce3bc7a65.jpg.png,F4FAGU144717,F4FA9114717,0.25,Trocou 'G' por '9' | Trocou 'U' por '1' | Omitiu '4',Apto_2023-05-29_11-34-00_2023-05-29_12-09-17
EasyOCR,Chassi,cropped_3915_e83c88e8-da8b-4b02-b5f7-97e7222bffbd.jpg.png,9BRK3AAG0R0095957,9BPKZAACORO0959C,0.4117647058823529,Trocou 'R' por 'P' | Trocou '3' por 'Z' | Trocou 'G' por 'C' | Trocou '0' por 'O' | Trocou '0' por 'O' | Trocou '5' por 'C' | Omitiu '7',Apto_2023-05-30_04-27-06_2023-05-30_06-56-56
PaddleOCR,Chassi,cropped_3915_e83c88e8-da8b-4b02-b5f7-97e7222bffbd.jpg.png,9BRK3AAG0R0095957,DBRKZAAGOROOODOD,0.5882352941176471,Trocou '9' por 'D' | Trocou '3' por 'Z' | Trocou '0' por 'O' | Trocou '0' por 'O' | Trocou '0' por 'O' | Trocou '9' por 'O' | Trocou '5' por 'D' | Trocou '9' por 'O' | Trocou '5' por 'D' | Omitiu '7',Apto_2023-05-30_04-27-06_2023-05-30_06-56-56
Qwen_VL,Chassi,cropped_3915_e83c88e8-da8b-4b02-b5f7-97e7222bffbd.jpg.png,9BRK3AAG0R0095957,9BRK3AAGOR0095957,0.058823529411764705,Trocou '0' por 'O',Apto_2023-05-30_04-27-06_2023-05-30_06-56-56
EasyOCR,Motor,cropped_3915_b4f1b383-ab1a-47b6-b1b7-0dcbfd54a699.jpg.png,AC53961,AC53967020A,0.7142857142857143,Inventou '7' | Inventou '0' | Inventou '2' | Inventou '0' | Trocou '1' por 'A',Apto_2023-05-30_04-27-06_2023-05-30_06-56-56
PaddleOCR,Motor,cropped_3915_b4f1b383-ab1a-47b6-b1b7-0dcbfd54a699.jpg.png,AC53961,AC53967M20A,0.7142857142857143,Inventou '7' | Inventou 'M' | Inventou '2' | Inventou '0' | Trocou '1' por 'A',Apto_2023-05-30_04-27-06_2023-05-30_06-56-56
Qwen_VL,Motor,cropped_3915_b4f1b383-ab1a-47b6-b1b7-0dcbfd54a699.jpg.png,AC53961,AC53961M20A,0.5714285714285714,Inventou 'M' | Inventou '2' | Inventou '0' | Inventou 'A',Apto_2023-05-30_04-27-06_2023-05-30_06-56-56
